<?xml version="1.0" encoding="UTF-8"?>

<!-- generated on 2025-08-18 17:10:14 by Eclipse SUMO GUI Version 1.16.0
<configuration xmlns:xsi="http://www.w3.org/2001/XMLSchema-instance" xsi:noNamespaceSchemaLocation="http://sumo.dlr.de/xsd/sumoConfiguration.xsd">

    <input>
        <net-file value="E:\txw\sumo-rl\nets\syc\1x1\Eq_350_BC_Wstr_Estr-Wleft_Eleft\Eq_140_40-60-20-80-Bus-Car\syc_4phases.net.xml"/>
        <route-files value="E:\txw\sumo-rl\nets\syc\1x1\Eq_350_BC_Wstr_Estr-Wleft_Eleft\Eq_140_40-60-20-80-Bus-Car\Eq_140_40-60-20-80-Bus-Car.rou.xml"/>
        <additional-files value="E:\txw\sumo-rl\nets\syc\1x1\Eq_350_BC_Wstr_Estr-Wleft_Eleft\Eq_140_40-60-20-80-Bus-Car\1x1_outputs.add.xml"/>
    </input>

    <output>
        <fcd-output value="E:\txw\sumo-rl\nets\syc\1x1\Eq_350_BC_Wstr_Estr-Wleft_Eleft\Eq_140_40-60-20-80-Bus-Car\output/fcd_output.xml"/>
        <tripinfo-output value="E:\txw\sumo-rl\nets\syc\1x1\Eq_350_BC_Wstr_Estr-Wleft_Eleft\Eq_140_40-60-20-80-Bus-Car\output/tripinfo.out.xml"/>
    </output>

    <time>
        <begin value="0"/>
        <end value="1000"/>
    </time>

</configuration>
-->

<meandata xmlns:xsi="http://www.w3.org/2001/XMLSchema-instance" xsi:noNamespaceSchemaLocation="http://sumo.dlr.de/xsd/meandata_file.xsd">
    <interval begin="0.00" end="10.00" id="1">
        <edge id="e_t" sampledSeconds="19.00" traveltime="26.42" overlapTraveltime="27.13" density="10.19" laneDensity="3.40" occupancy="1.70" waitingTime="0.00" timeLoss="9.45" speed="7.06" speedRelative="0.51" departed="4" arrived="0" entered="0" left="0" laneChangedFrom="3" laneChangedTo="3"/>
        <edge id="n_t" sampledSeconds="18.00" traveltime="24.82" overlapTraveltime="25.49" density="9.66" laneDensity="3.22" occupancy="1.61" waitingTime="0.00" timeLoss="8.90" speed="7.51" speedRelative="0.54" departed="3" arrived="0" entered="0" left="0" laneChangedFrom="3" laneChangedTo="3"/>
        <edge id="s_t" sampledSeconds="19.00" traveltime="25.01" overlapTraveltime="25.69" density="10.19" laneDensity="3.40" occupancy="1.70" waitingTime="0.00" timeLoss="9.17" speed="7.45" speedRelative="0.54" departed="3" arrived="0" entered="0" left="0" laneChangedFrom="3" laneChangedTo="3"/>
        <edge id="t_e" sampledSeconds="0.00" departed="0" arrived="0" entered="0" left="0" laneChangedFrom="0" laneChangedTo="0"/>
        <edge id="t_n" sampledSeconds="0.00" departed="0" arrived="0" entered="0" left="0" laneChangedFrom="0" laneChangedTo="0"/>
        <edge id="t_s" sampledSeconds="0.00" departed="0" arrived="0" entered="0" left="0" laneChangedFrom="0" laneChangedTo="0"/>
        <edge id="t_w" sampledSeconds="0.00" departed="0" arrived="0" entered="0" left="0" laneChangedFrom="0" laneChangedTo="0"/>
        <edge id="w_t" sampledSeconds="19.00" traveltime="26.01" overlapTraveltime="26.71" density="10.19" laneDensity="3.40" occupancy="1.70" waitingTime="0.00" timeLoss="9.50" speed="7.17" speedRelative="0.52" departed="4" arrived="0" entered="0" left="0" laneChangedFrom="3" laneChangedTo="3"/>
    </interval>
    <interval begin="10.00" end="20.00" id="1">
        <edge id="e_t" sampledSeconds="45.90" traveltime="16.68" overlapTraveltime="17.10" density="24.62" laneDensity="8.21" occupancy="4.09" waitingTime="0.00" timeLoss="7.43" speed="11.19" speedRelative="0.81" departed="1" arrived="0" entered="0" left="1" laneChangedFrom="3" laneChangedTo="3"/>
        <edge id="n_t" sampledSeconds="30.00" traveltime="15.94" overlapTraveltime="16.36" density="16.09" laneDensity="5.36" occupancy="2.68" waitingTime="1.00" timeLoss="5.66" speed="11.70" speedRelative="0.84" departed="0" arrived="0" entered="0" left="0" laneChangedFrom="0" laneChangedTo="0"/>
        <edge id="s_t" sampledSeconds="30.00" traveltime="15.85" overlapTraveltime="16.27" density="16.09" laneDensity="5.36" occupancy="2.68" waitingTime="0.00" timeLoss="5.19" speed="11.76" speedRelative="0.85" departed="0" arrived="0" entered="0" left="0" laneChangedFrom="0" laneChangedTo="0"/>
        <edge id="t_e" sampledSeconds="0.60" traveltime="14.42" overlapTraveltime="14.81" density="0.32" laneDensity="0.11" occupancy="0.04" waitingTime="0.00" timeLoss="0.05" speed="12.93" speedRelative="0.93" departed="0" arrived="0" entered="1" left="0" laneChangedFrom="0" laneChangedTo="0"/>
        <edge id="t_n" sampledSeconds="0.00" departed="0" arrived="0" entered="0" left="0" laneChangedFrom="0" laneChangedTo="0"/>
        <edge id="t_s" sampledSeconds="0.00" departed="0" arrived="0" entered="0" left="0" laneChangedFrom="0" laneChangedTo="0"/>
        <edge id="t_w" sampledSeconds="0.53" traveltime="13.24" overlapTraveltime="13.60" density="0.28" laneDensity="0.09" occupancy="0.03" waitingTime="0.00" timeLoss="0.02" speed="14.08" speedRelative="1.01" departed="0" arrived="0" entered="1" left="0" laneChangedFrom="0" laneChangedTo="0"/>
        <edge id="w_t" sampledSeconds="46.73" traveltime="16.09" overlapTraveltime="16.50" density="25.07" laneDensity="8.36" occupancy="4.16" waitingTime="0.00" timeLoss="7.21" speed="11.60" speedRelative="0.84" departed="1" arrived="0" entered="0" left="2" laneChangedFrom="3" laneChangedTo="3"/>
    </interval>
    <interval begin="20.00" end="30.00" id="1">
        <edge id="e_t" sampledSeconds="34.43" traveltime="23.29" overlapTraveltime="23.84" density="18.47" laneDensity="6.16" occupancy="3.05" waitingTime="4.00" timeLoss="12.09" speed="8.03" speedRelative="0.58" departed="1" arrived="0" entered="0" left="2" laneChangedFrom="0" laneChangedTo="0"/>
        <edge id="n_t" sampledSeconds="27.98" traveltime="78.27" overlapTraveltime="77.17" density="15.01" laneDensity="5.00" occupancy="2.46" waitingTime="17.00" timeLoss="22.51" speed="2.48" speedRelative="0.18" departed="2" arrived="0" entered="0" left="1" laneChangedFrom="0" laneChangedTo="0"/>
        <edge id="s_t" sampledSeconds="28.05" traveltime="86.64" overlapTraveltime="84.84" density="15.05" laneDensity="5.02" occupancy="2.47" waitingTime="17.00" timeLoss="22.88" speed="2.26" speedRelative="0.16" departed="2" arrived="0" entered="0" left="1" laneChangedFrom="0" laneChangedTo="0"/>
        <edge id="t_e" sampledSeconds="22.33" traveltime="14.14" overlapTraveltime="14.51" density="11.98" laneDensity="3.99" occupancy="1.95" waitingTime="0.00" timeLoss="1.63" speed="13.19" speedRelative="0.95" departed="0" arrived="0" entered="2" left="0" laneChangedFrom="0" laneChangedTo="0"/>
        <edge id="t_n" sampledSeconds="0.00" departed="0" arrived="0" entered="0" left="0" laneChangedFrom="0" laneChangedTo="0"/>
        <edge id="t_s" sampledSeconds="0.00" departed="0" arrived="0" entered="0" left="0" laneChangedFrom="0" laneChangedTo="0"/>
        <edge id="t_w" sampledSeconds="21.08" traveltime="14.90" overlapTraveltime="15.30" density="11.31" laneDensity="3.77" occupancy="1.83" waitingTime="0.00" timeLoss="2.25" speed="12.51" speedRelative="0.90" departed="0" arrived="0" entered="2" left="0" laneChangedFrom="0" laneChangedTo="0"/>
        <edge id="w_t" sampledSeconds="33.32" traveltime="26.12" overlapTraveltime="26.56" density="17.87" laneDensity="5.96" occupancy="2.96" waitingTime="7.00" timeLoss="14.12" speed="7.21" speedRelative="0.52" departed="1" arrived="0" entered="0" left="0" laneChangedFrom="0" laneChangedTo="0"/>
    </interval>
    <interval begin="30.00" end="40.00" id="1">
        <edge id="e_t" sampledSeconds="36.37" traveltime="40.97" overlapTraveltime="42.61" density="19.51" laneDensity="6.50" occupancy="3.18" waitingTime="17.00" timeLoss="22.53" speed="4.49" speedRelative="0.32" departed="1" arrived="0" entered="0" left="1" laneChangedFrom="2" laneChangedTo="2"/>
        <edge id="n_t" sampledSeconds="47.00" traveltime="34.61" overlapTraveltime="35.53" density="25.21" laneDensity="8.40" occupancy="4.20" waitingTime="20.00" timeLoss="28.22" speed="5.39" speedRelative="0.39" departed="1" arrived="0" entered="0" left="0" laneChangedFrom="3" laneChangedTo="3"/>
        <edge id="s_t" sampledSeconds="48.00" traveltime="31.38" overlapTraveltime="32.22" density="25.75" laneDensity="8.58" occupancy="4.29" waitingTime="20.00" timeLoss="28.25" speed="5.94" speedRelative="0.43" departed="1" arrived="0" entered="0" left="0" laneChangedFrom="3" laneChangedTo="3"/>
        <edge id="t_e" sampledSeconds="19.04" traveltime="14.67" overlapTraveltime="15.01" density="10.21" laneDensity="3.40" occupancy="1.67" waitingTime="0.00" timeLoss="1.33" speed="12.75" speedRelative="0.92" departed="0" arrived="2" entered="0" left="0" laneChangedFrom="0" laneChangedTo="0"/>
        <edge id="t_n" sampledSeconds="8.93" traveltime="17.50" overlapTraveltime="17.97" density="4.79" laneDensity="1.60" occupancy="0.75" waitingTime="0.00" timeLoss="1.63" speed="10.65" speedRelative="0.77" departed="0" arrived="0" entered="1" left="0" laneChangedFrom="0" laneChangedTo="0"/>
        <edge id="t_s" sampledSeconds="8.10" traveltime="17.86" overlapTraveltime="18.34" density="4.34" laneDensity="1.45" occupancy="0.69" waitingTime="0.00" timeLoss="1.00" speed="10.44" speedRelative="0.75" departed="0" arrived="0" entered="1" left="0" laneChangedFrom="0" laneChangedTo="0"/>
        <edge id="t_w" sampledSeconds="21.74" traveltime="14.44" overlapTraveltime="14.82" density="11.66" laneDensity="3.89" occupancy="1.92" waitingTime="0.00" timeLoss="1.10" speed="12.92" speedRelative="0.93" departed="0" arrived="2" entered="0" left="0" laneChangedFrom="0" laneChangedTo="0"/>
        <edge id="w_t" sampledSeconds="37.17" traveltime="40.30" overlapTraveltime="42.00" density="19.94" laneDensity="6.65" occupancy="3.24" waitingTime="17.00" timeLoss="23.39" speed="4.56" speedRelative="0.33" departed="1" arrived="0" entered="0" left="2" laneChangedFrom="2" laneChangedTo="2"/>
    </interval>
    <interval begin="40.00" end="50.00" id="1">
        <edge id="e_t" sampledSeconds="24.93" traveltime="21.07" overlapTraveltime="22.15" density="13.37" laneDensity="4.46" occupancy="2.14" waitingTime="0.00" timeLoss="5.95" speed="8.64" speedRelative="0.62" departed="1" arrived="0" entered="0" left="2" laneChangedFrom="1" laneChangedTo="1"/>
        <edge id="n_t" sampledSeconds="50.00" traveltime="35.22" overlapTraveltime="36.17" density="26.82" laneDensity="8.94" occupancy="4.47" waitingTime="25.00" timeLoss="30.58" speed="5.29" speedRelative="0.38" departed="0" arrived="0" entered="0" left="0" laneChangedFrom="0" laneChangedTo="0"/>
        <edge id="s_t" sampledSeconds="50.00" traveltime="40.59" overlapTraveltime="41.68" density="26.82" laneDensity="8.94" occupancy="4.47" waitingTime="28.00" timeLoss="32.81" speed="4.59" speedRelative="0.33" departed="0" arrived="0" entered="0" left="0" laneChangedFrom="0" laneChangedTo="0"/>
        <edge id="t_e" sampledSeconds="2.00" traveltime="14.86" overlapTraveltime="15.24" density="1.07" laneDensity="0.36" occupancy="0.18" waitingTime="0.00" timeLoss="0.05" speed="12.56" speedRelative="0.90" departed="0" arrived="1" entered="0" left="0" laneChangedFrom="0" laneChangedTo="0"/>
        <edge id="t_n" sampledSeconds="22.97" traveltime="15.59" overlapTraveltime="16.00" density="12.32" laneDensity="4.11" occupancy="1.96" waitingTime="0.00" timeLoss="2.23" speed="11.96" speedRelative="0.86" departed="0" arrived="1" entered="3" left="0" laneChangedFrom="0" laneChangedTo="0"/>
        <edge id="t_s" sampledSeconds="24.80" traveltime="16.31" overlapTraveltime="16.75" density="13.31" laneDensity="4.44" occupancy="2.11" waitingTime="0.00" timeLoss="2.45" speed="11.43" speedRelative="0.82" departed="0" arrived="1" entered="3" left="0" laneChangedFrom="0" laneChangedTo="0"/>
        <edge id="t_w" sampledSeconds="1.64" traveltime="14.49" overlapTraveltime="14.66" density="0.88" laneDensity="0.29" occupancy="0.13" waitingTime="0.00" timeLoss="0.09" speed="13.05" speedRelative="0.94" departed="0" arrived="1" entered="0" left="0" laneChangedFrom="0" laneChangedTo="0"/>
        <edge id="w_t" sampledSeconds="25.01" traveltime="20.39" overlapTraveltime="21.54" density="13.42" laneDensity="4.47" occupancy="2.14" waitingTime="0.00" timeLoss="6.55" speed="8.88" speedRelative="0.64" departed="1" arrived="0" entered="0" left="2" laneChangedFrom="1" laneChangedTo="1"/>
    </interval>
    <interval begin="50.00" end="60.00" id="1">
        <edge id="e_t" sampledSeconds="21.08" traveltime="18.13" overlapTraveltime="18.71" density="11.31" laneDensity="3.77" occupancy="1.86" waitingTime="0.00" timeLoss="4.40" speed="10.23" speedRelative="0.74" departed="1" arrived="0" entered="0" left="1" laneChangedFrom="0" laneChangedTo="0"/>
        <edge id="n_t" sampledSeconds="53.88" traveltime="122.28" overlapTraveltime="120.02" density="28.90" laneDensity="9.63" occupancy="4.78" waitingTime="40.00" timeLoss="47.82" speed="1.59" speedRelative="0.11" departed="3" arrived="0" entered="0" left="1" laneChangedFrom="3" laneChangedTo="3"/>
        <edge id="s_t" sampledSeconds="54.17" traveltime="111.71" overlapTraveltime="110.48" density="29.06" laneDensity="9.69" occupancy="4.80" waitingTime="40.00" timeLoss="47.68" speed="1.73" speedRelative="0.12" departed="3" arrived="0" entered="0" left="1" laneChangedFrom="3" laneChangedTo="3"/>
        <edge id="t_e" sampledSeconds="8.03" traveltime="17.59" overlapTraveltime="18.06" density="4.31" laneDensity="1.44" occupancy="0.68" waitingTime="0.00" timeLoss="1.14" speed="10.60" speedRelative="0.76" departed="0" arrived="0" entered="1" left="0" laneChangedFrom="0" laneChangedTo="0"/>
        <edge id="t_n" sampledSeconds="31.72" traveltime="15.55" overlapTraveltime="15.94" density="17.02" laneDensity="5.67" occupancy="2.79" waitingTime="0.00" timeLoss="1.82" speed="12.01" speedRelative="0.86" departed="0" arrived="1" entered="1" left="0" laneChangedFrom="0" laneChangedTo="0"/>
        <edge id="t_s" sampledSeconds="30.42" traveltime="15.63" overlapTraveltime="16.02" density="16.32" laneDensity="5.44" occupancy="2.68" waitingTime="0.00" timeLoss="1.77" speed="11.94" speedRelative="0.86" departed="0" arrived="1" entered="1" left="0" laneChangedFrom="0" laneChangedTo="0"/>
        <edge id="t_w" sampledSeconds="8.40" traveltime="17.27" overlapTraveltime="17.73" density="4.51" laneDensity="1.50" occupancy="0.71" waitingTime="0.00" timeLoss="1.70" speed="10.80" speedRelative="0.78" departed="0" arrived="0" entered="1" left="0" laneChangedFrom="0" laneChangedTo="0"/>
        <edge id="w_t" sampledSeconds="20.01" traveltime="18.43" overlapTraveltime="19.02" density="10.74" laneDensity="3.58" occupancy="1.76" waitingTime="0.00" timeLoss="4.24" speed="10.06" speedRelative="0.72" departed="1" arrived="0" entered="0" left="1" laneChangedFrom="0" laneChangedTo="0"/>
    </interval>
    <interval begin="60.00" end="70.00" id="1">
        <edge id="e_t" sampledSeconds="24.82" traveltime="26.09" overlapTraveltime="26.89" density="13.32" laneDensity="4.44" occupancy="2.18" waitingTime="6.00" timeLoss="12.64" speed="7.12" speedRelative="0.51" departed="2" arrived="0" entered="0" left="1" laneChangedFrom="1" laneChangedTo="1"/>
        <edge id="n_t" sampledSeconds="70.00" traveltime="36.93" overlapTraveltime="37.92" density="37.55" laneDensity="12.52" occupancy="6.26" waitingTime="40.00" timeLoss="45.77" speed="5.05" speedRelative="0.36" departed="0" arrived="0" entered="0" left="0" laneChangedFrom="0" laneChangedTo="0"/>
        <edge id="s_t" sampledSeconds="70.00" traveltime="36.15" overlapTraveltime="37.12" density="37.55" laneDensity="12.52" occupancy="6.26" waitingTime="42.00" timeLoss="46.64" speed="5.16" speedRelative="0.37" departed="0" arrived="0" entered="0" left="0" laneChangedFrom="0" laneChangedTo="0"/>
        <edge id="t_e" sampledSeconds="9.00" traveltime="16.13" overlapTraveltime="16.56" density="4.83" laneDensity="1.61" occupancy="0.80" waitingTime="0.00" timeLoss="0.58" speed="11.56" speedRelative="0.83" departed="0" arrived="1" entered="0" left="0" laneChangedFrom="0" laneChangedTo="0"/>
        <edge id="t_n" sampledSeconds="15.73" traveltime="16.19" overlapTraveltime="16.63" density="8.44" laneDensity="2.81" occupancy="1.37" waitingTime="0.00" timeLoss="0.84" speed="11.51" speedRelative="0.83" departed="0" arrived="2" entered="0" left="0" laneChangedFrom="0" laneChangedTo="0"/>
        <edge id="t_s" sampledSeconds="15.85" traveltime="16.57" overlapTraveltime="16.99" density="8.50" laneDensity="2.83" occupancy="1.39" waitingTime="0.00" timeLoss="0.69" speed="11.26" speedRelative="0.81" departed="0" arrived="2" entered="0" left="0" laneChangedFrom="0" laneChangedTo="0"/>
        <edge id="t_w" sampledSeconds="7.88" traveltime="14.61" overlapTraveltime="14.99" density="4.23" laneDensity="1.41" occupancy="0.69" waitingTime="0.00" timeLoss="0.45" speed="12.77" speedRelative="0.92" departed="0" arrived="1" entered="0" left="0" laneChangedFrom="0" laneChangedTo="0"/>
        <edge id="w_t" sampledSeconds="25.00" traveltime="27.60" overlapTraveltime="28.34" density="13.41" laneDensity="4.47" occupancy="2.24" waitingTime="6.00" timeLoss="12.31" speed="6.75" speedRelative="0.49" departed="2" arrived="0" entered="0" left="0" laneChangedFrom="1" laneChangedTo="1"/>
    </interval>
    <interval begin="70.00" end="80.00" id="1">
        <edge id="e_t" sampledSeconds="31.00" traveltime="23.64" overlapTraveltime="24.27" density="16.63" laneDensity="5.54" occupancy="2.77" waitingTime="10.00" timeLoss="13.94" speed="7.89" speedRelative="0.57" departed="1" arrived="0" entered="0" left="0" laneChangedFrom="2" laneChangedTo="2"/>
        <edge id="n_t" sampledSeconds="66.03" traveltime="125.09" overlapTraveltime="117.79" density="35.42" laneDensity="11.81" occupancy="5.80" waitingTime="47.00" timeLoss="58.00" speed="1.62" speedRelative="0.12" departed="1" arrived="0" entered="0" left="3" laneChangedFrom="0" laneChangedTo="0"/>
        <edge id="s_t" sampledSeconds="66.78" traveltime="154.04" overlapTraveltime="145.76" density="35.82" laneDensity="11.94" occupancy="5.87" waitingTime="48.00" timeLoss="60.21" speed="1.31" speedRelative="0.09" departed="1" arrived="0" entered="0" left="2" laneChangedFrom="0" laneChangedTo="0"/>
        <edge id="t_e" sampledSeconds="1.64" traveltime="24.85" overlapTraveltime="25.52" density="0.88" laneDensity="0.29" occupancy="0.11" waitingTime="0.00" timeLoss="0.77" speed="7.50" speedRelative="0.54" departed="0" arrived="0" entered="1" left="0" laneChangedFrom="0" laneChangedTo="0"/>
        <edge id="t_n" sampledSeconds="11.56" traveltime="14.23" overlapTraveltime="14.65" density="6.20" laneDensity="2.07" occupancy="0.99" waitingTime="0.00" timeLoss="1.51" speed="13.06" speedRelative="0.94" departed="0" arrived="1" entered="1" left="0" laneChangedFrom="0" laneChangedTo="0"/>
        <edge id="t_s" sampledSeconds="11.29" traveltime="17.58" overlapTraveltime="18.02" density="6.06" laneDensity="2.02" occupancy="0.96" waitingTime="0.00" timeLoss="1.58" speed="10.62" speedRelative="0.76" departed="0" arrived="1" entered="1" left="0" laneChangedFrom="0" laneChangedTo="0"/>
        <edge id="t_w" sampledSeconds="2.03" traveltime="20.11" overlapTraveltime="20.65" density="1.09" laneDensity="0.36" occupancy="0.15" waitingTime="0.00" timeLoss="0.67" speed="9.27" speedRelative="0.67" departed="0" arrived="0" entered="1" left="0" laneChangedFrom="0" laneChangedTo="0"/>
        <edge id="w_t" sampledSeconds="32.90" traveltime="23.41" overlapTraveltime="24.21" density="17.65" laneDensity="5.88" occupancy="2.90" waitingTime="10.00" timeLoss="14.41" speed="7.90" speedRelative="0.57" departed="1" arrived="0" entered="0" left="1" laneChangedFrom="2" laneChangedTo="2"/>
    </interval>
    <interval begin="80.00" end="90.00" id="1">
        <edge id="e_t" sampledSeconds="43.00" traveltime="38.47" overlapTraveltime="39.50" density="23.07" laneDensity="7.69" occupancy="3.84" waitingTime="17.00" timeLoss="28.48" speed="4.85" speedRelative="0.35" departed="1" arrived="0" entered="0" left="0" laneChangedFrom="0" laneChangedTo="0"/>
        <edge id="n_t" sampledSeconds="56.66" traveltime="45.43" overlapTraveltime="45.97" density="30.40" laneDensity="10.13" occupancy="5.02" waitingTime="30.00" timeLoss="40.70" speed="4.16" speedRelative="0.30" departed="2" arrived="0" entered="0" left="1" laneChangedFrom="3" laneChangedTo="3"/>
        <edge id="s_t" sampledSeconds="57.80" traveltime="44.52" overlapTraveltime="44.96" density="31.01" laneDensity="10.34" occupancy="5.10" waitingTime="30.00" timeLoss="40.73" speed="4.26" speedRelative="0.31" departed="2" arrived="0" entered="0" left="2" laneChangedFrom="3" laneChangedTo="3"/>
        <edge id="t_e" sampledSeconds="10.00" traveltime="14.44" overlapTraveltime="14.83" density="5.36" laneDensity="1.79" occupancy="0.89" waitingTime="0.00" timeLoss="0.89" speed="12.91" speedRelative="0.93" departed="0" arrived="0" entered="0" left="0" laneChangedFrom="0" laneChangedTo="0"/>
        <edge id="t_n" sampledSeconds="25.17" traveltime="13.12" overlapTraveltime="13.47" density="13.51" laneDensity="4.50" occupancy="2.20" waitingTime="0.00" timeLoss="1.85" speed="14.21" speedRelative="1.02" departed="0" arrived="1" entered="3" left="0" laneChangedFrom="0" laneChangedTo="0"/>
        <edge id="t_s" sampledSeconds="32.09" traveltime="14.53" overlapTraveltime="14.93" density="17.22" laneDensity="5.74" occupancy="2.79" waitingTime="0.00" timeLoss="2.98" speed="12.82" speedRelative="0.92" departed="0" arrived="1" entered="3" left="0" laneChangedFrom="0" laneChangedTo="0"/>
        <edge id="t_w" sampledSeconds="10.00" traveltime="14.07" overlapTraveltime="14.44" density="5.36" laneDensity="1.79" occupancy="0.89" waitingTime="0.00" timeLoss="0.41" speed="13.25" speedRelative="0.95" departed="0" arrived="0" entered="0" left="0" laneChangedFrom="0" laneChangedTo="0"/>
        <edge id="w_t" sampledSeconds="43.00" traveltime="39.10" overlapTraveltime="40.15" density="23.07" laneDensity="7.69" occupancy="3.84" waitingTime="19.00" timeLoss="27.23" speed="4.77" speedRelative="0.34" departed="1" arrived="0" entered="0" left="0" laneChangedFrom="0" laneChangedTo="0"/>
    </interval>
    <interval begin="90.00" end="100.00" id="1">
        <edge id="e_t" sampledSeconds="48.33" traveltime="48.70" overlapTraveltime="49.47" density="25.93" laneDensity="8.64" occupancy="4.29" waitingTime="30.00" timeLoss="33.36" speed="3.87" speedRelative="0.28" departed="1" arrived="0" entered="0" left="1" laneChangedFrom="2" laneChangedTo="2"/>
        <edge id="n_t" sampledSeconds="55.18" traveltime="34.99" overlapTraveltime="35.55" density="29.60" laneDensity="9.87" occupancy="4.92" waitingTime="31.00" timeLoss="34.49" speed="5.38" speedRelative="0.39" departed="0" arrived="0" entered="0" left="1" laneChangedFrom="0" laneChangedTo="0"/>
        <edge id="s_t" sampledSeconds="55.44" traveltime="38.09" overlapTraveltime="38.64" density="29.74" laneDensity="9.91" occupancy="4.94" waitingTime="32.00" timeLoss="35.42" speed="4.95" speedRelative="0.36" departed="0" arrived="0" entered="0" left="1" laneChangedFrom="0" laneChangedTo="0"/>
        <edge id="t_e" sampledSeconds="3.75" traveltime="14.02" overlapTraveltime="14.34" density="2.01" laneDensity="0.67" occupancy="0.32" waitingTime="0.00" timeLoss="0.22" speed="13.35" speedRelative="0.96" departed="0" arrived="1" entered="0" left="0" laneChangedFrom="0" laneChangedTo="0"/>
        <edge id="t_n" sampledSeconds="25.59" traveltime="13.79" overlapTraveltime="14.13" density="13.73" laneDensity="4.58" occupancy="2.22" waitingTime="0.00" timeLoss="2.94" speed="13.54" speedRelative="0.98" departed="0" arrived="3" entered="2" left="0" laneChangedFrom="0" laneChangedTo="0"/>
        <edge id="t_s" sampledSeconds="26.74" traveltime="14.49" overlapTraveltime="14.83" density="14.35" laneDensity="4.78" occupancy="2.29" waitingTime="0.00" timeLoss="3.29" speed="12.91" speedRelative="0.93" departed="0" arrived="3" entered="2" left="0" laneChangedFrom="0" laneChangedTo="0"/>
        <edge id="t_w" sampledSeconds="3.00" traveltime="14.44" overlapTraveltime="14.84" density="1.61" laneDensity="0.54" occupancy="0.26" waitingTime="0.00" timeLoss="0.20" speed="12.90" speedRelative="0.93" departed="0" arrived="1" entered="0" left="0" laneChangedFrom="0" laneChangedTo="0"/>
        <edge id="w_t" sampledSeconds="49.08" traveltime="47.71" overlapTraveltime="48.59" density="26.33" laneDensity="8.78" occupancy="4.35" waitingTime="30.00" timeLoss="33.12" speed="3.94" speedRelative="0.28" departed="1" arrived="0" entered="0" left="1" laneChangedFrom="2" laneChangedTo="2"/>
    </interval>
    <interval begin="100.00" end="110.00" id="1">
        <edge id="e_t" sampledSeconds="56.00" traveltime="54.79" overlapTraveltime="56.26" density="30.04" laneDensity="10.01" occupancy="5.01" waitingTime="34.00" timeLoss="40.63" speed="3.40" speedRelative="0.24" departed="1" arrived="0" entered="0" left="0" laneChangedFrom="1" laneChangedTo="1"/>
        <edge id="n_t" sampledSeconds="50.98" traveltime="184.13" overlapTraveltime="175.21" density="27.35" laneDensity="9.12" occupancy="4.52" waitingTime="40.00" timeLoss="46.46" speed="1.09" speedRelative="0.08" departed="3" arrived="0" entered="0" left="1" laneChangedFrom="2" laneChangedTo="2"/>
        <edge id="s_t" sampledSeconds="53.68" traveltime="125.04" overlapTraveltime="122.91" density="28.80" laneDensity="9.60" occupancy="4.76" waitingTime="40.00" timeLoss="46.65" speed="1.56" speedRelative="0.11" departed="3" arrived="0" entered="0" left="1" laneChangedFrom="2" laneChangedTo="2"/>
        <edge id="t_e" sampledSeconds="5.56" traveltime="18.97" overlapTraveltime="19.48" density="2.98" laneDensity="0.99" occupancy="0.46" waitingTime="0.00" timeLoss="1.19" speed="9.83" speedRelative="0.71" departed="0" arrived="0" entered="1" left="0" laneChangedFrom="0" laneChangedTo="0"/>
        <edge id="t_n" sampledSeconds="20.00" traveltime="13.43" overlapTraveltime="13.79" density="10.73" laneDensity="3.58" occupancy="1.79" waitingTime="0.00" timeLoss="0.67" speed="13.88" speedRelative="1.00" departed="0" arrived="0" entered="0" left="0" laneChangedFrom="0" laneChangedTo="0"/>
        <edge id="t_s" sampledSeconds="19.83" traveltime="13.74" overlapTraveltime="14.09" density="10.64" laneDensity="3.55" occupancy="1.76" waitingTime="0.00" timeLoss="0.91" speed="13.58" speedRelative="0.98" departed="0" arrived="1" entered="0" left="0" laneChangedFrom="0" laneChangedTo="0"/>
        <edge id="t_w" sampledSeconds="7.33" traveltime="15.81" overlapTraveltime="16.23" density="3.93" laneDensity="1.31" occupancy="0.62" waitingTime="0.00" timeLoss="1.09" speed="11.79" speedRelative="0.85" departed="0" arrived="0" entered="1" left="0" laneChangedFrom="0" laneChangedTo="0"/>
        <edge id="w_t" sampledSeconds="56.00" traveltime="49.58" overlapTraveltime="50.91" density="30.04" laneDensity="10.01" occupancy="5.01" waitingTime="34.00" timeLoss="41.87" speed="3.76" speedRelative="0.27" departed="1" arrived="0" entered="0" left="0" laneChangedFrom="1" laneChangedTo="1"/>
    </interval>
    <interval begin="110.00" end="120.00" id="1">
        <edge id="e_t" sampledSeconds="60.00" traveltime="57.15" overlapTraveltime="58.68" density="32.19" laneDensity="10.73" occupancy="5.36" waitingTime="41.00" timeLoss="45.26" speed="3.26" speedRelative="0.23" departed="0" arrived="0" entered="0" left="0" laneChangedFrom="0" laneChangedTo="0"/>
        <edge id="n_t" sampledSeconds="64.83" traveltime="31.15" overlapTraveltime="32.36" density="34.78" laneDensity="11.59" occupancy="5.70" waitingTime="22.00" timeLoss="36.23" speed="5.92" speedRelative="0.43" departed="0" arrived="0" entered="0" left="2" laneChangedFrom="1" laneChangedTo="1"/>
        <edge id="s_t" sampledSeconds="63.89" traveltime="29.25" overlapTraveltime="30.32" density="34.27" laneDensity="11.42" occupancy="5.63" waitingTime="22.00" timeLoss="35.71" speed="6.31" speedRelative="0.45" departed="0" arrived="0" entered="0" left="2" laneChangedFrom="1" laneChangedTo="1"/>
        <edge id="t_e" sampledSeconds="11.13" traveltime="15.69" overlapTraveltime="16.11" density="5.97" laneDensity="1.99" occupancy="0.97" waitingTime="0.00" timeLoss="0.70" speed="11.88" speedRelative="0.86" departed="0" arrived="0" entered="1" left="0" laneChangedFrom="0" laneChangedTo="0"/>
        <edge id="t_n" sampledSeconds="2.24" traveltime="13.44" overlapTraveltime="13.70" density="1.20" laneDensity="0.40" occupancy="0.17" waitingTime="0.00" timeLoss="0.06" speed="13.97" speedRelative="1.01" departed="0" arrived="2" entered="0" left="0" laneChangedFrom="0" laneChangedTo="0"/>
        <edge id="t_s" sampledSeconds="3.70" traveltime="14.74" overlapTraveltime="15.18" density="1.98" laneDensity="0.66" occupancy="0.31" waitingTime="0.00" timeLoss="0.19" speed="12.61" speedRelative="0.91" departed="0" arrived="1" entered="0" left="0" laneChangedFrom="0" laneChangedTo="0"/>
        <edge id="t_w" sampledSeconds="9.74" traveltime="14.37" overlapTraveltime="14.75" density="5.23" laneDensity="1.74" occupancy="0.83" waitingTime="0.00" timeLoss="0.79" speed="12.97" speedRelative="0.93" departed="0" arrived="1" entered="1" left="0" laneChangedFrom="0" laneChangedTo="0"/>
        <edge id="w_t" sampledSeconds="60.00" traveltime="63.07" overlapTraveltime="64.76" density="32.19" laneDensity="10.73" occupancy="5.36" waitingTime="46.00" timeLoss="48.51" speed="2.96" speedRelative="0.21" departed="0" arrived="0" entered="0" left="0" laneChangedFrom="0" laneChangedTo="0"/>
    </interval>
    <interval begin="120.00" end="130.00" id="1">
        <edge id="e_t" sampledSeconds="52.04" traveltime="1176.95" overlapTraveltime="760.50" density="27.92" laneDensity="9.31" occupancy="4.61" waitingTime="50.00" timeLoss="50.68" speed="0.25" speedRelative="0.02" departed="1" arrived="0" entered="0" left="1" laneChangedFrom="0" laneChangedTo="0"/>
        <edge id="n_t" sampledSeconds="28.86" traveltime="27.44" overlapTraveltime="28.11" density="15.48" laneDensity="5.16" occupancy="2.45" waitingTime="6.00" timeLoss="13.43" speed="6.81" speedRelative="0.49" departed="1" arrived="0" entered="0" left="4" laneChangedFrom="0" laneChangedTo="0"/>
        <edge id="s_t" sampledSeconds="27.24" traveltime="30.92" overlapTraveltime="31.39" density="14.61" laneDensity="4.87" occupancy="2.30" waitingTime="7.00" timeLoss="14.56" speed="6.10" speedRelative="0.44" departed="1" arrived="0" entered="0" left="4" laneChangedFrom="0" laneChangedTo="0"/>
        <edge id="t_e" sampledSeconds="33.92" traveltime="14.56" overlapTraveltime="14.96" density="18.19" laneDensity="6.06" occupancy="2.89" waitingTime="0.00" timeLoss="3.29" speed="12.79" speedRelative="0.92" departed="0" arrived="1" entered="5" left="0" laneChangedFrom="0" laneChangedTo="0"/>
        <edge id="t_n" sampledSeconds="7.30" traveltime="16.02" overlapTraveltime="16.45" density="3.92" laneDensity="1.31" occupancy="0.62" waitingTime="0.00" timeLoss="1.29" speed="11.63" speedRelative="0.84" departed="0" arrived="0" entered="1" left="0" laneChangedFrom="0" laneChangedTo="0"/>
        <edge id="t_s" sampledSeconds="8.15" traveltime="15.32" overlapTraveltime="15.73" density="4.37" laneDensity="1.46" occupancy="0.70" waitingTime="0.00" timeLoss="1.63" speed="12.17" speedRelative="0.88" departed="0" arrived="0" entered="1" left="0" laneChangedFrom="0" laneChangedTo="0"/>
        <edge id="t_w" sampledSeconds="36.55" traveltime="13.75" overlapTraveltime="14.12" density="19.61" laneDensity="6.54" occupancy="3.15" waitingTime="0.00" timeLoss="3.92" speed="13.56" speedRelative="0.98" departed="0" arrived="0" entered="5" left="0" laneChangedFrom="0" laneChangedTo="0"/>
        <edge id="w_t" sampledSeconds="51.19" traveltime="2926.75" overlapTraveltime="1192.89" density="27.46" laneDensity="9.15" occupancy="4.54" waitingTime="50.00" timeLoss="50.12" speed="0.16" speedRelative="0.01" departed="1" arrived="0" entered="0" left="1" laneChangedFrom="0" laneChangedTo="0"/>
    </interval>
    <interval begin="130.00" end="140.00" id="1">
        <edge id="e_t" sampledSeconds="72.00" traveltime="78.02" overlapTraveltime="80.12" density="38.63" laneDensity="12.88" occupancy="6.44" waitingTime="50.00" timeLoss="60.48" speed="2.39" speedRelative="0.17" departed="3" arrived="0" entered="0" left="0" laneChangedFrom="3" laneChangedTo="3"/>
        <edge id="n_t" sampledSeconds="32.00" traveltime="35.08" overlapTraveltime="36.02" density="17.17" laneDensity="5.72" occupancy="2.86" waitingTime="10.00" timeLoss="19.58" speed="5.31" speedRelative="0.38" departed="2" arrived="0" entered="0" left="0" laneChangedFrom="3" laneChangedTo="3"/>
        <edge id="s_t" sampledSeconds="32.00" traveltime="34.74" overlapTraveltime="35.67" density="17.17" laneDensity="5.72" occupancy="2.86" waitingTime="10.00" timeLoss="19.62" speed="5.37" speedRelative="0.39" departed="2" arrived="0" entered="0" left="0" laneChangedFrom="3" laneChangedTo="3"/>
        <edge id="t_e" sampledSeconds="45.44" traveltime="14.35" overlapTraveltime="14.71" density="24.38" laneDensity="8.13" occupancy="4.01" waitingTime="0.00" timeLoss="2.29" speed="13.01" speedRelative="0.94" departed="0" arrived="4" entered="0" left="0" laneChangedFrom="0" laneChangedTo="0"/>
        <edge id="t_n" sampledSeconds="7.85" traveltime="13.76" overlapTraveltime="14.11" density="4.21" laneDensity="1.40" occupancy="0.69" waitingTime="0.00" timeLoss="0.31" speed="13.57" speedRelative="0.98" departed="0" arrived="1" entered="0" left="0" laneChangedFrom="0" laneChangedTo="0"/>
        <edge id="t_s" sampledSeconds="6.00" traveltime="12.73" overlapTraveltime="13.07" density="3.22" laneDensity="1.07" occupancy="0.54" waitingTime="0.00" timeLoss="0.23" speed="14.64" speedRelative="1.05" departed="0" arrived="1" entered="0" left="0" laneChangedFrom="0" laneChangedTo="0"/>
        <edge id="t_w" sampledSeconds="41.20" traveltime="13.20" overlapTraveltime="13.54" density="22.10" laneDensity="7.37" occupancy="3.62" waitingTime="0.00" timeLoss="2.70" speed="14.14" speedRelative="1.02" departed="0" arrived="4" entered="0" left="0" laneChangedFrom="0" laneChangedTo="0"/>
        <edge id="w_t" sampledSeconds="73.00" traveltime="79.85" overlapTraveltime="82.00" density="39.16" laneDensity="13.05" occupancy="6.53" waitingTime="50.00" timeLoss="60.62" speed="2.33" speedRelative="0.17" departed="4" arrived="0" entered="0" left="0" laneChangedFrom="5" laneChangedTo="5"/>
    </interval>
    <interval begin="140.00" end="150.00" id="1">
        <edge id="e_t" sampledSeconds="99.00" traveltime="41.32" overlapTraveltime="42.43" density="53.11" laneDensity="17.70" occupancy="8.85" waitingTime="54.00" timeLoss="66.60" speed="4.51" speedRelative="0.32" departed="1" arrived="0" entered="0" left="0" laneChangedFrom="3" laneChangedTo="3"/>
        <edge id="n_t" sampledSeconds="40.00" traveltime="22.84" overlapTraveltime="23.45" density="21.46" laneDensity="7.15" occupancy="3.58" waitingTime="11.00" timeLoss="15.65" speed="8.16" speedRelative="0.59" departed="0" arrived="0" entered="0" left="0" laneChangedFrom="0" laneChangedTo="0"/>
        <edge id="s_t" sampledSeconds="40.00" traveltime="22.38" overlapTraveltime="22.98" density="21.46" laneDensity="7.15" occupancy="3.58" waitingTime="11.00" timeLoss="16.20" speed="8.33" speedRelative="0.60" departed="0" arrived="0" entered="0" left="0" laneChangedFrom="0" laneChangedTo="0"/>
        <edge id="t_e" sampledSeconds="10.28" traveltime="15.34" overlapTraveltime="15.75" density="5.51" laneDensity="1.84" occupancy="0.88" waitingTime="0.00" timeLoss="0.61" speed="12.15" speedRelative="0.87" departed="0" arrived="2" entered="0" left="0" laneChangedFrom="0" laneChangedTo="0"/>
        <edge id="t_n" sampledSeconds="0.00" departed="0" arrived="0" entered="0" left="0" laneChangedFrom="0" laneChangedTo="0"/>
        <edge id="t_s" sampledSeconds="0.00" departed="0" arrived="0" entered="0" left="0" laneChangedFrom="0" laneChangedTo="0"/>
        <edge id="t_w" sampledSeconds="3.45" traveltime="13.16" overlapTraveltime="13.50" density="1.85" laneDensity="0.62" occupancy="0.28" waitingTime="0.00" timeLoss="0.10" speed="14.18" speedRelative="1.02" departed="0" arrived="2" entered="0" left="0" laneChangedFrom="0" laneChangedTo="0"/>
        <edge id="w_t" sampledSeconds="100.00" traveltime="38.95" overlapTraveltime="39.99" density="53.65" laneDensity="17.88" occupancy="8.94" waitingTime="53.00" timeLoss="64.13" speed="4.79" speedRelative="0.34" departed="0" arrived="0" entered="0" left="0" laneChangedFrom="1" laneChangedTo="1"/>
    </interval>
    <interval begin="150.00" end="160.00" id="1">
        <edge id="e_t" sampledSeconds="92.36" traveltime="61.67" overlapTraveltime="61.47" density="49.55" laneDensity="16.52" occupancy="8.10" waitingTime="48.00" timeLoss="70.80" speed="3.11" speedRelative="0.22" departed="1" arrived="0" entered="0" left="4" laneChangedFrom="0" laneChangedTo="0"/>
        <edge id="n_t" sampledSeconds="39.01" traveltime="122.83" overlapTraveltime="118.78" density="20.93" laneDensity="6.98" occupancy="3.45" waitingTime="27.00" timeLoss="33.86" speed="1.61" speedRelative="0.12" departed="2" arrived="0" entered="0" left="1" laneChangedFrom="1" laneChangedTo="1"/>
        <edge id="s_t" sampledSeconds="39.18" traveltime="136.66" overlapTraveltime="131.17" density="21.02" laneDensity="7.01" occupancy="3.46" waitingTime="28.00" timeLoss="34.73" speed="1.46" speedRelative="0.11" departed="2" arrived="0" entered="0" left="1" laneChangedFrom="1" laneChangedTo="1"/>
        <edge id="t_e" sampledSeconds="8.46" traveltime="16.63" overlapTraveltime="17.08" density="4.54" laneDensity="1.51" occupancy="0.69" waitingTime="0.00" timeLoss="1.51" speed="11.21" speedRelative="0.81" departed="0" arrived="0" entered="3" left="0" laneChangedFrom="0" laneChangedTo="0"/>
        <edge id="t_n" sampledSeconds="0.52" traveltime="33.25" overlapTraveltime="34.14" density="0.28" laneDensity="0.09" occupancy="0.01" waitingTime="0.00" timeLoss="0.32" speed="5.61" speedRelative="0.40" departed="0" arrived="0" entered="1" left="0" laneChangedFrom="0" laneChangedTo="0"/>
        <edge id="t_s" sampledSeconds="2.20" traveltime="21.99" overlapTraveltime="22.58" density="1.18" laneDensity="0.39" occupancy="0.16" waitingTime="0.00" timeLoss="0.89" speed="8.48" speedRelative="0.61" departed="0" arrived="0" entered="1" left="0" laneChangedFrom="0" laneChangedTo="0"/>
        <edge id="t_w" sampledSeconds="8.99" traveltime="16.55" overlapTraveltime="17.00" density="4.83" laneDensity="1.61" occupancy="0.73" waitingTime="0.00" timeLoss="1.27" speed="11.26" speedRelative="0.81" departed="0" arrived="0" entered="3" left="0" laneChangedFrom="0" laneChangedTo="0"/>
        <edge id="w_t" sampledSeconds="91.76" traveltime="69.34" overlapTraveltime="68.60" density="49.23" laneDensity="16.41" occupancy="8.04" waitingTime="45.00" timeLoss="72.21" speed="2.79" speedRelative="0.20" departed="1" arrived="0" entered="0" left="4" laneChangedFrom="0" laneChangedTo="0"/>
    </interval>
    <interval begin="160.00" end="170.00" id="1">
        <edge id="e_t" sampledSeconds="62.01" traveltime="49.72" overlapTraveltime="49.74" density="33.27" laneDensity="11.09" occupancy="5.50" waitingTime="40.00" timeLoss="46.04" speed="3.85" speedRelative="0.28" departed="1" arrived="0" entered="0" left="2" laneChangedFrom="2" laneChangedTo="2"/>
        <edge id="n_t" sampledSeconds="59.00" traveltime="35.19" overlapTraveltime="36.14" density="31.65" laneDensity="10.55" occupancy="5.28" waitingTime="30.00" timeLoss="36.92" speed="5.30" speedRelative="0.38" departed="1" arrived="0" entered="0" left="0" laneChangedFrom="2" laneChangedTo="2"/>
        <edge id="s_t" sampledSeconds="59.00" traveltime="33.54" overlapTraveltime="34.44" density="31.65" laneDensity="10.55" occupancy="5.28" waitingTime="30.00" timeLoss="35.95" speed="5.56" speedRelative="0.40" departed="1" arrived="0" entered="0" left="0" laneChangedFrom="2" laneChangedTo="2"/>
        <edge id="t_e" sampledSeconds="49.75" traveltime="15.13" overlapTraveltime="15.53" density="26.69" laneDensity="8.90" occupancy="4.39" waitingTime="0.00" timeLoss="5.26" speed="12.32" speedRelative="0.89" departed="0" arrived="0" entered="3" left="0" laneChangedFrom="0" laneChangedTo="0"/>
        <edge id="t_n" sampledSeconds="10.00" traveltime="14.79" overlapTraveltime="15.19" density="5.36" laneDensity="1.79" occupancy="0.89" waitingTime="0.00" timeLoss="1.28" speed="12.60" speedRelative="0.91" departed="0" arrived="0" entered="0" left="0" laneChangedFrom="0" laneChangedTo="0"/>
        <edge id="t_s" sampledSeconds="10.00" traveltime="14.10" overlapTraveltime="14.48" density="5.36" laneDensity="1.79" occupancy="0.89" waitingTime="0.00" timeLoss="0.69" speed="13.22" speedRelative="0.95" departed="0" arrived="0" entered="0" left="0" laneChangedFrom="0" laneChangedTo="0"/>
        <edge id="t_w" sampledSeconds="50.94" traveltime="15.62" overlapTraveltime="16.04" density="27.33" laneDensity="9.11" occupancy="4.50" waitingTime="0.00" timeLoss="5.58" speed="11.93" speedRelative="0.86" departed="0" arrived="0" entered="3" left="0" laneChangedFrom="0" laneChangedTo="0"/>
        <edge id="w_t" sampledSeconds="62.90" traveltime="51.91" overlapTraveltime="51.87" density="33.74" laneDensity="11.25" occupancy="5.58" waitingTime="40.00" timeLoss="45.89" speed="3.69" speedRelative="0.27" departed="1" arrived="0" entered="0" left="2" laneChangedFrom="2" laneChangedTo="2"/>
    </interval>
    <interval begin="170.00" end="180.00" id="1">
        <edge id="e_t" sampledSeconds="60.85" traveltime="68.62" overlapTraveltime="69.33" density="32.64" laneDensity="10.88" occupancy="5.40" waitingTime="42.00" timeLoss="48.65" speed="2.76" speedRelative="0.20" departed="1" arrived="0" entered="0" left="1" laneChangedFrom="1" laneChangedTo="1"/>
        <edge id="n_t" sampledSeconds="58.87" traveltime="57.85" overlapTraveltime="58.70" density="31.58" laneDensity="10.53" occupancy="5.23" waitingTime="41.00" timeLoss="44.93" speed="3.26" speedRelative="0.23" departed="0" arrived="0" entered="0" left="1" laneChangedFrom="0" laneChangedTo="0"/>
        <edge id="s_t" sampledSeconds="58.89" traveltime="64.04" overlapTraveltime="64.82" density="31.59" laneDensity="10.53" occupancy="5.23" waitingTime="40.00" timeLoss="45.73" speed="2.95" speedRelative="0.21" departed="0" arrived="0" entered="0" left="1" laneChangedFrom="0" laneChangedTo="0"/>
        <edge id="t_e" sampledSeconds="35.99" traveltime="16.33" overlapTraveltime="16.69" density="19.31" laneDensity="6.44" occupancy="3.12" waitingTime="0.00" timeLoss="5.52" speed="11.47" speedRelative="0.83" departed="0" arrived="5" entered="1" left="0" laneChangedFrom="0" laneChangedTo="0"/>
        <edge id="t_n" sampledSeconds="10.02" traveltime="15.40" overlapTraveltime="15.74" density="5.37" laneDensity="1.79" occupancy="0.84" waitingTime="0.00" timeLoss="1.55" speed="12.16" speedRelative="0.88" departed="0" arrived="1" entered="1" left="0" laneChangedFrom="0" laneChangedTo="0"/>
        <edge id="t_s" sampledSeconds="8.37" traveltime="16.04" overlapTraveltime="16.35" density="4.49" laneDensity="1.50" occupancy="0.70" waitingTime="0.00" timeLoss="1.30" speed="11.71" speedRelative="0.84" departed="0" arrived="1" entered="1" left="0" laneChangedFrom="0" laneChangedTo="0"/>
        <edge id="t_w" sampledSeconds="36.03" traveltime="15.78" overlapTraveltime="16.14" density="19.33" laneDensity="6.44" occupancy="3.11" waitingTime="0.00" timeLoss="5.50" speed="11.86" speedRelative="0.85" departed="0" arrived="5" entered="1" left="0" laneChangedFrom="0" laneChangedTo="0"/>
        <edge id="w_t" sampledSeconds="60.92" traveltime="65.72" overlapTraveltime="66.54" density="32.68" laneDensity="10.89" occupancy="5.41" waitingTime="42.00" timeLoss="47.84" speed="2.88" speedRelative="0.21" departed="1" arrived="0" entered="0" left="1" laneChangedFrom="1" laneChangedTo="1"/>
    </interval>
    <interval begin="180.00" end="190.00" id="1">
        <edge id="e_t" sampledSeconds="69.00" traveltime="63.77" overlapTraveltime="65.48" density="37.02" laneDensity="12.34" occupancy="6.17" waitingTime="50.00" timeLoss="54.53" speed="2.92" speedRelative="0.21" departed="1" arrived="0" entered="0" left="0" laneChangedFrom="0" laneChangedTo="0"/>
        <edge id="n_t" sampledSeconds="69.00" traveltime="91.13" overlapTraveltime="93.57" density="37.02" laneDensity="12.34" occupancy="6.17" waitingTime="50.00" timeLoss="58.48" speed="2.05" speedRelative="0.15" departed="3" arrived="0" entered="0" left="0" laneChangedFrom="3" laneChangedTo="3"/>
        <edge id="s_t" sampledSeconds="69.00" traveltime="95.06" overlapTraveltime="97.61" density="37.02" laneDensity="12.34" occupancy="6.17" waitingTime="50.00" timeLoss="58.43" speed="1.96" speedRelative="0.14" departed="3" arrived="0" entered="0" left="0" laneChangedFrom="3" laneChangedTo="3"/>
        <edge id="t_e" sampledSeconds="12.00" traveltime="15.82" overlapTraveltime="16.18" density="6.44" laneDensity="2.15" occupancy="1.05" waitingTime="0.00" timeLoss="1.47" speed="11.83" speedRelative="0.85" departed="0" arrived="1" entered="0" left="0" laneChangedFrom="0" laneChangedTo="0"/>
        <edge id="t_n" sampledSeconds="9.69" traveltime="13.65" overlapTraveltime="14.04" density="5.20" laneDensity="1.73" occupancy="0.85" waitingTime="0.00" timeLoss="0.48" speed="13.63" speedRelative="0.98" departed="0" arrived="1" entered="0" left="0" laneChangedFrom="0" laneChangedTo="0"/>
        <edge id="t_s" sampledSeconds="10.00" traveltime="14.15" overlapTraveltime="14.53" density="5.36" laneDensity="1.79" occupancy="0.89" waitingTime="0.00" timeLoss="0.34" speed="13.18" speedRelative="0.95" departed="0" arrived="1" entered="0" left="0" laneChangedFrom="0" laneChangedTo="0"/>
        <edge id="t_w" sampledSeconds="10.97" traveltime="15.13" overlapTraveltime="15.45" density="5.88" laneDensity="1.96" occupancy="0.96" waitingTime="0.00" timeLoss="1.44" speed="12.39" speedRelative="0.89" departed="0" arrived="1" entered="0" left="0" laneChangedFrom="0" laneChangedTo="0"/>
        <edge id="w_t" sampledSeconds="69.00" traveltime="61.28" overlapTraveltime="62.92" density="37.02" laneDensity="12.34" occupancy="6.17" waitingTime="50.00" timeLoss="54.39" speed="3.04" speedRelative="0.22" departed="1" arrived="0" entered="0" left="0" laneChangedFrom="0" laneChangedTo="0"/>
    </interval>
    <interval begin="190.00" end="200.00" id="1">
        <edge id="e_t" sampledSeconds="62.05" traveltime="47.75" overlapTraveltime="47.77" density="33.29" laneDensity="11.10" occupancy="5.36" waitingTime="17.00" timeLoss="42.91" speed="4.01" speedRelative="0.29" departed="2" arrived="0" entered="0" left="5" laneChangedFrom="2" laneChangedTo="2"/>
        <edge id="n_t" sampledSeconds="80.00" traveltime="45.17" overlapTraveltime="46.38" density="42.92" laneDensity="14.31" occupancy="7.15" waitingTime="52.00" timeLoss="55.56" speed="4.13" speedRelative="0.30" departed="0" arrived="0" entered="0" left="0" laneChangedFrom="0" laneChangedTo="0"/>
        <edge id="s_t" sampledSeconds="80.00" traveltime="45.23" overlapTraveltime="46.44" density="42.92" laneDensity="14.31" occupancy="7.15" waitingTime="51.00" timeLoss="55.33" speed="4.12" speedRelative="0.30" departed="0" arrived="0" entered="0" left="0" laneChangedFrom="0" laneChangedTo="0"/>
        <edge id="t_e" sampledSeconds="5.72" traveltime="14.59" overlapTraveltime="14.96" density="3.07" laneDensity="1.02" occupancy="0.49" waitingTime="0.00" timeLoss="0.27" speed="12.79" speedRelative="0.92" departed="0" arrived="1" entered="0" left="0" laneChangedFrom="0" laneChangedTo="0"/>
        <edge id="t_n" sampledSeconds="9.76" traveltime="17.09" overlapTraveltime="17.55" density="5.24" laneDensity="1.75" occupancy="0.77" waitingTime="0.00" timeLoss="1.95" speed="10.91" speedRelative="0.79" departed="0" arrived="0" entered="4" left="0" laneChangedFrom="0" laneChangedTo="0"/>
        <edge id="t_s" sampledSeconds="9.46" traveltime="16.17" overlapTraveltime="16.60" density="5.07" laneDensity="1.69" occupancy="0.74" waitingTime="0.00" timeLoss="1.72" speed="11.53" speedRelative="0.83" departed="0" arrived="0" entered="4" left="0" laneChangedFrom="0" laneChangedTo="0"/>
        <edge id="t_w" sampledSeconds="4.94" traveltime="13.73" overlapTraveltime="14.11" density="2.65" laneDensity="0.88" occupancy="0.43" waitingTime="0.00" timeLoss="0.19" speed="13.57" speedRelative="0.98" departed="0" arrived="1" entered="0" left="0" laneChangedFrom="0" laneChangedTo="0"/>
        <edge id="w_t" sampledSeconds="59.89" traveltime="45.99" overlapTraveltime="45.87" density="32.13" laneDensity="10.71" occupancy="5.17" waitingTime="18.00" timeLoss="40.03" speed="4.17" speedRelative="0.30" departed="2" arrived="0" entered="0" left="5" laneChangedFrom="2" laneChangedTo="2"/>
    </interval>
    <interval begin="200.00" end="210.00" id="1">
        <edge id="e_t" sampledSeconds="35.46" traveltime="23.68" overlapTraveltime="24.38" density="19.02" laneDensity="6.34" occupancy="3.13" waitingTime="10.00" timeLoss="16.44" speed="7.85" speedRelative="0.57" departed="1" arrived="0" entered="0" left="1" laneChangedFrom="1" laneChangedTo="1"/>
        <edge id="n_t" sampledSeconds="75.83" traveltime="301.42" overlapTraveltime="282.06" density="40.68" laneDensity="13.56" occupancy="6.75" waitingTime="67.00" timeLoss="71.61" speed="0.68" speedRelative="0.05" departed="2" arrived="0" entered="0" left="1" laneChangedFrom="1" laneChangedTo="1"/>
        <edge id="s_t" sampledSeconds="76.99" traveltime="274.22" overlapTraveltime="259.76" density="41.30" laneDensity="13.77" occupancy="6.84" waitingTime="66.00" timeLoss="72.53" speed="0.74" speedRelative="0.05" departed="2" arrived="0" entered="0" left="1" laneChangedFrom="1" laneChangedTo="1"/>
        <edge id="t_e" sampledSeconds="5.42" traveltime="15.69" overlapTraveltime="16.11" density="2.91" laneDensity="0.97" occupancy="0.45" waitingTime="0.00" timeLoss="1.03" speed="11.88" speedRelative="0.86" departed="0" arrived="0" entered="1" left="0" laneChangedFrom="0" laneChangedTo="0"/>
        <edge id="t_n" sampledSeconds="54.67" traveltime="15.73" overlapTraveltime="16.15" density="29.33" laneDensity="9.78" occupancy="4.83" waitingTime="0.00" timeLoss="6.67" speed="11.85" speedRelative="0.85" departed="0" arrived="0" entered="2" left="0" laneChangedFrom="0" laneChangedTo="0"/>
        <edge id="t_s" sampledSeconds="51.07" traveltime="15.42" overlapTraveltime="15.83" density="27.40" laneDensity="9.13" occupancy="4.52" waitingTime="0.00" timeLoss="5.46" speed="12.09" speedRelative="0.87" departed="0" arrived="1" entered="2" left="0" laneChangedFrom="0" laneChangedTo="0"/>
        <edge id="t_w" sampledSeconds="6.59" traveltime="15.08" overlapTraveltime="15.49" density="3.53" laneDensity="1.18" occupancy="0.56" waitingTime="0.00" timeLoss="1.22" speed="12.36" speedRelative="0.89" departed="0" arrived="0" entered="1" left="0" laneChangedFrom="0" laneChangedTo="0"/>
        <edge id="w_t" sampledSeconds="34.85" traveltime="23.71" overlapTraveltime="24.43" density="18.69" laneDensity="6.23" occupancy="3.08" waitingTime="10.00" timeLoss="14.96" speed="7.83" speedRelative="0.56" departed="1" arrived="0" entered="0" left="1" laneChangedFrom="1" laneChangedTo="1"/>
    </interval>
    <interval begin="210.00" end="220.00" id="1">
        <edge id="e_t" sampledSeconds="39.10" traveltime="35.98" overlapTraveltime="36.61" density="20.98" laneDensity="6.99" occupancy="3.47" waitingTime="17.00" timeLoss="25.25" speed="5.23" speedRelative="0.38" departed="1" arrived="0" entered="0" left="1" laneChangedFrom="1" laneChangedTo="1"/>
        <edge id="n_t" sampledSeconds="97.00" traveltime="71.38" overlapTraveltime="73.30" density="52.04" laneDensity="17.35" occupancy="8.67" waitingTime="70.00" timeLoss="77.82" speed="2.61" speedRelative="0.19" departed="1" arrived="0" entered="0" left="0" laneChangedFrom="2" laneChangedTo="2"/>
        <edge id="s_t" sampledSeconds="98.00" traveltime="67.41" overlapTraveltime="69.22" density="52.58" laneDensity="17.53" occupancy="8.76" waitingTime="70.00" timeLoss="78.65" speed="2.77" speedRelative="0.20" departed="1" arrived="0" entered="0" left="0" laneChangedFrom="2" laneChangedTo="2"/>
        <edge id="t_e" sampledSeconds="9.00" traveltime="13.30" overlapTraveltime="13.67" density="4.83" laneDensity="1.61" occupancy="0.79" waitingTime="0.00" timeLoss="0.42" speed="14.00" speedRelative="1.01" departed="0" arrived="1" entered="0" left="0" laneChangedFrom="0" laneChangedTo="0"/>
        <edge id="t_n" sampledSeconds="34.02" traveltime="14.55" overlapTraveltime="14.94" density="18.25" laneDensity="6.08" occupancy="2.99" waitingTime="0.00" timeLoss="2.10" speed="12.81" speedRelative="0.92" departed="0" arrived="6" entered="1" left="0" laneChangedFrom="0" laneChangedTo="0"/>
        <edge id="t_s" sampledSeconds="37.02" traveltime="15.44" overlapTraveltime="15.85" density="19.86" laneDensity="6.62" occupancy="3.25" waitingTime="0.00" timeLoss="4.39" speed="12.08" speedRelative="0.87" departed="0" arrived="4" entered="1" left="0" laneChangedFrom="0" laneChangedTo="0"/>
        <edge id="t_w" sampledSeconds="7.55" traveltime="12.77" overlapTraveltime="13.13" density="4.05" laneDensity="1.35" occupancy="0.66" waitingTime="0.00" timeLoss="0.29" speed="14.58" speedRelative="1.05" departed="0" arrived="1" entered="0" left="0" laneChangedFrom="0" laneChangedTo="0"/>
        <edge id="w_t" sampledSeconds="37.96" traveltime="38.29" overlapTraveltime="38.81" density="20.37" laneDensity="6.79" occupancy="3.37" waitingTime="16.00" timeLoss="24.03" speed="4.93" speedRelative="0.36" departed="1" arrived="0" entered="0" left="1" laneChangedFrom="1" laneChangedTo="1"/>
    </interval>
    <interval begin="220.00" end="230.00" id="1">
        <edge id="e_t" sampledSeconds="37.71" traveltime="36.38" overlapTraveltime="37.21" density="20.23" laneDensity="6.74" occupancy="3.33" waitingTime="20.00" timeLoss="23.63" speed="5.14" speedRelative="0.37" departed="1" arrived="0" entered="0" left="1" laneChangedFrom="1" laneChangedTo="1"/>
        <edge id="n_t" sampledSeconds="99.95" traveltime="81.85" overlapTraveltime="83.42" density="53.62" laneDensity="17.87" occupancy="8.88" waitingTime="74.00" timeLoss="82.90" speed="2.29" speedRelative="0.17" departed="0" arrived="0" entered="0" left="1" laneChangedFrom="0" laneChangedTo="0"/>
        <edge id="s_t" sampledSeconds="99.89" traveltime="87.23" overlapTraveltime="87.75" density="53.59" laneDensity="17.86" occupancy="8.84" waitingTime="77.00" timeLoss="84.33" speed="2.18" speedRelative="0.16" departed="0" arrived="0" entered="0" left="2" laneChangedFrom="0" laneChangedTo="0"/>
        <edge id="t_e" sampledSeconds="0.00" departed="0" arrived="0" entered="0" left="0" laneChangedFrom="0" laneChangedTo="0"/>
        <edge id="t_n" sampledSeconds="13.65" traveltime="14.28" overlapTraveltime="14.65" density="7.32" laneDensity="2.44" occupancy="1.18" waitingTime="0.00" timeLoss="1.85" speed="13.07" speedRelative="0.94" departed="0" arrived="1" entered="1" left="0" laneChangedFrom="0" laneChangedTo="0"/>
        <edge id="t_s" sampledSeconds="10.52" traveltime="12.55" overlapTraveltime="12.86" density="5.64" laneDensity="1.88" occupancy="0.92" waitingTime="0.00" timeLoss="0.48" speed="14.89" speedRelative="1.07" departed="0" arrived="2" entered="0" left="0" laneChangedFrom="0" laneChangedTo="0"/>
        <edge id="t_w" sampledSeconds="0.00" departed="0" arrived="0" entered="0" left="0" laneChangedFrom="0" laneChangedTo="0"/>
        <edge id="w_t" sampledSeconds="43.00" traveltime="41.00" overlapTraveltime="42.37" density="23.07" laneDensity="7.69" occupancy="3.79" waitingTime="20.00" timeLoss="27.78" speed="4.52" speedRelative="0.33" departed="1" arrived="0" entered="0" left="1" laneChangedFrom="1" laneChangedTo="1"/>
    </interval>
    <interval begin="230.00" end="240.00" id="1">
        <edge id="e_t" sampledSeconds="47.00" traveltime="48.84" overlapTraveltime="50.15" density="25.21" laneDensity="8.40" occupancy="4.20" waitingTime="27.00" timeLoss="33.82" speed="3.82" speedRelative="0.27" departed="1" arrived="0" entered="0" left="0" laneChangedFrom="1" laneChangedTo="1"/>
        <edge id="n_t" sampledSeconds="76.74" traveltime="89.08" overlapTraveltime="82.03" density="41.17" laneDensity="13.72" occupancy="6.72" waitingTime="43.00" timeLoss="63.90" speed="2.33" speedRelative="0.17" departed="3" arrived="0" entered="0" left="5" laneChangedFrom="3" laneChangedTo="3"/>
        <edge id="s_t" sampledSeconds="75.88" traveltime="87.72" overlapTraveltime="82.18" density="40.71" laneDensity="13.57" occupancy="6.67" waitingTime="43.00" timeLoss="62.60" speed="2.33" speedRelative="0.17" departed="3" arrived="0" entered="0" left="4" laneChangedFrom="3" laneChangedTo="3"/>
        <edge id="t_e" sampledSeconds="9.13" traveltime="15.78" overlapTraveltime="16.20" density="4.90" laneDensity="1.63" occupancy="0.78" waitingTime="0.00" timeLoss="1.62" speed="11.81" speedRelative="0.85" departed="0" arrived="0" entered="1" left="0" laneChangedFrom="0" laneChangedTo="0"/>
        <edge id="t_n" sampledSeconds="26.62" traveltime="13.87" overlapTraveltime="14.22" density="14.28" laneDensity="4.76" occupancy="2.29" waitingTime="0.00" timeLoss="1.42" speed="13.46" speedRelative="0.97" departed="0" arrived="1" entered="4" left="0" laneChangedFrom="0" laneChangedTo="0"/>
        <edge id="t_s" sampledSeconds="26.13" traveltime="15.12" overlapTraveltime="15.53" density="14.02" laneDensity="4.67" occupancy="2.23" waitingTime="0.00" timeLoss="2.78" speed="12.33" speedRelative="0.89" departed="0" arrived="0" entered="5" left="0" laneChangedFrom="0" laneChangedTo="0"/>
        <edge id="t_w" sampledSeconds="8.41" traveltime="16.45" overlapTraveltime="16.89" density="4.51" laneDensity="1.50" occupancy="0.72" waitingTime="0.00" timeLoss="1.64" speed="11.33" speedRelative="0.82" departed="0" arrived="0" entered="1" left="0" laneChangedFrom="0" laneChangedTo="0"/>
        <edge id="w_t" sampledSeconds="47.00" traveltime="46.24" overlapTraveltime="47.48" density="25.21" laneDensity="8.40" occupancy="4.20" waitingTime="25.00" timeLoss="32.12" speed="4.03" speedRelative="0.29" departed="1" arrived="0" entered="0" left="0" laneChangedFrom="1" laneChangedTo="1"/>
    </interval>
    <interval begin="240.00" end="250.00" id="1">
        <edge id="e_t" sampledSeconds="50.00" traveltime="50.24" overlapTraveltime="51.11" density="26.82" laneDensity="8.94" occupancy="4.45" waitingTime="33.00" timeLoss="36.57" speed="3.74" speedRelative="0.27" departed="0" arrived="0" entered="0" left="1" laneChangedFrom="0" laneChangedTo="0"/>
        <edge id="n_t" sampledSeconds="69.26" traveltime="34.67" overlapTraveltime="35.30" density="37.15" laneDensity="12.38" occupancy="6.18" waitingTime="40.00" timeLoss="44.39" speed="5.42" speedRelative="0.39" departed="0" arrived="0" entered="0" left="1" laneChangedFrom="0" laneChangedTo="0"/>
        <edge id="s_t" sampledSeconds="70.00" traveltime="35.83" overlapTraveltime="36.79" density="37.55" laneDensity="12.52" occupancy="6.26" waitingTime="40.00" timeLoss="43.63" speed="5.20" speedRelative="0.37" departed="0" arrived="0" entered="0" left="0" laneChangedFrom="0" laneChangedTo="0"/>
        <edge id="t_e" sampledSeconds="5.96" traveltime="13.30" overlapTraveltime="13.65" density="3.20" laneDensity="1.07" occupancy="0.52" waitingTime="0.00" timeLoss="0.14" speed="14.02" speedRelative="1.01" departed="0" arrived="1" entered="0" left="0" laneChangedFrom="0" laneChangedTo="0"/>
        <edge id="t_n" sampledSeconds="46.89" traveltime="14.93" overlapTraveltime="15.32" density="25.16" laneDensity="8.39" occupancy="4.14" waitingTime="0.00" timeLoss="3.76" speed="12.49" speedRelative="0.90" departed="0" arrived="2" entered="1" left="0" laneChangedFrom="0" laneChangedTo="0"/>
        <edge id="t_s" sampledSeconds="53.32" traveltime="14.21" overlapTraveltime="14.59" density="28.61" laneDensity="9.54" occupancy="4.70" waitingTime="0.00" timeLoss="2.84" speed="13.12" speedRelative="0.94" departed="0" arrived="3" entered="1" left="0" laneChangedFrom="0" laneChangedTo="0"/>
        <edge id="t_w" sampledSeconds="7.00" traveltime="13.78" overlapTraveltime="14.13" density="3.76" laneDensity="1.25" occupancy="0.62" waitingTime="0.00" timeLoss="0.27" speed="13.55" speedRelative="0.98" departed="0" arrived="1" entered="0" left="0" laneChangedFrom="0" laneChangedTo="0"/>
        <edge id="w_t" sampledSeconds="50.00" traveltime="49.91" overlapTraveltime="51.25" density="26.82" laneDensity="8.94" occupancy="4.47" waitingTime="32.00" timeLoss="35.96" speed="3.73" speedRelative="0.27" departed="0" arrived="0" entered="0" left="0" laneChangedFrom="0" laneChangedTo="0"/>
    </interval>
    <interval begin="250.00" end="260.00" id="1">
        <edge id="e_t" sampledSeconds="41.21" traveltime="5453.92" overlapTraveltime="2839.79" density="22.11" laneDensity="7.37" occupancy="3.67" waitingTime="40.00" timeLoss="41.01" speed="0.07" speedRelative="0.00" departed="1" arrived="0" entered="0" left="0" laneChangedFrom="0" laneChangedTo="0"/>
        <edge id="n_t" sampledSeconds="57.17" traveltime="152.91" overlapTraveltime="148.61" density="30.67" laneDensity="10.22" occupancy="5.07" waitingTime="49.00" timeLoss="51.38" speed="1.29" speedRelative="0.09" departed="1" arrived="0" entered="0" left="1" laneChangedFrom="0" laneChangedTo="0"/>
        <edge id="s_t" sampledSeconds="57.24" traveltime="143.91" overlapTraveltime="132.70" density="30.71" laneDensity="10.24" occupancy="5.06" waitingTime="46.00" timeLoss="50.90" speed="1.44" speedRelative="0.10" departed="1" arrived="0" entered="0" left="2" laneChangedFrom="0" laneChangedTo="0"/>
        <edge id="t_e" sampledSeconds="3.94" traveltime="22.52" overlapTraveltime="23.12" density="2.11" laneDensity="0.70" occupancy="0.31" waitingTime="0.00" timeLoss="1.75" speed="8.28" speedRelative="0.60" departed="0" arrived="0" entered="1" left="0" laneChangedFrom="0" laneChangedTo="0"/>
        <edge id="t_n" sampledSeconds="29.38" traveltime="15.16" overlapTraveltime="15.58" density="15.76" laneDensity="5.25" occupancy="2.55" waitingTime="0.00" timeLoss="2.91" speed="12.28" speedRelative="0.88" departed="0" arrived="3" entered="2" left="0" laneChangedFrom="0" laneChangedTo="0"/>
        <edge id="t_s" sampledSeconds="27.16" traveltime="14.12" overlapTraveltime="14.49" density="14.57" laneDensity="4.86" occupancy="2.33" waitingTime="0.00" timeLoss="2.14" speed="13.21" speedRelative="0.95" departed="0" arrived="3" entered="2" left="0" laneChangedFrom="0" laneChangedTo="0"/>
        <edge id="t_w" sampledSeconds="3.10" traveltime="22.59" overlapTraveltime="23.19" density="1.66" laneDensity="0.55" occupancy="0.24" waitingTime="0.00" timeLoss="1.24" speed="8.25" speedRelative="0.59" departed="0" arrived="0" entered="1" left="0" laneChangedFrom="0" laneChangedTo="0"/>
        <edge id="w_t" sampledSeconds="41.90" traveltime="2754.68" overlapTraveltime="1031.32" density="22.48" laneDensity="7.49" occupancy="3.71" waitingTime="40.00" timeLoss="40.93" speed="0.19" speedRelative="0.01" departed="1" arrived="0" entered="0" left="1" laneChangedFrom="0" laneChangedTo="0"/>
    </interval>
    <interval begin="260.00" end="270.00" id="1">
        <edge id="e_t" sampledSeconds="67.00" traveltime="61.62" overlapTraveltime="63.27" density="35.94" laneDensity="11.98" occupancy="5.99" waitingTime="40.00" timeLoss="52.62" speed="3.02" speedRelative="0.22" departed="4" arrived="0" entered="0" left="0" laneChangedFrom="5" laneChangedTo="5"/>
        <edge id="n_t" sampledSeconds="72.03" traveltime="58.44" overlapTraveltime="59.86" density="38.64" laneDensity="12.88" occupancy="6.37" waitingTime="40.00" timeLoss="55.65" speed="3.20" speedRelative="0.23" departed="2" arrived="0" entered="0" left="2" laneChangedFrom="3" laneChangedTo="3"/>
        <edge id="s_t" sampledSeconds="72.00" traveltime="55.05" overlapTraveltime="56.41" density="38.63" laneDensity="12.88" occupancy="6.38" waitingTime="40.00" timeLoss="54.89" speed="3.39" speedRelative="0.24" departed="2" arrived="0" entered="0" left="2" laneChangedFrom="3" laneChangedTo="3"/>
        <edge id="t_e" sampledSeconds="10.00" traveltime="12.97" overlapTraveltime="13.32" density="5.36" laneDensity="1.79" occupancy="0.89" waitingTime="0.00" timeLoss="0.34" speed="14.37" speedRelative="1.03" departed="0" arrived="0" entered="0" left="0" laneChangedFrom="0" laneChangedTo="0"/>
        <edge id="t_n" sampledSeconds="12.86" traveltime="14.11" overlapTraveltime="14.46" density="6.90" laneDensity="2.30" occupancy="1.13" waitingTime="0.00" timeLoss="0.48" speed="13.23" speedRelative="0.95" departed="0" arrived="2" entered="0" left="0" laneChangedFrom="0" laneChangedTo="0"/>
        <edge id="t_s" sampledSeconds="10.80" traveltime="13.51" overlapTraveltime="13.86" density="5.79" laneDensity="1.93" occupancy="0.93" waitingTime="0.00" timeLoss="0.48" speed="13.81" speedRelative="0.99" departed="0" arrived="2" entered="0" left="0" laneChangedFrom="0" laneChangedTo="0"/>
        <edge id="t_w" sampledSeconds="10.00" traveltime="13.97" overlapTraveltime="14.34" density="5.36" laneDensity="1.79" occupancy="0.89" waitingTime="0.00" timeLoss="0.31" speed="13.35" speedRelative="0.96" departed="0" arrived="0" entered="0" left="0" laneChangedFrom="0" laneChangedTo="0"/>
        <edge id="w_t" sampledSeconds="66.00" traveltime="54.58" overlapTraveltime="56.04" density="35.41" laneDensity="11.80" occupancy="5.90" waitingTime="40.00" timeLoss="50.07" speed="3.42" speedRelative="0.25" departed="4" arrived="0" entered="0" left="0" laneChangedFrom="5" laneChangedTo="5"/>
    </interval>
    <interval begin="270.00" end="280.00" id="1">
        <edge id="e_t" sampledSeconds="90.00" traveltime="32.48" overlapTraveltime="33.36" density="48.28" laneDensity="16.09" occupancy="8.05" waitingTime="43.00" timeLoss="55.77" speed="5.74" speedRelative="0.41" departed="0" arrived="0" entered="0" left="0" laneChangedFrom="1" laneChangedTo="1"/>
        <edge id="n_t" sampledSeconds="48.61" traveltime="21.45" overlapTraveltime="22.40" density="26.08" laneDensity="8.69" occupancy="4.20" waitingTime="3.00" timeLoss="19.29" speed="8.54" speedRelative="0.62" departed="0" arrived="0" entered="0" left="4" laneChangedFrom="0" laneChangedTo="0"/>
        <edge id="s_t" sampledSeconds="46.43" traveltime="21.89" overlapTraveltime="22.64" density="24.91" laneDensity="8.30" occupancy="4.03" waitingTime="2.00" timeLoss="18.28" speed="8.45" speedRelative="0.61" departed="0" arrived="0" entered="0" left="3" laneChangedFrom="0" laneChangedTo="0"/>
        <edge id="t_e" sampledSeconds="23.57" traveltime="15.69" overlapTraveltime="16.06" density="12.65" laneDensity="4.22" occupancy="2.00" waitingTime="0.00" timeLoss="2.33" speed="11.92" speedRelative="0.86" departed="0" arrived="1" entered="4" left="0" laneChangedFrom="0" laneChangedTo="0"/>
        <edge id="t_n" sampledSeconds="0.00" departed="0" arrived="0" entered="0" left="0" laneChangedFrom="0" laneChangedTo="0"/>
        <edge id="t_s" sampledSeconds="0.00" departed="0" arrived="0" entered="0" left="0" laneChangedFrom="0" laneChangedTo="0"/>
        <edge id="t_w" sampledSeconds="26.89" traveltime="14.63" overlapTraveltime="15.01" density="14.43" laneDensity="4.81" occupancy="2.30" waitingTime="0.00" timeLoss="2.47" speed="12.76" speedRelative="0.92" departed="0" arrived="1" entered="4" left="0" laneChangedFrom="0" laneChangedTo="0"/>
        <edge id="w_t" sampledSeconds="90.00" traveltime="38.41" overlapTraveltime="39.44" density="48.28" laneDensity="16.09" occupancy="8.05" waitingTime="46.00" timeLoss="57.55" speed="4.85" speedRelative="0.35" departed="0" arrived="0" entered="0" left="0" laneChangedFrom="1" laneChangedTo="1"/>
    </interval>
    <interval begin="280.00" end="290.00" id="1">
        <edge id="e_t" sampledSeconds="91.92" traveltime="115.39" overlapTraveltime="115.59" density="49.31" laneDensity="16.44" occupancy="8.18" waitingTime="70.00" timeLoss="81.72" speed="1.66" speedRelative="0.12" departed="1" arrived="0" entered="0" left="1" laneChangedFrom="0" laneChangedTo="0"/>
        <edge id="n_t" sampledSeconds="21.24" traveltime="61.72" overlapTraveltime="59.59" density="11.39" laneDensity="3.80" occupancy="1.86" waitingTime="10.00" timeLoss="16.17" speed="3.21" speedRelative="0.23" departed="3" arrived="0" entered="0" left="1" laneChangedFrom="2" laneChangedTo="2"/>
        <edge id="s_t" sampledSeconds="22.70" traveltime="64.77" overlapTraveltime="61.31" density="12.18" laneDensity="4.06" occupancy="1.96" waitingTime="10.00" timeLoss="17.08" speed="3.12" speedRelative="0.22" departed="3" arrived="0" entered="0" left="2" laneChangedFrom="2" laneChangedTo="2"/>
        <edge id="t_e" sampledSeconds="57.71" traveltime="15.70" overlapTraveltime="16.11" density="30.96" laneDensity="10.32" occupancy="5.05" waitingTime="0.00" timeLoss="6.71" speed="11.88" speedRelative="0.86" departed="0" arrived="2" entered="3" left="0" laneChangedFrom="0" laneChangedTo="0"/>
        <edge id="t_n" sampledSeconds="3.47" traveltime="17.86" overlapTraveltime="18.34" density="1.86" laneDensity="0.62" occupancy="0.28" waitingTime="0.00" timeLoss="1.14" speed="10.44" speedRelative="0.75" departed="0" arrived="0" entered="1" left="0" laneChangedFrom="0" laneChangedTo="0"/>
        <edge id="t_s" sampledSeconds="0.73" traveltime="35.21" overlapTraveltime="36.16" density="0.39" laneDensity="0.13" occupancy="0.03" waitingTime="0.00" timeLoss="0.46" speed="5.29" speedRelative="0.38" departed="0" arrived="0" entered="1" left="0" laneChangedFrom="0" laneChangedTo="0"/>
        <edge id="t_w" sampledSeconds="58.11" traveltime="14.31" overlapTraveltime="14.69" density="31.17" laneDensity="10.39" occupancy="5.09" waitingTime="0.00" timeLoss="5.72" speed="13.03" speedRelative="0.94" departed="0" arrived="2" entered="3" left="0" laneChangedFrom="0" laneChangedTo="0"/>
        <edge id="w_t" sampledSeconds="94.56" traveltime="84.86" overlapTraveltime="85.81" density="50.73" laneDensity="16.91" occupancy="8.42" waitingTime="68.00" timeLoss="77.86" speed="2.23" speedRelative="0.16" departed="1" arrived="0" entered="0" left="1" laneChangedFrom="0" laneChangedTo="0"/>
    </interval>
    <interval begin="290.00" end="300.00" id="1">
        <edge id="e_t" sampledSeconds="99.00" traveltime="87.52" overlapTraveltime="89.86" density="53.11" laneDensity="17.70" occupancy="8.85" waitingTime="80.00" timeLoss="83.08" speed="2.13" speedRelative="0.15" departed="1" arrived="0" entered="0" left="0" laneChangedFrom="2" laneChangedTo="2"/>
        <edge id="n_t" sampledSeconds="40.00" traveltime="20.65" overlapTraveltime="21.21" density="21.46" laneDensity="7.15" occupancy="3.58" waitingTime="10.00" timeLoss="14.50" speed="9.03" speedRelative="0.65" departed="0" arrived="0" entered="0" left="0" laneChangedFrom="1" laneChangedTo="1"/>
        <edge id="s_t" sampledSeconds="40.00" traveltime="20.15" overlapTraveltime="20.69" density="21.46" laneDensity="7.15" occupancy="3.58" waitingTime="10.00" timeLoss="15.21" speed="9.25" speedRelative="0.67" departed="0" arrived="0" entered="0" left="0" laneChangedFrom="1" laneChangedTo="1"/>
        <edge id="t_e" sampledSeconds="30.91" traveltime="15.22" overlapTraveltime="15.56" density="16.58" laneDensity="5.53" occupancy="2.71" waitingTime="0.00" timeLoss="3.19" speed="12.30" speedRelative="0.89" departed="0" arrived="5" entered="0" left="0" laneChangedFrom="0" laneChangedTo="0"/>
        <edge id="t_n" sampledSeconds="10.00" traveltime="12.63" overlapTraveltime="12.97" density="5.36" laneDensity="1.79" occupancy="0.89" waitingTime="0.00" timeLoss="0.50" speed="14.76" speedRelative="1.06" departed="0" arrived="0" entered="0" left="0" laneChangedFrom="0" laneChangedTo="0"/>
        <edge id="t_s" sampledSeconds="10.00" traveltime="15.37" overlapTraveltime="15.78" density="5.36" laneDensity="1.79" occupancy="0.89" waitingTime="0.00" timeLoss="1.34" speed="12.13" speedRelative="0.87" departed="0" arrived="0" entered="0" left="0" laneChangedFrom="0" laneChangedTo="0"/>
        <edge id="t_w" sampledSeconds="19.02" traveltime="13.32" overlapTraveltime="13.65" density="10.20" laneDensity="3.40" occupancy="1.65" waitingTime="0.00" timeLoss="0.98" speed="14.02" speedRelative="1.01" departed="0" arrived="5" entered="0" left="0" laneChangedFrom="0" laneChangedTo="0"/>
        <edge id="w_t" sampledSeconds="99.00" traveltime="85.73" overlapTraveltime="88.03" density="53.11" laneDensity="17.70" occupancy="8.85" waitingTime="80.00" timeLoss="84.37" speed="2.17" speedRelative="0.16" departed="1" arrived="0" entered="0" left="0" laneChangedFrom="2" laneChangedTo="2"/>
    </interval>
    <interval begin="300.00" end="310.00" id="1">
        <edge id="e_t" sampledSeconds="94.27" traveltime="86.56" overlapTraveltime="85.31" density="50.57" laneDensity="16.86" occupancy="8.30" waitingTime="60.00" timeLoss="75.71" speed="2.24" speedRelative="0.16" departed="2" arrived="0" entered="0" left="3" laneChangedFrom="1" laneChangedTo="1"/>
        <edge id="n_t" sampledSeconds="37.25" traveltime="58.59" overlapTraveltime="59.10" density="19.98" laneDensity="6.66" occupancy="3.29" waitingTime="22.00" timeLoss="27.85" speed="3.24" speedRelative="0.23" departed="1" arrived="0" entered="0" left="1" laneChangedFrom="0" laneChangedTo="0"/>
        <edge id="s_t" sampledSeconds="35.89" traveltime="58.44" overlapTraveltime="58.64" density="19.26" laneDensity="6.42" occupancy="3.18" waitingTime="21.00" timeLoss="27.91" speed="3.26" speedRelative="0.23" departed="1" arrived="0" entered="0" left="1" laneChangedFrom="0" laneChangedTo="0"/>
        <edge id="t_e" sampledSeconds="4.98" traveltime="16.86" overlapTraveltime="17.31" density="2.67" laneDensity="0.89" occupancy="0.39" waitingTime="0.00" timeLoss="1.37" speed="11.06" speedRelative="0.80" departed="0" arrived="0" entered="2" left="0" laneChangedFrom="0" laneChangedTo="0"/>
        <edge id="t_n" sampledSeconds="9.05" traveltime="14.64" overlapTraveltime="14.92" density="4.86" laneDensity="1.62" occupancy="0.76" waitingTime="0.00" timeLoss="1.58" speed="12.83" speedRelative="0.92" departed="0" arrived="1" entered="1" left="0" laneChangedFrom="0" laneChangedTo="0"/>
        <edge id="t_s" sampledSeconds="12.94" traveltime="15.42" overlapTraveltime="15.80" density="6.94" laneDensity="2.31" occupancy="1.10" waitingTime="0.00" timeLoss="1.79" speed="12.12" speedRelative="0.87" departed="0" arrived="1" entered="1" left="0" laneChangedFrom="0" laneChangedTo="0"/>
        <edge id="t_w" sampledSeconds="3.38" traveltime="21.31" overlapTraveltime="21.88" density="1.81" laneDensity="0.60" occupancy="0.24" waitingTime="0.00" timeLoss="1.19" speed="8.75" speedRelative="0.63" departed="0" arrived="0" entered="2" left="0" laneChangedFrom="0" laneChangedTo="0"/>
        <edge id="w_t" sampledSeconds="94.40" traveltime="86.85" overlapTraveltime="85.53" density="50.64" laneDensity="16.88" occupancy="8.32" waitingTime="62.00" timeLoss="79.09" speed="2.24" speedRelative="0.16" departed="2" arrived="0" entered="0" left="3" laneChangedFrom="1" laneChangedTo="1"/>
    </interval>
    <interval begin="310.00" end="320.00" id="1">
        <edge id="e_t" sampledSeconds="69.06" traveltime="51.74" overlapTraveltime="50.54" density="37.05" laneDensity="12.35" occupancy="6.09" waitingTime="39.00" timeLoss="49.22" speed="3.79" speedRelative="0.27" departed="0" arrived="0" entered="0" left="4" laneChangedFrom="0" laneChangedTo="0"/>
        <edge id="n_t" sampledSeconds="51.00" traveltime="61.49" overlapTraveltime="63.14" density="27.36" laneDensity="9.12" occupancy="4.56" waitingTime="30.00" timeLoss="39.92" speed="3.03" speedRelative="0.22" departed="2" arrived="0" entered="0" left="0" laneChangedFrom="3" laneChangedTo="3"/>
        <edge id="s_t" sampledSeconds="52.00" traveltime="55.54" overlapTraveltime="57.03" density="27.90" laneDensity="9.30" occupancy="4.65" waitingTime="30.00" timeLoss="39.36" speed="3.36" speedRelative="0.24" departed="2" arrived="0" entered="0" left="0" laneChangedFrom="3" laneChangedTo="3"/>
        <edge id="t_e" sampledSeconds="45.69" traveltime="13.86" overlapTraveltime="14.23" density="24.51" laneDensity="8.17" occupancy="4.00" waitingTime="0.00" timeLoss="2.22" speed="13.45" speedRelative="0.97" departed="0" arrived="1" entered="5" left="0" laneChangedFrom="0" laneChangedTo="0"/>
        <edge id="t_n" sampledSeconds="5.56" traveltime="12.54" overlapTraveltime="12.85" density="2.98" laneDensity="0.99" occupancy="0.48" waitingTime="0.00" timeLoss="0.24" speed="14.89" speedRelative="1.07" departed="0" arrived="1" entered="0" left="0" laneChangedFrom="0" laneChangedTo="0"/>
        <edge id="t_s" sampledSeconds="7.41" traveltime="13.68" overlapTraveltime="14.05" density="3.97" laneDensity="1.32" occupancy="0.65" waitingTime="0.00" timeLoss="0.25" speed="13.62" speedRelative="0.98" departed="0" arrived="1" entered="0" left="0" laneChangedFrom="0" laneChangedTo="0"/>
        <edge id="t_w" sampledSeconds="43.00" traveltime="14.43" overlapTraveltime="14.82" density="23.07" laneDensity="7.69" occupancy="3.77" waitingTime="0.00" timeLoss="2.91" speed="12.92" speedRelative="0.93" departed="0" arrived="0" entered="4" left="0" laneChangedFrom="0" laneChangedTo="0"/>
        <edge id="w_t" sampledSeconds="66.43" traveltime="52.09" overlapTraveltime="50.74" density="35.64" laneDensity="11.88" occupancy="5.85" waitingTime="40.00" timeLoss="48.72" speed="3.77" speedRelative="0.27" departed="0" arrived="0" entered="0" left="4" laneChangedFrom="0" laneChangedTo="0"/>
    </interval>
    <interval begin="320.00" end="330.00" id="1">
        <edge id="e_t" sampledSeconds="59.43" traveltime="72.04" overlapTraveltime="72.59" density="31.88" laneDensity="10.63" occupancy="5.28" waitingTime="40.00" timeLoss="47.54" speed="2.64" speedRelative="0.19" departed="2" arrived="0" entered="0" left="1" laneChangedFrom="3" laneChangedTo="3"/>
        <edge id="n_t" sampledSeconds="60.00" traveltime="33.73" overlapTraveltime="34.63" density="32.19" laneDensity="10.73" occupancy="5.36" waitingTime="31.00" timeLoss="37.09" speed="5.53" speedRelative="0.40" departed="0" arrived="0" entered="0" left="0" laneChangedFrom="0" laneChangedTo="0"/>
        <edge id="s_t" sampledSeconds="60.00" traveltime="33.90" overlapTraveltime="34.81" density="32.19" laneDensity="10.73" occupancy="5.36" waitingTime="31.00" timeLoss="36.77" speed="5.50" speedRelative="0.40" departed="0" arrived="0" entered="0" left="0" laneChangedFrom="0" laneChangedTo="0"/>
        <edge id="t_e" sampledSeconds="47.58" traveltime="15.09" overlapTraveltime="15.47" density="25.53" laneDensity="8.51" occupancy="4.19" waitingTime="0.00" timeLoss="4.89" speed="12.37" speedRelative="0.89" departed="0" arrived="4" entered="0" left="0" laneChangedFrom="0" laneChangedTo="0"/>
        <edge id="t_n" sampledSeconds="0.92" traveltime="35.17" overlapTraveltime="36.11" density="0.49" laneDensity="0.16" occupancy="0.04" waitingTime="0.00" timeLoss="0.56" speed="5.30" speedRelative="0.38" departed="0" arrived="0" entered="1" left="0" laneChangedFrom="0" laneChangedTo="0"/>
        <edge id="t_s" sampledSeconds="1.22" traveltime="24.19" overlapTraveltime="24.83" density="0.65" laneDensity="0.22" occupancy="0.08" waitingTime="0.00" timeLoss="0.57" speed="7.71" speedRelative="0.55" departed="0" arrived="0" entered="1" left="0" laneChangedFrom="0" laneChangedTo="0"/>
        <edge id="t_w" sampledSeconds="49.46" traveltime="14.78" overlapTraveltime="15.16" density="26.54" laneDensity="8.85" occupancy="4.37" waitingTime="0.00" timeLoss="4.01" speed="12.62" speedRelative="0.91" departed="0" arrived="4" entered="1" left="0" laneChangedFrom="0" laneChangedTo="0"/>
        <edge id="w_t" sampledSeconds="59.09" traveltime="64.16" overlapTraveltime="64.83" density="31.70" laneDensity="10.57" occupancy="5.25" waitingTime="40.00" timeLoss="46.75" speed="2.95" speedRelative="0.21" departed="2" arrived="0" entered="0" left="1" laneChangedFrom="3" laneChangedTo="3"/>
    </interval>
    <interval begin="330.00" end="340.00" id="1">
        <edge id="e_t" sampledSeconds="64.00" traveltime="43.92" overlapTraveltime="45.10" density="34.33" laneDensity="11.44" occupancy="5.72" waitingTime="40.00" timeLoss="44.88" speed="4.24" speedRelative="0.31" departed="1" arrived="0" entered="0" left="0" laneChangedFrom="0" laneChangedTo="0"/>
        <edge id="n_t" sampledSeconds="58.76" traveltime="198.17" overlapTraveltime="188.77" density="31.52" laneDensity="10.51" occupancy="5.22" waitingTime="48.00" timeLoss="54.24" speed="1.01" speedRelative="0.07" departed="2" arrived="0" entered="0" left="1" laneChangedFrom="1" laneChangedTo="1"/>
        <edge id="s_t" sampledSeconds="57.79" traveltime="265.14" overlapTraveltime="245.19" density="31.00" laneDensity="10.33" occupancy="5.13" waitingTime="47.00" timeLoss="54.43" speed="0.78" speedRelative="0.06" departed="2" arrived="0" entered="0" left="1" laneChangedFrom="1" laneChangedTo="1"/>
        <edge id="t_e" sampledSeconds="13.23" traveltime="14.35" overlapTraveltime="14.71" density="7.10" laneDensity="2.37" occupancy="1.11" waitingTime="0.00" timeLoss="1.65" speed="13.01" speedRelative="0.94" departed="0" arrived="2" entered="1" left="0" laneChangedFrom="0" laneChangedTo="0"/>
        <edge id="t_n" sampledSeconds="10.00" traveltime="15.86" overlapTraveltime="16.29" density="5.36" laneDensity="1.79" occupancy="0.89" waitingTime="0.00" timeLoss="1.25" speed="11.75" speedRelative="0.85" departed="0" arrived="0" entered="0" left="0" laneChangedFrom="0" laneChangedTo="0"/>
        <edge id="t_s" sampledSeconds="10.00" traveltime="14.02" overlapTraveltime="14.39" density="5.36" laneDensity="1.79" occupancy="0.89" waitingTime="0.00" timeLoss="0.79" speed="13.30" speedRelative="0.96" departed="0" arrived="0" entered="0" left="0" laneChangedFrom="0" laneChangedTo="0"/>
        <edge id="t_w" sampledSeconds="15.34" traveltime="16.28" overlapTraveltime="16.66" density="8.23" laneDensity="2.74" occupancy="1.32" waitingTime="0.00" timeLoss="2.31" speed="11.49" speedRelative="0.83" departed="0" arrived="3" entered="1" left="0" laneChangedFrom="0" laneChangedTo="0"/>
        <edge id="w_t" sampledSeconds="64.00" traveltime="43.55" overlapTraveltime="44.72" density="34.33" laneDensity="11.44" occupancy="5.72" waitingTime="40.00" timeLoss="46.19" speed="4.28" speedRelative="0.31" departed="1" arrived="0" entered="0" left="0" laneChangedFrom="0" laneChangedTo="0"/>
    </interval>
    <interval begin="340.00" end="350.00" id="1">
        <edge id="e_t" sampledSeconds="65.32" traveltime="51.11" overlapTraveltime="51.65" density="35.04" laneDensity="11.68" occupancy="5.72" waitingTime="24.00" timeLoss="45.76" speed="3.71" speedRelative="0.27" departed="1" arrived="0" entered="0" left="3" laneChangedFrom="1" laneChangedTo="1"/>
        <edge id="n_t" sampledSeconds="79.00" traveltime="46.47" overlapTraveltime="47.72" density="42.38" laneDensity="14.13" occupancy="7.06" waitingTime="50.00" timeLoss="56.54" speed="4.01" speedRelative="0.29" departed="1" arrived="0" entered="0" left="0" laneChangedFrom="2" laneChangedTo="2"/>
        <edge id="s_t" sampledSeconds="79.00" traveltime="46.64" overlapTraveltime="47.89" density="42.38" laneDensity="14.13" occupancy="7.06" waitingTime="50.00" timeLoss="56.82" speed="4.00" speedRelative="0.29" departed="1" arrived="0" entered="0" left="0" laneChangedFrom="2" laneChangedTo="2"/>
        <edge id="t_e" sampledSeconds="6.39" traveltime="12.48" overlapTraveltime="12.84" density="3.43" laneDensity="1.14" occupancy="0.56" waitingTime="0.00" timeLoss="0.29" speed="14.90" speedRelative="1.07" departed="0" arrived="1" entered="0" left="0" laneChangedFrom="0" laneChangedTo="0"/>
        <edge id="t_n" sampledSeconds="9.82" traveltime="15.84" overlapTraveltime="16.26" density="5.27" laneDensity="1.76" occupancy="0.83" waitingTime="0.00" timeLoss="0.97" speed="11.77" speedRelative="0.85" departed="0" arrived="1" entered="2" left="0" laneChangedFrom="0" laneChangedTo="0"/>
        <edge id="t_s" sampledSeconds="8.83" traveltime="15.08" overlapTraveltime="15.40" density="4.74" laneDensity="1.58" occupancy="0.73" waitingTime="0.00" timeLoss="0.91" speed="12.43" speedRelative="0.89" departed="0" arrived="1" entered="2" left="0" laneChangedFrom="0" laneChangedTo="0"/>
        <edge id="t_w" sampledSeconds="9.00" traveltime="12.99" overlapTraveltime="13.34" density="4.83" laneDensity="1.61" occupancy="0.80" waitingTime="0.00" timeLoss="0.27" speed="14.35" speedRelative="1.03" departed="0" arrived="1" entered="0" left="0" laneChangedFrom="0" laneChangedTo="0"/>
        <edge id="w_t" sampledSeconds="65.41" traveltime="49.34" overlapTraveltime="49.86" density="35.09" laneDensity="11.70" occupancy="5.73" waitingTime="25.00" timeLoss="47.15" speed="3.84" speedRelative="0.28" departed="1" arrived="0" entered="0" left="3" laneChangedFrom="1" laneChangedTo="1"/>
    </interval>
    <interval begin="350.00" end="360.00" id="1">
        <edge id="e_t" sampledSeconds="37.33" traveltime="28.63" overlapTraveltime="29.67" density="20.02" laneDensity="6.67" occupancy="3.22" waitingTime="10.00" timeLoss="18.09" speed="6.45" speedRelative="0.46" departed="1" arrived="0" entered="0" left="3" laneChangedFrom="2" laneChangedTo="2"/>
        <edge id="n_t" sampledSeconds="78.89" traveltime="87.51" overlapTraveltime="88.23" density="42.32" laneDensity="14.11" occupancy="7.01" waitingTime="62.00" timeLoss="66.37" speed="2.17" speedRelative="0.16" departed="0" arrived="0" entered="0" left="1" laneChangedFrom="0" laneChangedTo="0"/>
        <edge id="s_t" sampledSeconds="78.56" traveltime="88.65" overlapTraveltime="89.23" density="42.14" laneDensity="14.05" occupancy="6.99" waitingTime="62.00" timeLoss="65.49" speed="2.15" speedRelative="0.15" departed="0" arrived="0" entered="0" left="1" laneChangedFrom="0" laneChangedTo="0"/>
        <edge id="t_e" sampledSeconds="0.80" traveltime="31.31" overlapTraveltime="32.15" density="0.43" laneDensity="0.14" occupancy="0.03" waitingTime="0.00" timeLoss="0.47" speed="5.95" speedRelative="0.43" departed="0" arrived="0" entered="1" left="0" laneChangedFrom="0" laneChangedTo="0"/>
        <edge id="t_n" sampledSeconds="42.88" traveltime="17.24" overlapTraveltime="17.71" density="23.01" laneDensity="7.67" occupancy="3.72" waitingTime="0.00" timeLoss="7.84" speed="10.81" speedRelative="0.78" departed="0" arrived="0" entered="4" left="0" laneChangedFrom="0" laneChangedTo="0"/>
        <edge id="t_s" sampledSeconds="42.49" traveltime="15.26" overlapTraveltime="15.66" density="22.79" laneDensity="7.60" occupancy="3.70" waitingTime="0.00" timeLoss="5.02" speed="12.22" speedRelative="0.88" departed="0" arrived="0" entered="4" left="0" laneChangedFrom="0" laneChangedTo="0"/>
        <edge id="t_w" sampledSeconds="0.41" traveltime="32.12" overlapTraveltime="32.99" density="0.22" laneDensity="0.07" occupancy="0.01" waitingTime="0.00" timeLoss="0.24" speed="5.80" speedRelative="0.42" departed="0" arrived="0" entered="1" left="0" laneChangedFrom="0" laneChangedTo="0"/>
        <edge id="w_t" sampledSeconds="33.18" traveltime="29.49" overlapTraveltime="30.00" density="17.80" laneDensity="5.93" occupancy="2.87" waitingTime="10.00" timeLoss="16.84" speed="6.38" speedRelative="0.46" departed="1" arrived="0" entered="0" left="3" laneChangedFrom="2" laneChangedTo="2"/>
    </interval>
    <interval begin="360.00" end="361.00" id="1">
        <edge id="e_t" sampledSeconds="3.00" traveltime="31.10" overlapTraveltime="31.94" density="16.09" laneDensity="5.36" occupancy="2.68" waitingTime="1.00" timeLoss="1.76" speed="5.99" speedRelative="0.43" departed="1" arrived="0" entered="0" left="0" laneChangedFrom="0" laneChangedTo="0"/>
        <edge id="n_t" sampledSeconds="7.00" overlapTraveltime="100000.00" density="37.55" laneDensity="12.52" occupancy="6.26" waitingTime="7.00" timeLoss="7.00" speed="0.00" speedRelative="0.00" departed="1" arrived="0" entered="0" left="0" laneChangedFrom="0" laneChangedTo="0"/>
        <edge id="s_t" sampledSeconds="7.00" traveltime="100000.00" overlapTraveltime="100000.00" density="37.55" laneDensity="12.52" occupancy="6.26" waitingTime="7.00" timeLoss="7.00" speed="0.00" speedRelative="0.00" departed="1" arrived="0" entered="0" left="0" laneChangedFrom="0" laneChangedTo="0"/>
        <edge id="t_e" sampledSeconds="1.00" traveltime="23.22" overlapTraveltime="23.85" density="5.36" laneDensity="1.79" occupancy="0.89" waitingTime="0.00" timeLoss="0.44" speed="8.03" speedRelative="0.58" departed="0" arrived="0" entered="0" left="0" laneChangedFrom="0" laneChangedTo="0"/>
        <edge id="t_n" sampledSeconds="6.00" traveltime="16.91" overlapTraveltime="17.36" density="32.19" laneDensity="10.73" occupancy="5.36" waitingTime="0.00" timeLoss="1.06" speed="11.02" speedRelative="0.79" departed="0" arrived="0" entered="0" left="0" laneChangedFrom="0" laneChangedTo="0"/>
        <edge id="t_s" sampledSeconds="6.00" traveltime="15.91" overlapTraveltime="16.34" density="32.19" laneDensity="10.73" occupancy="5.36" waitingTime="0.00" timeLoss="0.80" speed="11.71" speedRelative="0.84" departed="0" arrived="0" entered="0" left="0" laneChangedFrom="0" laneChangedTo="0"/>
        <edge id="t_w" sampledSeconds="1.00" traveltime="25.07" overlapTraveltime="25.74" density="5.36" laneDensity="1.79" occupancy="0.81" waitingTime="0.00" timeLoss="0.47" speed="7.44" speedRelative="0.54" departed="0" arrived="0" entered="0" left="0" laneChangedFrom="0" laneChangedTo="0"/>
        <edge id="w_t" sampledSeconds="3.00" traveltime="36.75" overlapTraveltime="37.73" density="16.09" laneDensity="5.36" occupancy="2.68" waitingTime="1.00" timeLoss="1.80" speed="5.07" speedRelative="0.37" departed="1" arrived="0" entered="0" left="0" laneChangedFrom="0" laneChangedTo="0"/>
    </interval>
</meandata>
