<?xml version="1.0" encoding="UTF-8"?>

<!-- generated on 2025-08-18 17:10:14 by Eclipse SUMO GUI Version 1.16.0
<configuration xmlns:xsi="http://www.w3.org/2001/XMLSchema-instance" xsi:noNamespaceSchemaLocation="http://sumo.dlr.de/xsd/sumoConfiguration.xsd">

    <input>
        <net-file value="E:\txw\sumo-rl\nets\syc\1x1\Eq_350_BC_Wstr_Estr-Wleft_Eleft\Eq_140_40-60-20-80-Bus-Car\syc_4phases.net.xml"/>
        <route-files value="E:\txw\sumo-rl\nets\syc\1x1\Eq_350_BC_Wstr_Estr-Wleft_Eleft\Eq_140_40-60-20-80-Bus-Car\Eq_140_40-60-20-80-Bus-Car.rou.xml"/>
        <additional-files value="E:\txw\sumo-rl\nets\syc\1x1\Eq_350_BC_Wstr_Estr-Wleft_Eleft\Eq_140_40-60-20-80-Bus-Car\1x1_outputs.add.xml"/>
    </input>

    <output>
        <fcd-output value="E:\txw\sumo-rl\nets\syc\1x1\Eq_350_BC_Wstr_Estr-Wleft_Eleft\Eq_140_40-60-20-80-Bus-Car\output/fcd_output.xml"/>
        <tripinfo-output value="E:\txw\sumo-rl\nets\syc\1x1\Eq_350_BC_Wstr_Estr-Wleft_Eleft\Eq_140_40-60-20-80-Bus-Car\output/tripinfo.out.xml"/>
    </output>

    <time>
        <begin value="0"/>
        <end value="1000"/>
    </time>

</configuration>
-->

<tripinfos xmlns:xsi="http://www.w3.org/2001/XMLSchema-instance" xsi:noNamespaceSchemaLocation="http://sumo.dlr.de/xsd/tripinfo_file.xsd">
    <tripinfo id="flow_ew_car.0" depart="0.00" departLane="e_t_0" departPos="5.10" departSpeed="0.00" departDelay="0.00" arrival="32.00" arrivalLane="t_w_1" arrivalPos="186.40" arrivalSpeed="14.32" duration="32.00" routeLength="394.90" waitingTime="0.00" waitingCount="0" stopTime="0.00" timeLoss="4.90" rerouteNo="0" devices="tripinfo_flow_ew_car.0 fcd_flow_ew_car.0" vType="car" speedFactor="1.06" vaporized=""/>
    <tripinfo id="flow_we_car.0" depart="0.00" departLane="w_t_0" departPos="5.10" departSpeed="0.00" departDelay="0.00" arrival="33.00" arrivalLane="t_e_1" arrivalPos="186.40" arrivalSpeed="13.86" duration="33.00" routeLength="394.90" waitingTime="0.00" waitingCount="0" stopTime="0.00" timeLoss="4.13" rerouteNo="0" devices="tripinfo_flow_we_car.0 fcd_flow_we_car.0" vType="car" speedFactor="1.01" vaporized=""/>
    <tripinfo id="flow_we_bus.0" depart="3.00" departLane="w_t_0" departPos="5.10" departSpeed="0.00" departDelay="3.00" arrival="35.00" arrivalLane="t_e_1" arrivalPos="186.40" arrivalSpeed="13.90" duration="32.00" routeLength="394.90" waitingTime="0.00" waitingCount="0" stopTime="0.00" timeLoss="4.87" rerouteNo="0" devices="tripinfo_flow_we_bus.0 fcd_flow_we_bus.0" vType="bus" speedFactor="1.08" vaporized=""/>
    <tripinfo id="flow_ew_bus.0" depart="3.00" departLane="e_t_0" departPos="5.10" departSpeed="0.00" departDelay="3.00" arrival="38.00" arrivalLane="t_w_1" arrivalPos="186.40" arrivalSpeed="12.58" duration="35.00" routeLength="394.90" waitingTime="0.00" waitingCount="0" stopTime="0.00" timeLoss="4.06" rerouteNo="0" devices="tripinfo_flow_ew_bus.0 fcd_flow_ew_bus.0" vType="bus" speedFactor="0.94" vaporized=""/>
    <tripinfo id="flow_nw_car.0" depart="6.00" departLane="n_t_0" departPos="5.10" departSpeed="0.00" departDelay="6.00" arrival="41.00" arrivalLane="t_w_0" arrivalPos="186.40" arrivalSpeed="13.72" duration="35.00" routeLength="376.73" waitingTime="0.00" waitingCount="0" stopTime="0.00" timeLoss="6.48" rerouteNo="0" devices="tripinfo_flow_nw_car.0 fcd_flow_nw_car.0" vType="car" speedFactor="0.99" vaporized=""/>
    <tripinfo id="flow_se_car.0" depart="5.00" departLane="s_t_0" departPos="5.10" departSpeed="0.00" departDelay="5.00" arrival="41.00" arrivalLane="t_e_0" arrivalPos="186.40" arrivalSpeed="12.86" duration="36.00" routeLength="376.73" waitingTime="0.00" waitingCount="0" stopTime="0.00" timeLoss="6.21" rerouteNo="0" devices="tripinfo_flow_se_car.0 fcd_flow_se_car.0" vType="car" speedFactor="0.93" vaporized=""/>
    <tripinfo id="flow_en_car.0" depart="11.00" departLane="e_t_0" departPos="5.10" departSpeed="0.00" departDelay="11.00" arrival="47.00" arrivalLane="t_n_0" arrivalPos="186.40" arrivalSpeed="12.05" duration="36.00" routeLength="376.73" waitingTime="0.00" waitingCount="0" stopTime="0.00" timeLoss="5.49" rerouteNo="0" devices="tripinfo_flow_en_car.0 fcd_flow_en_car.0" vType="car" speedFactor="0.94" vaporized=""/>
    <tripinfo id="flow_ws_car.0" depart="10.00" departLane="w_t_0" departPos="5.10" departSpeed="0.00" departDelay="10.00" arrival="49.00" arrivalLane="t_s_0" arrivalPos="186.40" arrivalSpeed="11.38" duration="39.00" routeLength="376.73" waitingTime="0.00" waitingCount="0" stopTime="0.00" timeLoss="6.02" rerouteNo="0" devices="tripinfo_flow_ws_car.0 fcd_flow_ws_car.0" vType="car" speedFactor="0.86" vaporized=""/>
    <tripinfo id="flow_es_car.0" depart="6.00" departLane="e_t_0" departPos="5.10" departSpeed="0.00" departDelay="6.00" arrival="56.00" arrivalLane="t_s_2" arrivalPos="186.40" arrivalSpeed="13.71" duration="50.00" routeLength="392.21" waitingTime="12.00" waitingCount="1" stopTime="0.00" timeLoss="21.83" rerouteNo="0" devices="tripinfo_flow_es_car.0 fcd_flow_es_car.0" vType="car" speedFactor="1.03" vaporized=""/>
    <tripinfo id="flow_wn_car.0" depart="6.00" departLane="w_t_0" departPos="5.10" departSpeed="0.00" departDelay="6.00" arrival="56.00" arrivalLane="t_n_2" arrivalPos="186.40" arrivalSpeed="13.97" duration="50.00" routeLength="392.21" waitingTime="14.00" waitingCount="1" stopTime="0.00" timeLoss="22.21" rerouteNo="0" devices="tripinfo_flow_wn_car.0 fcd_flow_wn_car.0" vType="car" speedFactor="1.05" vaporized=""/>
    <tripinfo id="flow_wn_bus.0" depart="8.00" departLane="w_t_0" departPos="5.10" departSpeed="0.00" departDelay="8.00" arrival="61.00" arrivalLane="t_n_2" arrivalPos="186.40" arrivalSpeed="11.28" duration="53.00" routeLength="392.21" waitingTime="10.00" waitingCount="1" stopTime="0.00" timeLoss="19.80" rerouteNo="0" devices="tripinfo_flow_wn_bus.0 fcd_flow_wn_bus.0" vType="bus" speedFactor="0.89" vaporized=""/>
    <tripinfo id="flow_es_bus.0" depart="8.00" departLane="e_t_0" departPos="5.10" departSpeed="0.00" departDelay="8.00" arrival="62.00" arrivalLane="t_s_2" arrivalPos="186.40" arrivalSpeed="11.22" duration="54.00" routeLength="392.21" waitingTime="9.00" waitingCount="1" stopTime="0.00" timeLoss="18.62" rerouteNo="0" devices="tripinfo_flow_es_bus.0 fcd_flow_es_bus.0" vType="bus" speedFactor="0.83" vaporized=""/>
    <tripinfo id="flow_ws_car.1" depart="26.00" departLane="w_t_0" departPos="5.10" departSpeed="0.00" departDelay="0.29" arrival="62.00" arrivalLane="t_s_0" arrivalPos="186.40" arrivalSpeed="11.86" duration="36.00" routeLength="376.73" waitingTime="0.00" waitingCount="0" stopTime="0.00" timeLoss="6.45" rerouteNo="0" devices="tripinfo_flow_ws_car.1 fcd_flow_ws_car.1" vType="car" speedFactor="0.94" vaporized=""/>
    <tripinfo id="flow_en_car.1" depart="26.00" departLane="e_t_0" departPos="5.10" departSpeed="0.00" departDelay="0.29" arrival="63.00" arrivalLane="t_n_0" arrivalPos="186.40" arrivalSpeed="11.68" duration="37.00" routeLength="376.73" waitingTime="0.00" waitingCount="0" stopTime="0.00" timeLoss="5.07" rerouteNo="0" devices="tripinfo_flow_en_car.1 fcd_flow_en_car.1" vType="car" speedFactor="0.88" vaporized=""/>
    <tripinfo id="flow_nw_car.1" depart="32.00" departLane="n_t_0" departPos="5.10" departSpeed="0.00" departDelay="6.29" arrival="67.00" arrivalLane="t_w_0" arrivalPos="186.40" arrivalSpeed="13.03" duration="35.00" routeLength="376.73" waitingTime="0.00" waitingCount="0" stopTime="0.00" timeLoss="6.18" rerouteNo="0" devices="tripinfo_flow_nw_car.1 fcd_flow_nw_car.1" vType="car" speedFactor="0.97" vaporized=""/>
    <tripinfo id="flow_se_car.1" depart="31.00" departLane="s_t_0" departPos="5.10" departSpeed="0.00" departDelay="5.29" arrival="68.00" arrivalLane="t_e_0" arrivalPos="186.40" arrivalSpeed="11.52" duration="37.00" routeLength="376.73" waitingTime="0.00" waitingCount="0" stopTime="0.00" timeLoss="5.79" rerouteNo="0" devices="tripinfo_flow_se_car.1 fcd_flow_se_car.1" vType="car" speedFactor="0.89" vaporized=""/>
    <tripinfo id="flow_wn_car.1" depart="33.00" departLane="w_t_0" departPos="5.10" departSpeed="0.00" departDelay="0.86" arrival="71.00" arrivalLane="t_n_2" arrivalPos="186.40" arrivalSpeed="11.58" duration="38.00" routeLength="392.21" waitingTime="0.00" waitingCount="0" stopTime="0.00" timeLoss="4.63" rerouteNo="0" devices="tripinfo_flow_wn_car.1 fcd_flow_wn_car.1" vType="car" speedFactor="0.87" vaporized=""/>
    <tripinfo id="flow_es_car.1" depart="33.00" departLane="e_t_0" departPos="5.10" departSpeed="0.00" departDelay="0.86" arrival="73.00" arrivalLane="t_s_2" arrivalPos="186.40" arrivalSpeed="11.25" duration="40.00" routeLength="392.21" waitingTime="0.00" waitingCount="0" stopTime="0.00" timeLoss="4.79" rerouteNo="0" devices="tripinfo_flow_es_car.1 fcd_flow_es_car.1" vType="car" speedFactor="0.83" vaporized=""/>
    <tripinfo id="flow_en_car.2" depart="52.00" departLane="e_t_0" departPos="5.10" departSpeed="0.00" departDelay="0.57" arrival="83.00" arrivalLane="t_n_0" arrivalPos="186.40" arrivalSpeed="14.51" duration="31.00" routeLength="376.73" waitingTime="0.00" waitingCount="0" stopTime="0.00" timeLoss="6.52" rerouteNo="0" devices="tripinfo_flow_en_car.2 fcd_flow_en_car.2" vType="car" speedFactor="1.13" vaporized=""/>
    <tripinfo id="flow_ws_car.2" depart="52.00" departLane="w_t_0" departPos="5.10" departSpeed="0.00" departDelay="0.57" arrival="89.00" arrivalLane="t_s_0" arrivalPos="186.40" arrivalSpeed="12.50" duration="37.00" routeLength="376.73" waitingTime="0.00" waitingCount="0" stopTime="0.00" timeLoss="6.62" rerouteNo="0" devices="tripinfo_flow_ws_car.2 fcd_flow_ws_car.2" vType="car" speedFactor="0.93" vaporized=""/>
    <tripinfo id="flow_nw_car.2" depart="57.00" departLane="n_t_0" departPos="5.10" departSpeed="0.00" departDelay="5.57" arrival="92.00" arrivalLane="t_w_0" arrivalPos="186.40" arrivalSpeed="12.81" duration="35.00" routeLength="376.73" waitingTime="0.00" waitingCount="0" stopTime="0.00" timeLoss="7.14" rerouteNo="0" devices="tripinfo_flow_nw_car.2 fcd_flow_nw_car.2" vType="car" speedFactor="0.99" vaporized=""/>
    <tripinfo id="flow_ns_car.0" depart="0.00" departLane="n_t_0" departPos="5.10" departSpeed="0.00" departDelay="0.00" arrival="93.00" arrivalLane="t_s_1" arrivalPos="186.40" arrivalSpeed="14.85" duration="93.00" routeLength="394.90" waitingTime="57.00" waitingCount="1" stopTime="0.00" timeLoss="66.46" rerouteNo="0" devices="tripinfo_flow_ns_car.0 fcd_flow_ns_car.0" vType="car" speedFactor="1.09" vaporized=""/>
    <tripinfo id="flow_se_car.2" depart="57.00" departLane="s_t_0" departPos="5.10" departSpeed="0.00" departDelay="5.57" arrival="93.00" arrivalLane="t_e_0" arrivalPos="186.40" arrivalSpeed="13.79" duration="36.00" routeLength="376.73" waitingTime="0.00" waitingCount="0" stopTime="0.00" timeLoss="8.14" rerouteNo="0" devices="tripinfo_flow_se_car.2 fcd_flow_se_car.2" vType="car" speedFactor="1.02" vaporized=""/>
    <tripinfo id="flow_sn_car.0" depart="0.00" departLane="s_t_0" departPos="5.10" departSpeed="0.00" departDelay="0.00" arrival="94.00" arrivalLane="t_n_1" arrivalPos="186.40" arrivalSpeed="13.44" duration="94.00" routeLength="394.90" waitingTime="55.00" waitingCount="1" stopTime="0.00" timeLoss="65.98" rerouteNo="0" devices="tripinfo_flow_sn_car.0 fcd_flow_sn_car.0" vType="car" speedFactor="1.03" vaporized=""/>
    <tripinfo id="flow_sn_car.1" depart="26.00" departLane="s_t_0" departPos="5.10" departSpeed="0.00" departDelay="0.29" arrival="96.00" arrivalLane="t_n_1" arrivalPos="186.40" arrivalSpeed="15.32" duration="70.00" routeLength="394.90" waitingTime="33.00" waitingCount="1" stopTime="0.00" timeLoss="44.71" rerouteNo="0" devices="tripinfo_flow_sn_car.1 fcd_flow_sn_car.1" vType="car" speedFactor="1.16" vaporized=""/>
    <tripinfo id="flow_ns_car.1" depart="26.00" departLane="n_t_0" departPos="5.10" departSpeed="0.00" departDelay="0.29" arrival="97.00" arrivalLane="t_s_1" arrivalPos="186.40" arrivalSpeed="11.88" duration="71.00" routeLength="394.90" waitingTime="31.00" waitingCount="1" stopTime="0.00" timeLoss="40.23" rerouteNo="0" devices="tripinfo_flow_ns_car.1 fcd_flow_ns_car.1" vType="car" speedFactor="0.94" vaporized=""/>
    <tripinfo id="flow_sn_car.2" depart="52.00" departLane="s_t_0" departPos="5.10" departSpeed="0.00" departDelay="0.57" arrival="97.00" arrivalLane="t_n_1" arrivalPos="186.40" arrivalSpeed="14.80" duration="45.00" routeLength="394.90" waitingTime="10.00" waitingCount="1" stopTime="0.00" timeLoss="20.26" rerouteNo="0" devices="tripinfo_flow_sn_car.2 fcd_flow_sn_car.2" vType="car" speedFactor="1.15" vaporized=""/>
    <tripinfo id="flow_ns_car.2" depart="52.00" departLane="n_t_0" departPos="5.10" departSpeed="0.00" departDelay="0.57" arrival="99.00" arrivalLane="t_s_1" arrivalPos="186.40" arrivalSpeed="15.66" duration="47.00" routeLength="394.90" waitingTime="8.00" waitingCount="1" stopTime="0.00" timeLoss="21.98" rerouteNo="0" devices="tripinfo_flow_ns_car.2 fcd_flow_ns_car.2" vType="car" speedFactor="1.18" vaporized=""/>
    <tripinfo id="flow_ns_car.3" depart="78.00" departLane="n_t_0" departPos="5.10" departSpeed="0.00" departDelay="0.86" arrival="109.00" arrivalLane="t_s_1" arrivalPos="186.40" arrivalSpeed="14.51" duration="31.00" routeLength="394.90" waitingTime="0.00" waitingCount="0" stopTime="0.00" timeLoss="4.47" rerouteNo="0" devices="tripinfo_flow_ns_car.3 fcd_flow_ns_car.3" vType="car" speedFactor="1.09" vaporized=""/>
    <tripinfo id="flow_sn_car.3" depart="78.00" departLane="s_t_0" departPos="5.10" departSpeed="0.00" departDelay="0.86" arrival="110.00" arrivalLane="t_n_1" arrivalPos="186.40" arrivalSpeed="14.32" duration="32.00" routeLength="394.90" waitingTime="0.00" waitingCount="0" stopTime="0.00" timeLoss="3.97" rerouteNo="0" devices="tripinfo_flow_sn_car.3 fcd_flow_sn_car.3" vType="car" speedFactor="1.04" vaporized=""/>
    <tripinfo id="flow_en_car.3" depart="78.00" departLane="e_t_0" departPos="5.10" departSpeed="0.00" departDelay="0.86" arrival="111.00" arrivalLane="t_n_0" arrivalPos="186.40" arrivalSpeed="14.10" duration="33.00" routeLength="376.73" waitingTime="0.00" waitingCount="0" stopTime="0.00" timeLoss="5.36" rerouteNo="0" devices="tripinfo_flow_en_car.3 fcd_flow_en_car.3" vType="car" speedFactor="1.03" vaporized=""/>
    <tripinfo id="flow_ws_car.3" depart="78.00" departLane="w_t_0" departPos="5.10" departSpeed="0.00" departDelay="0.86" arrival="113.00" arrivalLane="t_s_0" arrivalPos="186.40" arrivalSpeed="12.29" duration="35.00" routeLength="376.73" waitingTime="0.00" waitingCount="0" stopTime="0.00" timeLoss="5.52" rerouteNo="0" devices="tripinfo_flow_ws_car.3 fcd_flow_ws_car.3" vType="car" speedFactor="0.96" vaporized=""/>
    <tripinfo id="flow_nw_car.3" depart="83.00" departLane="n_t_0" departPos="5.10" departSpeed="0.00" departDelay="5.86" arrival="117.00" arrivalLane="t_w_0" arrivalPos="186.40" arrivalSpeed="13.02" duration="34.00" routeLength="376.73" waitingTime="0.00" waitingCount="0" stopTime="0.00" timeLoss="5.94" rerouteNo="0" devices="tripinfo_flow_nw_car.3 fcd_flow_nw_car.3" vType="car" speedFactor="1.00" vaporized=""/>
    <tripinfo id="flow_se_car.3" depart="83.00" departLane="s_t_0" departPos="5.10" departSpeed="0.00" departDelay="5.86" arrival="121.00" arrivalLane="t_e_0" arrivalPos="186.40" arrivalSpeed="12.00" duration="38.00" routeLength="376.73" waitingTime="0.00" waitingCount="0" stopTime="0.00" timeLoss="6.01" rerouteNo="0" devices="tripinfo_flow_se_car.3 fcd_flow_se_car.3" vType="car" speedFactor="0.90" vaporized=""/>
    <tripinfo id="flow_sw_car.0" depart="3.00" departLane="s_t_0" departPos="5.10" departSpeed="0.00" departDelay="3.00" arrival="131.00" arrivalLane="t_w_2" arrivalPos="186.40" arrivalSpeed="14.70" duration="128.00" routeLength="392.21" waitingTime="92.00" waitingCount="1" stopTime="0.00" timeLoss="101.47" rerouteNo="0" devices="tripinfo_flow_sw_car.0 fcd_flow_sw_car.0" vType="car" speedFactor="1.12" vaporized=""/>
    <tripinfo id="flow_ne_car.0" depart="3.00" departLane="n_t_0" departPos="5.10" departSpeed="0.00" departDelay="3.00" arrival="132.00" arrivalLane="t_e_2" arrivalPos="186.40" arrivalSpeed="14.27" duration="129.00" routeLength="392.21" waitingTime="91.00" waitingCount="1" stopTime="0.00" timeLoss="101.08" rerouteNo="0" devices="tripinfo_flow_ne_car.0 fcd_flow_ne_car.0" vType="car" speedFactor="1.05" vaporized=""/>
    <tripinfo id="flow_ne_car.1" depart="29.00" departLane="n_t_0" departPos="5.10" departSpeed="0.00" departDelay="3.29" arrival="134.00" arrivalLane="t_e_2" arrivalPos="186.40" arrivalSpeed="13.57" duration="105.00" routeLength="392.21" waitingTime="66.00" waitingCount="1" stopTime="0.00" timeLoss="76.66" rerouteNo="0" devices="tripinfo_flow_ne_car.1 fcd_flow_ne_car.1" vType="car" speedFactor="1.02" vaporized=""/>
    <tripinfo id="flow_sw_car.1" depart="29.00" departLane="s_t_0" departPos="5.10" departSpeed="0.00" departDelay="3.29" arrival="134.00" arrivalLane="t_w_2" arrivalPos="186.40" arrivalSpeed="13.83" duration="105.00" routeLength="392.21" waitingTime="67.00" waitingCount="1" stopTime="0.00" timeLoss="76.05" rerouteNo="0" devices="tripinfo_flow_sw_car.1 fcd_flow_sw_car.1" vType="car" speedFactor="1.01" vaporized=""/>
    <tripinfo id="flow_ws_car.4" depart="103.00" departLane="w_t_0" departPos="5.10" departSpeed="0.00" departDelay="0.14" arrival="135.00" arrivalLane="t_s_0" arrivalPos="186.40" arrivalSpeed="14.99" duration="32.00" routeLength="376.73" waitingTime="0.00" waitingCount="0" stopTime="0.00" timeLoss="6.68" rerouteNo="0" devices="tripinfo_flow_ws_car.4 fcd_flow_ws_car.4" vType="car" speedFactor="1.10" vaporized=""/>
    <tripinfo id="flow_sw_car.2" depart="55.00" departLane="s_t_0" departPos="5.10" departSpeed="0.00" departDelay="3.57" arrival="136.00" arrivalLane="t_w_2" arrivalPos="186.40" arrivalSpeed="16.23" duration="81.00" routeLength="392.21" waitingTime="43.00" waitingCount="1" stopTime="0.00" timeLoss="55.69" rerouteNo="0" devices="tripinfo_flow_sw_car.2 fcd_flow_sw_car.2" vType="car" speedFactor="1.17" vaporized=""/>
    <tripinfo id="flow_ne_car.2" depart="55.00" departLane="n_t_0" departPos="5.10" departSpeed="0.00" departDelay="3.57" arrival="137.00" arrivalLane="t_e_2" arrivalPos="186.40" arrivalSpeed="13.46" duration="82.00" routeLength="392.21" waitingTime="42.00" waitingCount="1" stopTime="0.00" timeLoss="52.67" rerouteNo="0" devices="tripinfo_flow_ne_car.2 fcd_flow_ne_car.2" vType="car" speedFactor="1.01" vaporized=""/>
    <tripinfo id="flow_en_car.4" depart="103.00" departLane="e_t_0" departPos="5.10" departSpeed="0.00" departDelay="0.14" arrival="137.00" arrivalLane="t_n_0" arrivalPos="186.40" arrivalSpeed="13.98" duration="34.00" routeLength="376.73" waitingTime="0.00" waitingCount="0" stopTime="0.00" timeLoss="6.38" rerouteNo="0" devices="tripinfo_flow_en_car.4 fcd_flow_en_car.4" vType="car" speedFactor="1.02" vaporized=""/>
    <tripinfo id="flow_sw_car.3" depart="81.00" departLane="s_t_0" departPos="5.10" departSpeed="0.00" departDelay="3.86" arrival="138.00" arrivalLane="t_w_2" arrivalPos="186.40" arrivalSpeed="14.80" duration="57.00" routeLength="392.21" waitingTime="19.00" waitingCount="1" stopTime="0.00" timeLoss="29.77" rerouteNo="0" devices="tripinfo_flow_sw_car.3 fcd_flow_sw_car.3" vType="car" speedFactor="1.09" vaporized=""/>
    <tripinfo id="flow_ne_car.3" depart="81.00" departLane="n_t_0" departPos="5.10" departSpeed="0.00" departDelay="3.86" arrival="139.00" arrivalLane="t_e_2" arrivalPos="186.40" arrivalSpeed="13.63" duration="58.00" routeLength="392.21" waitingTime="18.00" waitingCount="1" stopTime="0.00" timeLoss="30.09" rerouteNo="0" devices="tripinfo_flow_ne_car.3 fcd_flow_ne_car.3" vType="car" speedFactor="1.04" vaporized=""/>
    <tripinfo id="flow_sw_car.4" depart="106.00" departLane="s_t_0" departPos="5.10" departSpeed="0.00" departDelay="3.14" arrival="140.00" arrivalLane="t_w_2" arrivalPos="186.40" arrivalSpeed="14.91" duration="34.00" routeLength="392.21" waitingTime="0.00" waitingCount="0" stopTime="0.00" timeLoss="8.45" rerouteNo="0" devices="tripinfo_flow_sw_car.4 fcd_flow_sw_car.4" vType="car" speedFactor="1.14" vaporized=""/>
    <tripinfo id="flow_nw_car.4" depart="109.00" departLane="n_t_0" departPos="5.10" departSpeed="0.00" departDelay="6.14" arrival="142.00" arrivalLane="t_w_0" arrivalPos="186.40" arrivalSpeed="13.65" duration="33.00" routeLength="376.73" waitingTime="0.00" waitingCount="0" stopTime="0.00" timeLoss="5.30" rerouteNo="0" devices="tripinfo_flow_nw_car.4 fcd_flow_nw_car.4" vType="car" speedFactor="1.02" vaporized=""/>
    <tripinfo id="flow_se_car.4" depart="108.00" departLane="s_t_0" departPos="5.10" departSpeed="0.00" departDelay="5.14" arrival="144.00" arrivalLane="t_e_0" arrivalPos="186.40" arrivalSpeed="12.38" duration="36.00" routeLength="376.73" waitingTime="0.00" waitingCount="0" stopTime="0.00" timeLoss="6.24" rerouteNo="0" devices="tripinfo_flow_se_car.4 fcd_flow_se_car.4" vType="car" speedFactor="0.97" vaporized=""/>
    <tripinfo id="flow_ne_car.4" depart="106.00" departLane="n_t_0" departPos="5.10" departSpeed="0.00" departDelay="3.14" arrival="145.00" arrivalLane="t_e_2" arrivalPos="186.40" arrivalSpeed="11.95" duration="39.00" routeLength="392.21" waitingTime="0.00" waitingCount="0" stopTime="0.00" timeLoss="6.33" rerouteNo="0" devices="tripinfo_flow_ne_car.4 fcd_flow_ne_car.4" vType="car" speedFactor="0.90" vaporized=""/>
    <tripinfo id="flow_nw_car.5" depart="134.00" departLane="n_t_0" departPos="5.10" departSpeed="0.00" departDelay="5.43" arrival="170.00" arrivalLane="t_w_0" arrivalPos="186.40" arrivalSpeed="12.41" duration="36.00" routeLength="376.73" waitingTime="0.00" waitingCount="0" stopTime="0.00" timeLoss="6.41" rerouteNo="0" devices="tripinfo_flow_nw_car.5 fcd_flow_nw_car.5" vType="car" speedFactor="0.96" vaporized=""/>
    <tripinfo id="flow_se_car.5" depart="134.00" departLane="s_t_0" departPos="5.10" departSpeed="0.00" departDelay="5.43" arrival="170.00" arrivalLane="t_e_0" arrivalPos="186.40" arrivalSpeed="12.46" duration="36.00" routeLength="376.73" waitingTime="0.00" waitingCount="0" stopTime="0.00" timeLoss="7.27" rerouteNo="0" devices="tripinfo_flow_se_car.5 fcd_flow_se_car.5" vType="car" speedFactor="0.98" vaporized=""/>
    <tripinfo id="flow_ew_car.1" depart="43.00" departLane="e_t_0" departPos="5.10" departSpeed="0.00" departDelay="0.14" arrival="172.00" arrivalLane="t_w_1" arrivalPos="186.40" arrivalSpeed="12.55" duration="129.00" routeLength="394.90" waitingTime="88.00" waitingCount="1" stopTime="0.00" timeLoss="97.64" rerouteNo="0" devices="tripinfo_flow_ew_car.1 fcd_flow_ew_car.1" vType="car" speedFactor="0.92" vaporized=""/>
    <tripinfo id="flow_we_car.1" depart="43.00" departLane="w_t_0" departPos="5.10" departSpeed="0.00" departDelay="0.14" arrival="172.00" arrivalLane="t_e_1" arrivalPos="186.40" arrivalSpeed="12.36" duration="129.00" routeLength="394.90" waitingTime="88.00" waitingCount="1" stopTime="0.00" timeLoss="98.16" rerouteNo="0" devices="tripinfo_flow_we_car.1 fcd_flow_we_car.1" vType="car" speedFactor="0.95" vaporized=""/>
    <tripinfo id="flow_ws_car.5" depart="139.00" departLane="w_t_0" departPos="5.10" departSpeed="0.00" departDelay="10.43" arrival="172.00" arrivalLane="t_s_0" arrivalPos="186.40" arrivalSpeed="13.60" duration="33.00" routeLength="376.73" waitingTime="0.00" waitingCount="0" stopTime="0.00" timeLoss="5.57" rerouteNo="0" devices="tripinfo_flow_ws_car.5 fcd_flow_ws_car.5" vType="car" speedFactor="1.02" vaporized=""/>
    <tripinfo id="flow_we_bus.1" depart="65.00" departLane="w_t_0" departPos="5.10" departSpeed="0.00" departDelay="0.71" arrival="173.00" arrivalLane="t_e_1" arrivalPos="186.40" arrivalSpeed="15.19" duration="108.00" routeLength="394.90" waitingTime="70.00" waitingCount="1" stopTime="0.00" timeLoss="83.54" rerouteNo="0" devices="tripinfo_flow_we_bus.1 fcd_flow_we_bus.1" vType="bus" speedFactor="1.18" vaporized=""/>
    <tripinfo id="flow_ew_bus.1" depart="65.00" departLane="e_t_0" departPos="5.10" departSpeed="0.00" departDelay="0.71" arrival="174.00" arrivalLane="t_w_1" arrivalPos="186.40" arrivalSpeed="12.47" duration="109.00" routeLength="394.90" waitingTime="68.00" waitingCount="1" stopTime="0.00" timeLoss="79.19" rerouteNo="0" devices="tripinfo_flow_ew_bus.1 fcd_flow_ew_bus.1" vType="bus" speedFactor="0.97" vaporized=""/>
    <tripinfo id="flow_en_car.5" depart="140.00" departLane="e_t_0" departPos="5.10" departSpeed="0.00" departDelay="11.43" arrival="174.00" arrivalLane="t_n_0" arrivalPos="186.40" arrivalSpeed="13.66" duration="34.00" routeLength="376.73" waitingTime="0.00" waitingCount="0" stopTime="0.00" timeLoss="6.64" rerouteNo="0" devices="tripinfo_flow_en_car.5 fcd_flow_en_car.5" vType="car" speedFactor="1.04" vaporized=""/>
    <tripinfo id="flow_ew_car.2" depart="86.00" departLane="e_t_0" departPos="5.10" departSpeed="0.00" departDelay="0.29" arrival="177.00" arrivalLane="t_w_1" arrivalPos="186.40" arrivalSpeed="11.89" duration="91.00" routeLength="394.90" waitingTime="48.00" waitingCount="1" stopTime="0.00" timeLoss="58.01" rerouteNo="0" devices="tripinfo_flow_ew_car.2 fcd_flow_ew_car.2" vType="car" speedFactor="0.88" vaporized=""/>
    <tripinfo id="flow_we_car.2" depart="86.00" departLane="w_t_0" departPos="5.10" departSpeed="0.00" departDelay="0.29" arrival="178.00" arrivalLane="t_e_1" arrivalPos="186.40" arrivalSpeed="11.24" duration="92.00" routeLength="394.90" waitingTime="48.00" waitingCount="1" stopTime="0.00" timeLoss="57.82" rerouteNo="0" devices="tripinfo_flow_we_car.2 fcd_flow_we_car.2" vType="car" speedFactor="0.85" vaporized=""/>
    <tripinfo id="flow_ew_car.3" depart="129.00" departLane="e_t_0" departPos="5.10" departSpeed="0.00" departDelay="0.43" arrival="179.00" arrivalLane="t_w_1" arrivalPos="186.40" arrivalSpeed="14.52" duration="50.00" routeLength="394.90" waitingTime="8.00" waitingCount="1" stopTime="0.00" timeLoss="22.80" rerouteNo="0" devices="tripinfo_flow_ew_car.3 fcd_flow_ew_car.3" vType="car" speedFactor="1.08" vaporized=""/>
    <tripinfo id="flow_we_car.3" depart="129.00" departLane="w_t_0" departPos="5.10" departSpeed="0.00" departDelay="0.43" arrival="179.00" arrivalLane="t_e_1" arrivalPos="186.40" arrivalSpeed="12.73" duration="50.00" routeLength="394.90" waitingTime="8.00" waitingCount="1" stopTime="0.00" timeLoss="21.91" rerouteNo="0" devices="tripinfo_flow_we_car.3 fcd_flow_we_car.3" vType="car" speedFactor="1.02" vaporized=""/>
    <tripinfo id="flow_ew_bus.2" depart="132.00" departLane="e_t_0" departPos="5.10" departSpeed="0.00" departDelay="3.43" arrival="180.00" arrivalLane="t_w_1" arrivalPos="186.40" arrivalSpeed="14.37" duration="48.00" routeLength="394.90" waitingTime="7.00" waitingCount="1" stopTime="0.00" timeLoss="22.25" rerouteNo="0" devices="tripinfo_flow_ew_bus.2 fcd_flow_ew_bus.2" vType="bus" speedFactor="1.12" vaporized=""/>
    <tripinfo id="flow_we_bus.2" depart="132.00" departLane="w_t_0" departPos="5.10" departSpeed="0.00" departDelay="3.43" arrival="181.00" arrivalLane="t_e_1" arrivalPos="186.40" arrivalSpeed="13.44" duration="49.00" routeLength="394.90" waitingTime="6.00" waitingCount="1" stopTime="0.00" timeLoss="19.85" rerouteNo="0" devices="tripinfo_flow_we_bus.2 fcd_flow_we_bus.2" vType="bus" speedFactor="0.99" vaporized=""/>
    <tripinfo id="flow_en_car.6" depart="155.00" departLane="e_t_0" departPos="5.10" departSpeed="0.00" departDelay="0.72" arrival="189.00" arrivalLane="t_n_0" arrivalPos="186.40" arrivalSpeed="13.16" duration="34.00" routeLength="376.73" waitingTime="0.00" waitingCount="0" stopTime="0.00" timeLoss="6.11" rerouteNo="0" devices="tripinfo_flow_en_car.6 fcd_flow_en_car.6" vType="car" speedFactor="1.03" vaporized=""/>
    <tripinfo id="flow_ws_car.6" depart="155.00" departLane="w_t_0" departPos="5.10" departSpeed="0.00" departDelay="0.72" arrival="189.00" arrivalLane="t_s_0" arrivalPos="186.40" arrivalSpeed="13.35" duration="34.00" routeLength="376.73" waitingTime="0.00" waitingCount="0" stopTime="0.00" timeLoss="5.71" rerouteNo="0" devices="tripinfo_flow_ws_car.6 fcd_flow_ws_car.6" vType="car" speedFactor="0.98" vaporized=""/>
    <tripinfo id="flow_nw_car.6" depart="160.00" departLane="n_t_0" departPos="5.10" departSpeed="0.00" departDelay="5.72" arrival="194.00" arrivalLane="t_w_0" arrivalPos="186.40" arrivalSpeed="13.54" duration="34.00" routeLength="376.73" waitingTime="0.00" waitingCount="0" stopTime="0.00" timeLoss="6.44" rerouteNo="0" devices="tripinfo_flow_nw_car.6 fcd_flow_nw_car.6" vType="car" speedFactor="1.02" vaporized=""/>
    <tripinfo id="flow_se_car.6" depart="160.00" departLane="s_t_0" departPos="5.10" departSpeed="0.00" departDelay="5.72" arrival="195.00" arrivalLane="t_e_0" arrivalPos="186.40" arrivalSpeed="12.99" duration="35.00" routeLength="376.73" waitingTime="0.00" waitingCount="0" stopTime="0.00" timeLoss="5.83" rerouteNo="0" devices="tripinfo_flow_se_car.6 fcd_flow_se_car.6" vType="car" speedFactor="0.97" vaporized=""/>
    <tripinfo id="flow_es_car.2" depart="68.00" departLane="e_t_0" departPos="5.10" departSpeed="0.00" departDelay="3.71" arrival="207.00" arrivalLane="t_s_2" arrivalPos="186.40" arrivalSpeed="14.62" duration="139.00" routeLength="392.21" waitingTime="102.00" waitingCount="1" stopTime="0.00" timeLoss="112.87" rerouteNo="0" devices="tripinfo_flow_es_car.2 fcd_flow_es_car.2" vType="car" speedFactor="1.10" vaporized=""/>
    <tripinfo id="flow_wn_car.2" depart="68.00" departLane="w_t_0" departPos="5.10" departSpeed="0.00" departDelay="3.71" arrival="210.00" arrivalLane="t_n_2" arrivalPos="186.40" arrivalSpeed="11.41" duration="142.00" routeLength="392.21" waitingTime="102.00" waitingCount="1" stopTime="0.00" timeLoss="110.05" rerouteNo="0" devices="tripinfo_flow_wn_car.2 fcd_flow_wn_car.2" vType="car" speedFactor="0.90" vaporized=""/>
    <tripinfo id="flow_wn_car.3" depart="97.00" departLane="w_t_0" departPos="5.10" departSpeed="0.00" departDelay="0.57" arrival="212.00" arrivalLane="t_n_2" arrivalPos="186.40" arrivalSpeed="14.88" duration="115.00" routeLength="392.21" waitingTime="77.00" waitingCount="1" stopTime="0.00" timeLoss="89.96" rerouteNo="0" devices="tripinfo_flow_wn_car.3 fcd_flow_wn_car.3" vType="car" speedFactor="1.17" vaporized=""/>
    <tripinfo id="flow_es_car.3" depart="97.00" departLane="e_t_0" departPos="5.10" departSpeed="0.00" departDelay="0.57" arrival="214.00" arrivalLane="t_s_2" arrivalPos="186.40" arrivalSpeed="11.26" duration="117.00" routeLength="392.21" waitingTime="72.00" waitingCount="1" stopTime="0.00" timeLoss="82.43" rerouteNo="0" devices="tripinfo_flow_es_car.3 fcd_flow_es_car.3" vType="car" speedFactor="0.85" vaporized=""/>
    <tripinfo id="flow_wn_car.4" depart="135.00" departLane="w_t_0" departPos="5.10" departSpeed="0.00" departDelay="6.43" arrival="214.00" arrivalLane="t_n_2" arrivalPos="186.40" arrivalSpeed="12.22" duration="79.00" routeLength="392.21" waitingTime="35.00" waitingCount="1" stopTime="0.00" timeLoss="46.99" rerouteNo="0" devices="tripinfo_flow_wn_car.4 fcd_flow_wn_car.4" vType="car" speedFactor="0.91" vaporized=""/>
    <tripinfo id="flow_en_car.7" depart="180.00" departLane="e_t_0" departPos="5.10" departSpeed="0.00" departDelay="0.00" arrival="214.00" arrivalLane="t_n_0" arrivalPos="186.40" arrivalSpeed="13.34" duration="34.00" routeLength="376.73" waitingTime="0.00" waitingCount="0" stopTime="0.00" timeLoss="6.52" rerouteNo="0" devices="tripinfo_flow_en_car.7 fcd_flow_en_car.7" vType="car" speedFactor="1.01" vaporized=""/>
    <tripinfo id="flow_ws_car.7" depart="180.00" departLane="w_t_0" departPos="5.10" departSpeed="0.00" departDelay="0.00" arrival="214.00" arrivalLane="t_s_0" arrivalPos="186.40" arrivalSpeed="13.44" duration="34.00" routeLength="376.73" waitingTime="0.00" waitingCount="0" stopTime="0.00" timeLoss="5.60" rerouteNo="0" devices="tripinfo_flow_ws_car.7 fcd_flow_ws_car.7" vType="car" speedFactor="1.02" vaporized=""/>
    <tripinfo id="flow_es_car.4" depart="135.00" departLane="e_t_0" departPos="5.10" departSpeed="0.00" departDelay="6.43" arrival="215.00" arrivalLane="t_s_2" arrivalPos="186.40" arrivalSpeed="12.13" duration="80.00" routeLength="392.21" waitingTime="37.00" waitingCount="1" stopTime="0.00" timeLoss="49.12" rerouteNo="0" devices="tripinfo_flow_es_car.4 fcd_flow_es_car.4" vType="car" speedFactor="0.94" vaporized=""/>
    <tripinfo id="flow_wn_bus.1" depart="137.00" departLane="w_t_0" departPos="5.10" departSpeed="0.00" departDelay="8.43" arrival="216.00" arrivalLane="t_n_2" arrivalPos="186.40" arrivalSpeed="11.83" duration="79.00" routeLength="392.21" waitingTime="35.00" waitingCount="1" stopTime="0.00" timeLoss="47.18" rerouteNo="0" devices="tripinfo_flow_wn_bus.1 fcd_flow_wn_bus.1" vType="bus" speedFactor="0.91" vaporized=""/>
    <tripinfo id="flow_nw_car.7" depart="185.00" departLane="n_t_0" departPos="5.10" departSpeed="0.00" departDelay="5.00" arrival="217.00" arrivalLane="t_w_0" arrivalPos="186.40" arrivalSpeed="14.09" duration="32.00" routeLength="376.73" waitingTime="0.00" waitingCount="0" stopTime="0.00" timeLoss="5.86" rerouteNo="0" devices="tripinfo_flow_nw_car.7 fcd_flow_nw_car.7" vType="car" speedFactor="1.09" vaporized=""/>
    <tripinfo id="flow_es_bus.1" depart="138.00" departLane="e_t_0" departPos="5.10" departSpeed="0.00" departDelay="9.43" arrival="218.00" arrivalLane="t_s_2" arrivalPos="186.40" arrivalSpeed="11.56" duration="80.00" routeLength="392.21" waitingTime="36.00" waitingCount="1" stopTime="0.00" timeLoss="47.14" rerouteNo="0" devices="tripinfo_flow_es_bus.1 fcd_flow_es_bus.1" vType="bus" speedFactor="0.88" vaporized=""/>
    <tripinfo id="flow_wn_car.5" depart="161.00" departLane="w_t_0" departPos="5.10" departSpeed="0.00" departDelay="0.29" arrival="218.00" arrivalLane="t_n_2" arrivalPos="186.40" arrivalSpeed="13.02" duration="57.00" routeLength="392.21" waitingTime="16.00" waitingCount="1" stopTime="0.00" timeLoss="27.37" rerouteNo="0" devices="tripinfo_flow_wn_car.5 fcd_flow_wn_car.5" vType="car" speedFactor="0.98" vaporized=""/>
    <tripinfo id="flow_se_car.7" depart="185.00" departLane="s_t_0" departPos="5.10" departSpeed="0.00" departDelay="5.00" arrival="218.00" arrivalLane="t_e_0" arrivalPos="186.40" arrivalSpeed="13.68" duration="33.00" routeLength="376.73" waitingTime="0.00" waitingCount="0" stopTime="0.00" timeLoss="6.63" rerouteNo="0" devices="tripinfo_flow_se_car.7 fcd_flow_se_car.7" vType="car" speedFactor="1.06" vaporized=""/>
    <tripinfo id="flow_es_car.5" depart="161.00" departLane="e_t_0" departPos="5.10" departSpeed="0.00" departDelay="0.29" arrival="220.00" arrivalLane="t_s_2" arrivalPos="186.40" arrivalSpeed="15.55" duration="59.00" routeLength="392.21" waitingTime="16.00" waitingCount="1" stopTime="0.00" timeLoss="33.11" rerouteNo="0" devices="tripinfo_flow_es_car.5 fcd_flow_es_car.5" vType="car" speedFactor="1.15" vaporized=""/>
    <tripinfo id="flow_wn_car.6" depart="196.00" departLane="w_t_0" departPos="5.10" departSpeed="0.00" departDelay="3.14" arrival="228.00" arrivalLane="t_n_2" arrivalPos="186.40" arrivalSpeed="14.23" duration="32.00" routeLength="392.21" waitingTime="0.00" waitingCount="0" stopTime="0.00" timeLoss="5.63" rerouteNo="0" devices="tripinfo_flow_wn_car.6 fcd_flow_wn_car.6" vType="car" speedFactor="1.10" vaporized=""/>
    <tripinfo id="flow_es_car.6" depart="196.00" departLane="e_t_0" departPos="5.10" departSpeed="0.00" departDelay="3.14" arrival="229.00" arrivalLane="t_s_2" arrivalPos="186.40" arrivalSpeed="15.20" duration="33.00" routeLength="392.21" waitingTime="0.00" waitingCount="0" stopTime="0.00" timeLoss="7.18" rerouteNo="0" devices="tripinfo_flow_es_car.6 fcd_flow_es_car.6" vType="car" speedFactor="1.12" vaporized=""/>
    <tripinfo id="flow_en_car.8" depart="206.00" departLane="e_t_0" departPos="5.10" departSpeed="0.00" departDelay="0.29" arrival="239.00" arrivalLane="t_n_0" arrivalPos="186.40" arrivalSpeed="14.68" duration="33.00" routeLength="376.73" waitingTime="0.00" waitingCount="0" stopTime="0.00" timeLoss="6.20" rerouteNo="0" devices="tripinfo_flow_en_car.8 fcd_flow_en_car.8" vType="car" speedFactor="1.06" vaporized=""/>
    <tripinfo id="flow_se_car.8" depart="211.00" departLane="s_t_0" departPos="5.10" departSpeed="0.00" departDelay="5.29" arrival="245.00" arrivalLane="t_e_0" arrivalPos="186.40" arrivalSpeed="14.10" duration="34.00" routeLength="376.73" waitingTime="0.00" waitingCount="0" stopTime="0.00" timeLoss="6.96" rerouteNo="0" devices="tripinfo_flow_se_car.8 fcd_flow_se_car.8" vType="car" speedFactor="1.03" vaporized=""/>
    <tripinfo id="flow_ws_car.8" depart="206.00" departLane="w_t_0" departPos="5.10" departSpeed="0.00" departDelay="0.29" arrival="246.00" arrivalLane="t_s_0" arrivalPos="186.40" arrivalSpeed="12.13" duration="40.00" routeLength="376.73" waitingTime="0.00" waitingCount="0" stopTime="0.00" timeLoss="10.79" rerouteNo="0" devices="tripinfo_flow_ws_car.8 fcd_flow_ws_car.8" vType="car" speedFactor="0.96" vaporized=""/>
    <tripinfo id="flow_nw_car.8" depart="212.00" departLane="n_t_0" departPos="5.10" departSpeed="0.00" departDelay="6.29" arrival="246.00" arrivalLane="t_w_0" arrivalPos="186.40" arrivalSpeed="14.00" duration="34.00" routeLength="376.73" waitingTime="0.00" waitingCount="0" stopTime="0.00" timeLoss="6.48" rerouteNo="0" devices="tripinfo_flow_nw_car.8 fcd_flow_nw_car.8" vType="car" speedFactor="1.01" vaporized=""/>
    <tripinfo id="flow_ns_car.4" depart="103.00" departLane="n_t_0" departPos="5.10" departSpeed="0.00" departDelay="0.14" arrival="247.00" arrivalLane="t_s_1" arrivalPos="186.40" arrivalSpeed="13.42" duration="144.00" routeLength="394.90" waitingTime="104.00" waitingCount="1" stopTime="0.00" timeLoss="114.88" rerouteNo="0" devices="tripinfo_flow_ns_car.4 fcd_flow_ns_car.4" vType="car" speedFactor="1.00" vaporized=""/>
    <tripinfo id="flow_sn_car.4" depart="103.00" departLane="s_t_0" departPos="5.10" departSpeed="0.00" departDelay="0.14" arrival="247.00" arrivalLane="t_n_1" arrivalPos="186.40" arrivalSpeed="12.98" duration="144.00" routeLength="394.90" waitingTime="105.00" waitingCount="1" stopTime="0.00" timeLoss="114.81" rerouteNo="0" devices="tripinfo_flow_sn_car.4 fcd_flow_sn_car.4" vType="car" speedFactor="1.00" vaporized=""/>
    <tripinfo id="flow_ns_car.5" depart="129.00" departLane="n_t_0" departPos="5.10" departSpeed="0.00" departDelay="0.43" arrival="249.00" arrivalLane="t_s_1" arrivalPos="186.40" arrivalSpeed="14.10" duration="120.00" routeLength="394.90" waitingTime="80.00" waitingCount="1" stopTime="0.00" timeLoss="91.23" rerouteNo="0" devices="tripinfo_flow_ns_car.5 fcd_flow_ns_car.5" vType="car" speedFactor="1.02" vaporized=""/>
    <tripinfo id="flow_sn_car.5" depart="129.00" departLane="s_t_0" departPos="5.10" departSpeed="0.00" departDelay="0.43" arrival="249.00" arrivalLane="t_n_1" arrivalPos="186.40" arrivalSpeed="12.22" duration="120.00" routeLength="394.90" waitingTime="80.00" waitingCount="1" stopTime="0.00" timeLoss="90.18" rerouteNo="0" devices="tripinfo_flow_sn_car.5 fcd_flow_sn_car.5" vType="car" speedFactor="0.97" vaporized=""/>
    <tripinfo id="flow_ns_car.6" depart="155.00" departLane="n_t_0" departPos="5.10" departSpeed="0.00" departDelay="0.72" arrival="250.00" arrivalLane="t_s_1" arrivalPos="186.40" arrivalSpeed="13.89" duration="95.00" routeLength="394.90" waitingTime="57.00" waitingCount="1" stopTime="0.00" timeLoss="66.51" rerouteNo="0" devices="tripinfo_flow_ns_car.6 fcd_flow_ns_car.6" vType="car" speedFactor="1.01" vaporized=""/>
    <tripinfo id="flow_sn_car.6" depart="155.00" departLane="s_t_0" departPos="5.10" departSpeed="0.00" departDelay="0.72" arrival="250.00" arrivalLane="t_n_1" arrivalPos="186.40" arrivalSpeed="14.37" duration="95.00" routeLength="394.90" waitingTime="57.00" waitingCount="1" stopTime="0.00" timeLoss="68.78" rerouteNo="0" devices="tripinfo_flow_sn_car.6 fcd_flow_sn_car.6" vType="car" speedFactor="1.09" vaporized=""/>
    <tripinfo id="flow_ns_car.7" depart="180.00" departLane="n_t_0" departPos="5.10" departSpeed="0.00" departDelay="0.00" arrival="252.00" arrivalLane="t_s_1" arrivalPos="186.40" arrivalSpeed="13.05" duration="72.00" routeLength="394.90" waitingTime="33.00" waitingCount="1" stopTime="0.00" timeLoss="43.66" rerouteNo="0" devices="tripinfo_flow_ns_car.7 fcd_flow_ns_car.7" vType="car" speedFactor="1.02" vaporized=""/>
    <tripinfo id="flow_sn_car.7" depart="180.00" departLane="s_t_0" departPos="5.10" departSpeed="0.00" departDelay="0.00" arrival="254.00" arrivalLane="t_n_1" arrivalPos="186.40" arrivalSpeed="11.29" duration="74.00" routeLength="394.90" waitingTime="32.00" waitingCount="1" stopTime="0.00" timeLoss="41.79" rerouteNo="0" devices="tripinfo_flow_sn_car.7 fcd_flow_sn_car.7" vType="car" speedFactor="0.89" vaporized=""/>
    <tripinfo id="flow_ns_car.8" depart="206.00" departLane="n_t_0" departPos="5.10" departSpeed="0.00" departDelay="0.29" arrival="255.00" arrivalLane="t_s_1" arrivalPos="186.40" arrivalSpeed="13.16" duration="49.00" routeLength="394.90" waitingTime="8.00" waitingCount="1" stopTime="0.00" timeLoss="18.81" rerouteNo="0" devices="tripinfo_flow_ns_car.8 fcd_flow_ns_car.8" vType="car" speedFactor="0.97" vaporized=""/>
    <tripinfo id="flow_sn_car.8" depart="206.00" departLane="s_t_0" departPos="5.10" departSpeed="0.00" departDelay="0.29" arrival="256.00" arrivalLane="t_n_1" arrivalPos="186.40" arrivalSpeed="11.96" duration="50.00" routeLength="394.90" waitingTime="9.00" waitingCount="1" stopTime="0.00" timeLoss="19.64" rerouteNo="0" devices="tripinfo_flow_sn_car.8 fcd_flow_sn_car.8" vType="car" speedFactor="0.95" vaporized=""/>
    <tripinfo id="flow_ns_car.9" depart="232.00" departLane="n_t_0" departPos="5.10" departSpeed="0.00" departDelay="0.57" arrival="263.00" arrivalLane="t_s_1" arrivalPos="186.40" arrivalSpeed="15.16" duration="31.00" routeLength="394.90" waitingTime="0.00" waitingCount="0" stopTime="0.00" timeLoss="4.55" rerouteNo="0" devices="tripinfo_flow_ns_car.9 fcd_flow_ns_car.9" vType="car" speedFactor="1.10" vaporized=""/>
    <tripinfo id="flow_en_car.9" depart="232.00" departLane="e_t_0" departPos="5.10" departSpeed="0.00" departDelay="0.57" arrival="264.00" arrivalLane="t_n_0" arrivalPos="186.40" arrivalSpeed="14.62" duration="32.00" routeLength="376.73" waitingTime="0.00" waitingCount="0" stopTime="0.00" timeLoss="6.33" rerouteNo="0" devices="tripinfo_flow_en_car.9 fcd_flow_en_car.9" vType="car" speedFactor="1.10" vaporized=""/>
    <tripinfo id="flow_ws_car.9" depart="232.00" departLane="w_t_0" departPos="5.10" departSpeed="0.00" departDelay="0.57" arrival="266.00" arrivalLane="t_s_0" arrivalPos="186.40" arrivalSpeed="13.00" duration="34.00" routeLength="376.73" waitingTime="0.00" waitingCount="0" stopTime="0.00" timeLoss="6.29" rerouteNo="0" devices="tripinfo_flow_ws_car.9 fcd_flow_ws_car.9" vType="car" speedFactor="1.01" vaporized=""/>
    <tripinfo id="flow_sn_car.9" depart="232.00" departLane="s_t_0" departPos="5.10" departSpeed="0.00" departDelay="0.57" arrival="267.00" arrivalLane="t_n_1" arrivalPos="186.40" arrivalSpeed="11.81" duration="35.00" routeLength="394.90" waitingTime="0.00" waitingCount="0" stopTime="0.00" timeLoss="4.07" rerouteNo="0" devices="tripinfo_flow_sn_car.9 fcd_flow_sn_car.9" vType="car" speedFactor="0.92" vaporized=""/>
    <tripinfo id="flow_se_car.9" depart="237.00" departLane="s_t_0" departPos="5.10" departSpeed="0.00" departDelay="5.57" arrival="270.00" arrivalLane="t_e_0" arrivalPos="186.40" arrivalSpeed="14.66" duration="33.00" routeLength="376.73" waitingTime="0.00" waitingCount="0" stopTime="0.00" timeLoss="6.44" rerouteNo="0" devices="tripinfo_flow_se_car.9 fcd_flow_se_car.9" vType="car" speedFactor="1.07" vaporized=""/>
    <tripinfo id="flow_nw_car.9" depart="237.00" departLane="n_t_0" departPos="5.10" departSpeed="0.00" departDelay="5.57" arrival="272.00" arrivalLane="t_w_0" arrivalPos="186.40" arrivalSpeed="13.65" duration="35.00" routeLength="376.73" waitingTime="0.00" waitingCount="0" stopTime="0.00" timeLoss="6.25" rerouteNo="0" devices="tripinfo_flow_nw_car.9 fcd_flow_nw_car.9" vType="car" speedFactor="0.99" vaporized=""/>
    <tripinfo id="flow_sw_car.5" depart="132.00" departLane="s_t_0" departPos="5.10" departSpeed="0.00" departDelay="3.43" arrival="284.00" arrivalLane="t_w_2" arrivalPos="186.40" arrivalSpeed="13.91" duration="152.00" routeLength="392.21" waitingTime="114.00" waitingCount="1" stopTime="0.00" timeLoss="123.92" rerouteNo="0" devices="tripinfo_flow_sw_car.5 fcd_flow_sw_car.5" vType="car" speedFactor="1.06" vaporized=""/>
    <tripinfo id="flow_ne_car.5" depart="132.00" departLane="n_t_0" departPos="5.10" departSpeed="0.00" departDelay="3.43" arrival="286.00" arrivalLane="t_e_2" arrivalPos="186.40" arrivalSpeed="12.02" duration="154.00" routeLength="392.21" waitingTime="113.00" waitingCount="1" stopTime="0.00" timeLoss="122.58" rerouteNo="0" devices="tripinfo_flow_ne_car.5 fcd_flow_ne_car.5" vType="car" speedFactor="0.94" vaporized=""/>
    <tripinfo id="flow_ne_car.6" depart="158.00" departLane="n_t_0" departPos="5.10" departSpeed="0.00" departDelay="3.72" arrival="287.00" arrivalLane="t_e_2" arrivalPos="186.40" arrivalSpeed="13.67" duration="129.00" routeLength="392.21" waitingTime="91.00" waitingCount="1" stopTime="0.00" timeLoss="100.93" rerouteNo="0" devices="tripinfo_flow_ne_car.6 fcd_flow_ne_car.6" vType="car" speedFactor="1.03" vaporized=""/>
    <tripinfo id="flow_sw_car.6" depart="158.00" departLane="s_t_0" departPos="5.10" departSpeed="0.00" departDelay="3.72" arrival="287.00" arrivalLane="t_w_2" arrivalPos="186.40" arrivalSpeed="13.80" duration="129.00" routeLength="392.21" waitingTime="90.00" waitingCount="1" stopTime="0.00" timeLoss="99.32" rerouteNo="0" devices="tripinfo_flow_sw_car.6 fcd_flow_sw_car.6" vType="car" speedFactor="1.00" vaporized=""/>
    <tripinfo id="flow_sw_car.7" depart="183.00" departLane="s_t_0" departPos="5.10" departSpeed="0.00" departDelay="3.00" arrival="290.00" arrivalLane="t_w_2" arrivalPos="186.40" arrivalSpeed="11.67" duration="107.00" routeLength="392.21" waitingTime="64.00" waitingCount="1" stopTime="0.00" timeLoss="75.57" rerouteNo="0" devices="tripinfo_flow_sw_car.7 fcd_flow_sw_car.7" vType="car" speedFactor="0.92" vaporized=""/>
    <tripinfo id="flow_ne_car.7" depart="183.00" departLane="n_t_0" departPos="5.10" departSpeed="0.00" departDelay="3.00" arrival="292.00" arrivalLane="t_e_2" arrivalPos="186.40" arrivalSpeed="11.08" duration="109.00" routeLength="392.21" waitingTime="65.00" waitingCount="1" stopTime="0.00" timeLoss="74.43" rerouteNo="0" devices="tripinfo_flow_ne_car.7 fcd_flow_ne_car.7" vType="car" speedFactor="0.83" vaporized=""/>
    <tripinfo id="flow_sw_car.8" depart="209.00" departLane="s_t_0" departPos="5.10" departSpeed="0.00" departDelay="3.29" arrival="292.00" arrivalLane="t_w_2" arrivalPos="186.40" arrivalSpeed="14.50" duration="83.00" routeLength="392.21" waitingTime="42.00" waitingCount="1" stopTime="0.00" timeLoss="55.51" rerouteNo="0" devices="tripinfo_flow_sw_car.8 fcd_flow_sw_car.8" vType="car" speedFactor="1.07" vaporized=""/>
    <tripinfo id="flow_nw_car.10" depart="263.00" departLane="n_t_0" departPos="5.10" departSpeed="0.00" departDelay="5.86" arrival="293.00" arrivalLane="t_w_0" arrivalPos="186.40" arrivalSpeed="16.68" duration="30.00" routeLength="376.73" waitingTime="0.00" waitingCount="0" stopTime="0.00" timeLoss="6.63" rerouteNo="0" devices="tripinfo_flow_nw_car.10 fcd_flow_nw_car.10" vType="car" speedFactor="1.23" vaporized=""/>
    <tripinfo id="flow_ne_car.8" depart="209.00" departLane="n_t_0" departPos="5.10" departSpeed="0.00" departDelay="3.29" arrival="294.00" arrivalLane="t_e_2" arrivalPos="186.40" arrivalSpeed="11.40" duration="85.00" routeLength="392.21" waitingTime="40.00" waitingCount="1" stopTime="0.00" timeLoss="52.55" rerouteNo="0" devices="tripinfo_flow_ne_car.8 fcd_flow_ne_car.8" vType="car" speedFactor="0.89" vaporized=""/>
    <tripinfo id="flow_sw_car.9" depart="235.00" departLane="s_t_0" departPos="5.10" departSpeed="0.00" departDelay="3.57" arrival="294.00" arrivalLane="t_w_2" arrivalPos="186.40" arrivalSpeed="13.24" duration="59.00" routeLength="392.21" waitingTime="16.00" waitingCount="1" stopTime="0.00" timeLoss="29.66" rerouteNo="0" devices="tripinfo_flow_sw_car.9 fcd_flow_sw_car.9" vType="car" speedFactor="1.00" vaporized=""/>
    <tripinfo id="flow_ne_car.9" depart="235.00" departLane="n_t_0" departPos="5.10" departSpeed="0.00" departDelay="3.57" arrival="296.00" arrivalLane="t_e_2" arrivalPos="186.40" arrivalSpeed="16.29" duration="61.00" routeLength="392.21" waitingTime="19.00" waitingCount="1" stopTime="0.00" timeLoss="35.65" rerouteNo="0" devices="tripinfo_flow_ne_car.9 fcd_flow_ne_car.9" vType="car" speedFactor="1.18" vaporized=""/>
    <tripinfo id="flow_sw_car.10" depart="261.00" departLane="s_t_0" departPos="5.10" departSpeed="0.00" departDelay="3.86" arrival="296.00" arrivalLane="t_w_2" arrivalPos="186.40" arrivalSpeed="13.92" duration="35.00" routeLength="392.21" waitingTime="0.00" waitingCount="0" stopTime="0.00" timeLoss="7.16" rerouteNo="0" devices="tripinfo_flow_sw_car.10 fcd_flow_sw_car.10" vType="car" speedFactor="1.04" vaporized=""/>
    <tripinfo id="flow_se_car.10" depart="263.00" departLane="s_t_0" departPos="5.10" departSpeed="0.00" departDelay="5.86" arrival="297.00" arrivalLane="t_e_0" arrivalPos="186.40" arrivalSpeed="13.84" duration="34.00" routeLength="376.73" waitingTime="0.00" waitingCount="0" stopTime="0.00" timeLoss="6.07" rerouteNo="0" devices="tripinfo_flow_se_car.10 fcd_flow_se_car.10" vType="car" speedFactor="1.01" vaporized=""/>
    <tripinfo id="flow_ne_car.10" depart="261.00" departLane="n_t_0" departPos="5.10" departSpeed="0.00" departDelay="3.86" arrival="298.00" arrivalLane="t_e_2" arrivalPos="186.40" arrivalSpeed="12.32" duration="37.00" routeLength="392.21" waitingTime="0.00" waitingCount="0" stopTime="0.00" timeLoss="6.28" rerouteNo="0" devices="tripinfo_flow_ne_car.10 fcd_flow_ne_car.10" vType="car" speedFactor="0.96" vaporized=""/>
    <tripinfo id="flow_en_car.10" depart="268.00" departLane="e_t_0" departPos="5.10" departSpeed="0.00" departDelay="10.86" arrival="300.00" arrivalLane="t_n_0" arrivalPos="186.40" arrivalSpeed="15.46" duration="32.00" routeLength="376.73" waitingTime="0.00" waitingCount="0" stopTime="0.00" timeLoss="6.46" rerouteNo="0" devices="tripinfo_flow_en_car.10 fcd_flow_en_car.10" vType="car" speedFactor="1.12" vaporized=""/>
    <tripinfo id="flow_ws_car.10" depart="269.00" departLane="w_t_0" departPos="5.10" departSpeed="0.00" departDelay="11.86" arrival="304.00" arrivalLane="t_s_0" arrivalPos="186.40" arrivalSpeed="12.98" duration="35.00" routeLength="376.73" waitingTime="0.00" waitingCount="0" stopTime="0.00" timeLoss="6.71" rerouteNo="0" devices="tripinfo_flow_ws_car.10 fcd_flow_ws_car.10" vType="car" speedFactor="1.01" vaporized=""/>
    <tripinfo id="flow_en_car.11" depart="283.00" departLane="e_t_0" departPos="5.10" departSpeed="0.00" departDelay="0.15" arrival="315.00" arrivalLane="t_n_0" arrivalPos="186.40" arrivalSpeed="15.32" duration="32.00" routeLength="376.73" waitingTime="0.00" waitingCount="0" stopTime="0.00" timeLoss="6.57" rerouteNo="0" devices="tripinfo_flow_en_car.11 fcd_flow_en_car.11" vType="car" speedFactor="1.12" vaporized=""/>
    <tripinfo id="flow_ws_car.11" depart="283.00" departLane="w_t_0" departPos="5.10" departSpeed="0.00" departDelay="0.15" arrival="317.00" arrivalLane="t_s_0" arrivalPos="186.40" arrivalSpeed="13.55" duration="34.00" routeLength="376.73" waitingTime="0.00" waitingCount="0" stopTime="0.00" timeLoss="5.35" rerouteNo="0" devices="tripinfo_flow_ws_car.11 fcd_flow_ws_car.11" vType="car" speedFactor="1.02" vaporized=""/>
    <tripinfo id="flow_se_car.11" depart="288.00" departLane="s_t_0" departPos="5.10" departSpeed="0.00" departDelay="5.15" arrival="319.00" arrivalLane="t_e_0" arrivalPos="186.40" arrivalSpeed="15.14" duration="31.00" routeLength="376.73" waitingTime="0.00" waitingCount="0" stopTime="0.00" timeLoss="6.43" rerouteNo="0" devices="tripinfo_flow_se_car.11 fcd_flow_se_car.11" vType="car" speedFactor="1.13" vaporized=""/>
    <tripinfo id="flow_ew_car.4" depart="172.00" departLane="e_t_0" departPos="5.10" departSpeed="0.00" departDelay="0.57" arrival="322.00" arrivalLane="t_w_1" arrivalPos="186.40" arrivalSpeed="12.82" duration="150.00" routeLength="394.90" waitingTime="111.00" waitingCount="1" stopTime="0.00" timeLoss="121.55" rerouteNo="0" devices="tripinfo_flow_ew_car.4 fcd_flow_ew_car.4" vType="car" speedFactor="1.00" vaporized=""/>
    <tripinfo id="flow_we_car.4" depart="172.00" departLane="w_t_0" departPos="5.10" departSpeed="0.00" departDelay="0.57" arrival="322.00" arrivalLane="t_e_1" arrivalPos="186.40" arrivalSpeed="13.29" duration="150.00" routeLength="394.90" waitingTime="112.00" waitingCount="1" stopTime="0.00" timeLoss="121.94" rerouteNo="0" devices="tripinfo_flow_we_car.4 fcd_flow_we_car.4" vType="car" speedFactor="1.04" vaporized=""/>
    <tripinfo id="flow_nw_car.11" depart="288.00" departLane="n_t_0" departPos="5.10" departSpeed="0.00" departDelay="5.15" arrival="324.00" arrivalLane="t_w_0" arrivalPos="186.40" arrivalSpeed="12.51" duration="36.00" routeLength="376.73" waitingTime="0.00" waitingCount="0" stopTime="0.00" timeLoss="5.44" rerouteNo="0" devices="tripinfo_flow_nw_car.11 fcd_flow_nw_car.11" vType="car" speedFactor="0.94" vaporized=""/>
    <tripinfo id="flow_ew_bus.3" depart="193.00" departLane="e_t_0" departPos="5.10" departSpeed="0.00" departDelay="0.14" arrival="325.00" arrivalLane="t_w_1" arrivalPos="186.40" arrivalSpeed="12.97" duration="132.00" routeLength="394.90" waitingTime="92.00" waitingCount="1" stopTime="0.00" timeLoss="103.10" rerouteNo="0" devices="tripinfo_flow_ew_bus.3 fcd_flow_ew_bus.3" vType="bus" speedFactor="1.01" vaporized=""/>
    <tripinfo id="flow_we_bus.3" depart="193.00" departLane="w_t_0" departPos="5.10" departSpeed="0.00" departDelay="0.14" arrival="326.00" arrivalLane="t_e_1" arrivalPos="186.40" arrivalSpeed="12.42" duration="133.00" routeLength="394.90" waitingTime="91.00" waitingCount="1" stopTime="0.00" timeLoss="100.90" rerouteNo="0" devices="tripinfo_flow_we_bus.3 fcd_flow_we_bus.3" vType="bus" speedFactor="0.91" vaporized=""/>
    <tripinfo id="flow_ew_car.5" depart="215.00" departLane="e_t_0" departPos="5.10" departSpeed="0.00" departDelay="0.72" arrival="326.00" arrivalLane="t_w_1" arrivalPos="186.40" arrivalSpeed="14.33" duration="111.00" routeLength="394.90" waitingTime="73.00" waitingCount="1" stopTime="0.00" timeLoss="84.17" rerouteNo="0" devices="tripinfo_flow_ew_car.5 fcd_flow_ew_car.5" vType="car" speedFactor="1.06" vaporized=""/>
    <tripinfo id="flow_we_car.5" depart="215.00" departLane="w_t_0" departPos="5.10" departSpeed="0.00" departDelay="0.72" arrival="328.00" arrivalLane="t_e_1" arrivalPos="186.40" arrivalSpeed="12.97" duration="113.00" routeLength="394.90" waitingTime="71.00" waitingCount="1" stopTime="0.00" timeLoss="82.43" rerouteNo="0" devices="tripinfo_flow_we_car.5 fcd_flow_we_car.5" vType="car" speedFactor="0.96" vaporized=""/>
    <tripinfo id="flow_we_car.6" depart="258.00" departLane="w_t_0" departPos="5.10" departSpeed="0.00" departDelay="0.86" arrival="329.00" arrivalLane="t_e_1" arrivalPos="186.40" arrivalSpeed="14.05" duration="71.00" routeLength="394.90" waitingTime="31.00" waitingCount="1" stopTime="0.00" timeLoss="43.19" rerouteNo="0" devices="tripinfo_flow_we_car.6 fcd_flow_we_car.6" vType="car" speedFactor="1.03" vaporized=""/>
    <tripinfo id="flow_ew_car.6" depart="258.00" departLane="e_t_0" departPos="5.10" departSpeed="0.00" departDelay="0.86" arrival="330.00" arrivalLane="t_w_1" arrivalPos="186.40" arrivalSpeed="12.89" duration="72.00" routeLength="394.90" waitingTime="30.00" waitingCount="1" stopTime="0.00" timeLoss="41.14" rerouteNo="0" devices="tripinfo_flow_ew_car.6 fcd_flow_ew_car.6" vType="car" speedFactor="0.94" vaporized=""/>
    <tripinfo id="flow_ew_bus.4" depart="261.00" departLane="e_t_0" departPos="5.10" departSpeed="0.00" departDelay="3.86" arrival="331.00" arrivalLane="t_w_1" arrivalPos="186.40" arrivalSpeed="13.93" duration="70.00" routeLength="394.90" waitingTime="28.00" waitingCount="1" stopTime="0.00" timeLoss="44.19" rerouteNo="0" devices="tripinfo_flow_ew_bus.4 fcd_flow_ew_bus.4" vType="bus" speedFactor="1.10" vaporized=""/>
    <tripinfo id="flow_we_bus.4" depart="261.00" departLane="w_t_0" departPos="5.10" departSpeed="0.00" departDelay="3.86" arrival="331.00" arrivalLane="t_e_1" arrivalPos="186.40" arrivalSpeed="13.45" duration="70.00" routeLength="394.90" waitingTime="30.00" waitingCount="1" stopTime="0.00" timeLoss="41.72" rerouteNo="0" devices="tripinfo_flow_we_bus.4 fcd_flow_we_bus.4" vType="bus" speedFactor="1.02" vaporized=""/>
    <tripinfo id="flow_we_car.7" depart="300.00" departLane="w_t_0" departPos="5.10" departSpeed="0.00" departDelay="0.00" arrival="333.00" arrivalLane="t_e_1" arrivalPos="186.40" arrivalSpeed="13.31" duration="33.00" routeLength="394.90" waitingTime="0.00" waitingCount="0" stopTime="0.00" timeLoss="4.08" rerouteNo="0" devices="tripinfo_flow_we_car.7 fcd_flow_we_car.7" vType="car" speedFactor="1.00" vaporized=""/>
    <tripinfo id="flow_ew_car.7" depart="300.00" departLane="e_t_0" departPos="5.10" departSpeed="0.00" departDelay="0.00" arrival="336.00" arrivalLane="t_w_1" arrivalPos="186.40" arrivalSpeed="11.27" duration="36.00" routeLength="394.90" waitingTime="0.00" waitingCount="0" stopTime="0.00" timeLoss="3.79" rerouteNo="0" devices="tripinfo_flow_ew_car.7 fcd_flow_ew_car.7" vType="car" speedFactor="0.89" vaporized=""/>
    <tripinfo id="flow_ws_car.12" depart="309.00" departLane="w_t_0" departPos="5.10" departSpeed="0.00" departDelay="0.43" arrival="343.00" arrivalLane="t_s_0" arrivalPos="186.40" arrivalSpeed="14.08" duration="34.00" routeLength="376.73" waitingTime="0.00" waitingCount="0" stopTime="0.00" timeLoss="6.61" rerouteNo="0" devices="tripinfo_flow_ws_car.12 fcd_flow_ws_car.12" vType="car" speedFactor="1.04" vaporized=""/>
    <tripinfo id="flow_en_car.12" depart="309.00" departLane="e_t_0" departPos="5.10" departSpeed="0.00" departDelay="0.43" arrival="344.00" arrivalLane="t_n_0" arrivalPos="186.40" arrivalSpeed="13.24" duration="35.00" routeLength="376.73" waitingTime="0.00" waitingCount="0" stopTime="0.00" timeLoss="5.87" rerouteNo="0" devices="tripinfo_flow_en_car.12 fcd_flow_en_car.12" vType="car" speedFactor="0.97" vaporized=""/>
    <tripinfo id="flow_se_car.12" depart="314.00" departLane="s_t_0" departPos="5.10" departSpeed="0.00" departDelay="5.43" arrival="346.00" arrivalLane="t_e_0" arrivalPos="186.40" arrivalSpeed="14.40" duration="32.00" routeLength="376.73" waitingTime="0.00" waitingCount="0" stopTime="0.00" timeLoss="6.49" rerouteNo="0" devices="tripinfo_flow_se_car.12 fcd_flow_se_car.12" vType="car" speedFactor="1.12" vaporized=""/>
    <tripinfo id="flow_nw_car.12" depart="315.00" departLane="n_t_0" departPos="5.10" departSpeed="0.00" departDelay="6.43" arrival="348.00" arrivalLane="t_w_0" arrivalPos="186.40" arrivalSpeed="14.51" duration="33.00" routeLength="376.73" waitingTime="0.00" waitingCount="0" stopTime="0.00" timeLoss="6.78" rerouteNo="0" devices="tripinfo_flow_nw_car.12 fcd_flow_nw_car.12" vType="car" speedFactor="1.06" vaporized=""/>
</tripinfos>
