<?xml version="1.0" encoding="UTF-8"?>

<!-- generated on 2025-06-24 16:59:35 by Eclipse SUMO libsumo Version 1.19.0
<configuration xmlns:xsi="http://www.w3.org/2001/XMLSchema-instance" xsi:noNamespaceSchemaLocation="http://sumo.dlr.de/xsd/libsumoConfiguration.xsd">

    <input>
        <net-file value="./nets/syc/1x1/Equal_entries_500_CT/syc_4phases.net.xml"/>
        <route-files value="./nets/syc/1x1/Equal_entries_500_CT/equal_entries_500_54_15-85-TC.rou.xml"/>
        <additional-files value="./nets/syc/1x1/Equal_entries_500_CT/1x1_outputs.add.xml"/>
    </input>

    <output>
        <fcd-output value="./nets/syc/1x1/Equal_entries_500_CT/output/fcd_output.xml"/>
        <tripinfo-output value="./nets/syc/1x1/Equal_entries_500_CT/output/tripinfo.out.xml"/>
    </output>

    <time>
        <begin value="0"/>
        <end value="1000"/>
    </time>

    <processing>
        <time-to-teleport value="-1"/>
        <waiting-time-memory value="1000"/>
        <max-depart-delay value="-1"/>
    </processing>

    <random_number>
        <seed value="0"/>
    </random_number>

</configuration>
-->

<meandata xmlns:xsi="http://www.w3.org/2001/XMLSchema-instance" xsi:noNamespaceSchemaLocation="http://sumo.dlr.de/xsd/meandata_file.xsd">
    <interval begin="0.00" end="10.00" id="1">
        <edge id="e_t" sampledSeconds="51.00" traveltime="14.52" overlapTraveltime="14.90" density="27.36" laneDensity="9.12" occupancy="4.56" waitingTime="0.00" timeLoss="3.36" speed="12.84" speedRelative="0.92" departed="9" arrived="0" entered="0" left="0" laneChangedFrom="0" laneChangedTo="0"/>
        <edge id="n_t" sampledSeconds="51.00" traveltime="14.48" overlapTraveltime="14.87" density="27.36" laneDensity="9.12" occupancy="4.56" waitingTime="0.00" timeLoss="5.30" speed="12.87" speedRelative="0.93" departed="9" arrived="0" entered="0" left="0" laneChangedFrom="0" laneChangedTo="0"/>
        <edge id="s_t" sampledSeconds="51.00" traveltime="14.59" overlapTraveltime="14.99" density="27.36" laneDensity="9.12" occupancy="4.56" waitingTime="0.00" timeLoss="4.52" speed="12.77" speedRelative="0.92" departed="9" arrived="0" entered="0" left="0" laneChangedFrom="0" laneChangedTo="0"/>
        <edge id="t_e" sampledSeconds="0.00" departed="0" arrived="0" entered="0" left="0" laneChangedFrom="0" laneChangedTo="0"/>
        <edge id="t_n" sampledSeconds="0.00" departed="0" arrived="0" entered="0" left="0" laneChangedFrom="0" laneChangedTo="0"/>
        <edge id="t_s" sampledSeconds="0.00" departed="0" arrived="0" entered="0" left="0" laneChangedFrom="0" laneChangedTo="0"/>
        <edge id="t_w" sampledSeconds="0.00" departed="0" arrived="0" entered="0" left="0" laneChangedFrom="0" laneChangedTo="0"/>
        <edge id="w_t" sampledSeconds="51.00" traveltime="14.91" overlapTraveltime="15.31" density="27.36" laneDensity="9.12" occupancy="4.56" waitingTime="0.00" timeLoss="3.28" speed="12.50" speedRelative="0.90" departed="9" arrived="0" entered="0" left="0" laneChangedFrom="0" laneChangedTo="0"/>
    </interval>
    <interval begin="10.00" end="20.00" id="1">
        <edge id="e_t" sampledSeconds="83.83" traveltime="16.41" overlapTraveltime="17.02" density="44.97" laneDensity="14.99" occupancy="7.40" waitingTime="6.00" timeLoss="15.34" speed="11.25" speedRelative="0.81" departed="3" arrived="0" entered="0" left="3" laneChangedFrom="0" laneChangedTo="0"/>
        <edge id="n_t" sampledSeconds="88.21" traveltime="17.71" overlapTraveltime="18.35" density="47.32" laneDensity="15.77" occupancy="7.77" waitingTime="5.00" timeLoss="21.22" speed="10.43" speedRelative="0.75" departed="3" arrived="0" entered="0" left="4" laneChangedFrom="0" laneChangedTo="0"/>
        <edge id="s_t" sampledSeconds="87.37" traveltime="17.39" overlapTraveltime="18.24" density="46.87" laneDensity="15.62" occupancy="7.67" waitingTime="3.00" timeLoss="19.74" speed="10.50" speedRelative="0.76" departed="3" arrived="0" entered="0" left="3" laneChangedFrom="0" laneChangedTo="0"/>
        <edge id="t_e" sampledSeconds="8.42" traveltime="18.01" overlapTraveltime="18.49" density="4.52" laneDensity="1.51" occupancy="0.66" waitingTime="0.00" timeLoss="2.38" speed="10.35" speedRelative="0.75" departed="0" arrived="0" entered="3" left="0" laneChangedFrom="0" laneChangedTo="0"/>
        <edge id="t_n" sampledSeconds="5.59" traveltime="16.01" overlapTraveltime="16.44" density="3.00" laneDensity="1.00" occupancy="0.46" waitingTime="0.00" timeLoss="1.62" speed="11.64" speedRelative="0.84" departed="0" arrived="0" entered="2" left="0" laneChangedFrom="0" laneChangedTo="0"/>
        <edge id="t_s" sampledSeconds="5.82" traveltime="18.04" overlapTraveltime="18.53" density="3.12" laneDensity="1.04" occupancy="0.45" waitingTime="0.00" timeLoss="1.81" speed="10.33" speedRelative="0.74" departed="0" arrived="0" entered="2" left="0" laneChangedFrom="0" laneChangedTo="0"/>
        <edge id="t_w" sampledSeconds="8.05" traveltime="17.41" overlapTraveltime="17.88" density="4.32" laneDensity="1.44" occupancy="0.63" waitingTime="0.00" timeLoss="2.05" speed="10.70" speedRelative="0.77" departed="0" arrived="0" entered="3" left="0" laneChangedFrom="0" laneChangedTo="0"/>
        <edge id="w_t" sampledSeconds="84.89" traveltime="17.08" overlapTraveltime="17.69" density="45.54" laneDensity="15.18" occupancy="7.50" waitingTime="4.00" timeLoss="14.84" speed="10.82" speedRelative="0.78" departed="3" arrived="0" entered="0" left="3" laneChangedFrom="0" laneChangedTo="0"/>
    </interval>
    <interval begin="20.00" end="30.00" id="1">
        <edge id="e_t" sampledSeconds="93.59" traveltime="32.86" overlapTraveltime="33.72" density="50.21" laneDensity="16.74" occupancy="8.33" waitingTime="41.00" timeLoss="50.35" speed="5.68" speedRelative="0.41" departed="3" arrived="0" entered="0" left="1" laneChangedFrom="0" laneChangedTo="0"/>
        <edge id="n_t" sampledSeconds="77.83" traveltime="23.69" overlapTraveltime="24.34" density="41.75" laneDensity="13.92" occupancy="6.89" waitingTime="24.00" timeLoss="31.02" speed="7.86" speedRelative="0.57" departed="3" arrived="0" entered="0" left="2" laneChangedFrom="0" laneChangedTo="0"/>
        <edge id="s_t" sampledSeconds="79.97" traveltime="24.05" overlapTraveltime="24.77" density="42.90" laneDensity="14.30" occupancy="7.06" waitingTime="21.00" timeLoss="32.13" speed="7.73" speedRelative="0.56" departed="3" arrived="0" entered="0" left="3" laneChangedFrom="0" laneChangedTo="0"/>
        <edge id="t_e" sampledSeconds="54.29" traveltime="15.28" overlapTraveltime="15.69" density="29.13" laneDensity="9.71" occupancy="4.75" waitingTime="0.00" timeLoss="6.48" speed="12.20" speedRelative="0.88" departed="0" arrived="1" entered="4" left="0" laneChangedFrom="0" laneChangedTo="0"/>
        <edge id="t_n" sampledSeconds="22.71" traveltime="15.03" overlapTraveltime="15.38" density="12.18" laneDensity="4.06" occupancy="1.96" waitingTime="0.00" timeLoss="2.81" speed="12.45" speedRelative="0.90" departed="0" arrived="1" entered="1" left="0" laneChangedFrom="0" laneChangedTo="0"/>
        <edge id="t_s" sampledSeconds="24.10" traveltime="14.91" overlapTraveltime="15.28" density="12.93" laneDensity="4.31" occupancy="2.10" waitingTime="0.00" timeLoss="2.75" speed="12.53" speedRelative="0.90" departed="0" arrived="1" entered="1" left="0" laneChangedFrom="0" laneChangedTo="0"/>
        <edge id="t_w" sampledSeconds="53.55" traveltime="14.36" overlapTraveltime="14.75" density="28.73" laneDensity="9.58" occupancy="4.69" waitingTime="0.00" timeLoss="6.49" speed="12.98" speedRelative="0.93" departed="0" arrived="1" entered="4" left="0" laneChangedFrom="0" laneChangedTo="0"/>
        <edge id="w_t" sampledSeconds="93.83" traveltime="27.77" overlapTraveltime="28.53" density="50.34" laneDensity="16.78" occupancy="8.35" waitingTime="37.00" timeLoss="46.53" speed="6.71" speedRelative="0.48" departed="3" arrived="0" entered="0" left="1" laneChangedFrom="0" laneChangedTo="0"/>
    </interval>
    <interval begin="30.00" end="40.00" id="1">
        <edge id="e_t" sampledSeconds="120.75" traveltime="34.03" overlapTraveltime="34.96" density="64.78" laneDensity="21.59" occupancy="10.75" waitingTime="61.00" timeLoss="69.67" speed="5.48" speedRelative="0.39" departed="3" arrived="0" entered="0" left="1" laneChangedFrom="0" laneChangedTo="0"/>
        <edge id="n_t" sampledSeconds="93.98" traveltime="28.54" overlapTraveltime="29.35" density="50.42" laneDensity="16.81" occupancy="8.33" waitingTime="38.00" timeLoss="44.40" speed="6.52" speedRelative="0.47" departed="3" arrived="0" entered="0" left="2" laneChangedFrom="0" laneChangedTo="0"/>
        <edge id="s_t" sampledSeconds="92.81" traveltime="26.40" overlapTraveltime="27.13" density="49.79" laneDensity="16.60" occupancy="8.23" waitingTime="36.00" timeLoss="44.41" speed="7.06" speedRelative="0.51" departed="3" arrived="0" entered="0" left="2" laneChangedFrom="0" laneChangedTo="0"/>
        <edge id="t_e" sampledSeconds="54.43" traveltime="15.09" overlapTraveltime="15.47" density="29.20" laneDensity="9.73" occupancy="4.75" waitingTime="0.00" timeLoss="5.84" speed="12.37" speedRelative="0.89" departed="0" arrived="4" entered="2" left="0" laneChangedFrom="0" laneChangedTo="0"/>
        <edge id="t_n" sampledSeconds="20.40" traveltime="15.49" overlapTraveltime="15.91" density="10.95" laneDensity="3.65" occupancy="1.77" waitingTime="0.00" timeLoss="1.88" speed="12.03" speedRelative="0.87" departed="0" arrived="1" entered="1" left="0" laneChangedFrom="0" laneChangedTo="0"/>
        <edge id="t_s" sampledSeconds="23.50" traveltime="14.13" overlapTraveltime="14.53" density="12.61" laneDensity="4.20" occupancy="2.06" waitingTime="0.00" timeLoss="2.04" speed="13.18" speedRelative="0.95" departed="0" arrived="1" entered="1" left="0" laneChangedFrom="0" laneChangedTo="0"/>
        <edge id="t_w" sampledSeconds="45.02" traveltime="14.03" overlapTraveltime="14.37" density="24.15" laneDensity="8.05" occupancy="3.90" waitingTime="0.00" timeLoss="4.24" speed="13.32" speedRelative="0.96" departed="0" arrived="5" entered="2" left="0" laneChangedFrom="0" laneChangedTo="0"/>
        <edge id="w_t" sampledSeconds="115.58" traveltime="36.89" overlapTraveltime="37.71" density="62.01" laneDensity="20.67" occupancy="10.27" waitingTime="61.00" timeLoss="69.31" speed="5.08" speedRelative="0.37" departed="3" arrived="0" entered="0" left="2" laneChangedFrom="0" laneChangedTo="0"/>
    </interval>
    <interval begin="40.00" end="50.00" id="1">
        <edge id="e_t" sampledSeconds="143.87" traveltime="44.05" overlapTraveltime="45.06" density="77.19" laneDensity="25.73" occupancy="12.78" waitingTime="89.00" timeLoss="100.01" speed="4.25" speedRelative="0.31" departed="6" arrived="0" entered="0" left="2" laneChangedFrom="0" laneChangedTo="0"/>
        <edge id="n_t" sampledSeconds="107.79" traveltime="30.67" overlapTraveltime="31.46" density="57.83" laneDensity="19.28" occupancy="9.57" waitingTime="48.00" timeLoss="55.73" speed="6.08" speedRelative="0.44" departed="6" arrived="0" entered="0" left="2" laneChangedFrom="0" laneChangedTo="0"/>
        <edge id="s_t" sampledSeconds="105.74" traveltime="29.02" overlapTraveltime="29.76" density="56.73" laneDensity="18.91" occupancy="9.32" waitingTime="51.00" timeLoss="59.02" speed="6.43" speedRelative="0.46" departed="6" arrived="0" entered="0" left="4" laneChangedFrom="0" laneChangedTo="0"/>
        <edge id="t_e" sampledSeconds="31.25" traveltime="15.28" overlapTraveltime="15.63" density="16.77" laneDensity="5.59" occupancy="2.69" waitingTime="0.00" timeLoss="2.39" speed="12.25" speedRelative="0.88" departed="0" arrived="3" entered="2" left="0" laneChangedFrom="0" laneChangedTo="0"/>
        <edge id="t_n" sampledSeconds="16.85" traveltime="17.32" overlapTraveltime="17.68" density="9.04" laneDensity="3.01" occupancy="1.46" waitingTime="0.00" timeLoss="2.07" speed="10.83" speedRelative="0.78" departed="0" arrived="1" entered="1" left="0" laneChangedFrom="0" laneChangedTo="0"/>
        <edge id="t_s" sampledSeconds="15.72" traveltime="12.85" overlapTraveltime="13.18" density="8.43" laneDensity="2.81" occupancy="1.35" waitingTime="0.00" timeLoss="1.91" speed="14.52" speedRelative="1.05" departed="0" arrived="2" entered="2" left="0" laneChangedFrom="0" laneChangedTo="0"/>
        <edge id="t_w" sampledSeconds="31.79" traveltime="16.38" overlapTraveltime="16.82" density="17.05" laneDensity="5.68" occupancy="2.76" waitingTime="0.00" timeLoss="3.04" speed="11.38" speedRelative="0.82" departed="0" arrived="1" entered="3" left="0" laneChangedFrom="0" laneChangedTo="0"/>
        <edge id="w_t" sampledSeconds="140.33" traveltime="43.81" overlapTraveltime="44.85" density="75.28" laneDensity="25.09" occupancy="12.51" waitingTime="81.00" timeLoss="93.85" speed="4.27" speedRelative="0.31" departed="6" arrived="0" entered="0" left="1" laneChangedFrom="0" laneChangedTo="0"/>
    </interval>
    <interval begin="50.00" end="60.00" id="1">
        <edge id="e_t" sampledSeconds="191.21" traveltime="39.78" overlapTraveltime="40.77" density="102.58" laneDensity="34.19" occupancy="17.06" waitingTime="117.00" timeLoss="128.33" speed="4.69" speedRelative="0.34" departed="3" arrived="0" entered="0" left="1" laneChangedFrom="0" laneChangedTo="0"/>
        <edge id="n_t" sampledSeconds="145.88" traveltime="27.66" overlapTraveltime="28.44" density="78.26" laneDensity="26.09" occupancy="12.96" waitingTime="63.00" timeLoss="73.43" speed="6.73" speedRelative="0.48" departed="3" arrived="0" entered="0" left="3" laneChangedFrom="0" laneChangedTo="0"/>
        <edge id="s_t" sampledSeconds="138.66" traveltime="29.24" overlapTraveltime="29.96" density="74.39" laneDensity="24.80" occupancy="12.34" waitingTime="65.00" timeLoss="74.58" speed="6.39" speedRelative="0.46" departed="3" arrived="0" entered="0" left="2" laneChangedFrom="0" laneChangedTo="0"/>
        <edge id="t_e" sampledSeconds="40.73" traveltime="15.71" overlapTraveltime="16.12" density="21.85" laneDensity="7.28" occupancy="3.54" waitingTime="0.00" timeLoss="4.26" speed="11.87" speedRelative="0.85" departed="0" arrived="1" entered="3" left="0" laneChangedFrom="0" laneChangedTo="0"/>
        <edge id="t_n" sampledSeconds="26.59" traveltime="15.82" overlapTraveltime="16.24" density="14.26" laneDensity="4.75" occupancy="2.29" waitingTime="0.00" timeLoss="3.39" speed="11.78" speedRelative="0.85" departed="0" arrived="2" entered="2" left="0" laneChangedFrom="0" laneChangedTo="0"/>
        <edge id="t_s" sampledSeconds="13.33" traveltime="13.77" overlapTraveltime="14.06" density="7.15" laneDensity="2.38" occupancy="1.16" waitingTime="0.00" timeLoss="1.26" speed="13.62" speedRelative="0.98" departed="0" arrived="1" entered="0" left="0" laneChangedFrom="0" laneChangedTo="0"/>
        <edge id="t_w" sampledSeconds="45.72" traveltime="14.79" overlapTraveltime="15.21" density="24.53" laneDensity="8.18" occupancy="4.00" waitingTime="0.00" timeLoss="3.28" speed="12.58" speedRelative="0.91" departed="0" arrived="2" entered="2" left="0" laneChangedFrom="0" laneChangedTo="0"/>
        <edge id="w_t" sampledSeconds="194.00" traveltime="38.53" overlapTraveltime="39.54" density="104.08" laneDensity="34.69" occupancy="17.32" waitingTime="114.00" timeLoss="127.93" speed="4.84" speedRelative="0.35" departed="3" arrived="0" entered="0" left="1" laneChangedFrom="0" laneChangedTo="0"/>
    </interval>
    <interval begin="60.00" end="70.00" id="1">
        <edge id="e_t" sampledSeconds="209.04" traveltime="72.58" overlapTraveltime="73.72" density="112.14" laneDensity="37.38" occupancy="18.62" waitingTime="158.00" timeLoss="170.78" speed="2.60" speedRelative="0.19" departed="6" arrived="0" entered="0" left="2" laneChangedFrom="0" laneChangedTo="0"/>
        <edge id="n_t" sampledSeconds="145.73" traveltime="42.05" overlapTraveltime="42.54" density="78.18" laneDensity="26.06" occupancy="12.85" waitingTime="84.00" timeLoss="97.73" speed="4.50" speedRelative="0.32" departed="6" arrived="0" entered="0" left="5" laneChangedFrom="0" laneChangedTo="0"/>
        <edge id="s_t" sampledSeconds="145.79" traveltime="40.24" overlapTraveltime="40.97" density="78.21" laneDensity="26.07" occupancy="12.90" waitingTime="83.00" timeLoss="94.76" speed="4.67" speedRelative="0.34" departed="6" arrived="0" entered="0" left="4" laneChangedFrom="0" laneChangedTo="0"/>
        <edge id="t_e" sampledSeconds="41.81" traveltime="14.70" overlapTraveltime="15.10" density="22.43" laneDensity="7.48" occupancy="3.58" waitingTime="0.00" timeLoss="4.05" speed="12.67" speedRelative="0.91" departed="0" arrived="4" entered="4" left="0" laneChangedFrom="0" laneChangedTo="0"/>
        <edge id="t_n" sampledSeconds="25.36" traveltime="14.08" overlapTraveltime="14.44" density="13.60" laneDensity="4.53" occupancy="2.19" waitingTime="0.00" timeLoss="3.60" speed="13.26" speedRelative="0.95" departed="0" arrived="1" entered="2" left="0" laneChangedFrom="0" laneChangedTo="0"/>
        <edge id="t_s" sampledSeconds="21.58" traveltime="16.06" overlapTraveltime="16.45" density="11.58" laneDensity="3.86" occupancy="1.82" waitingTime="0.00" timeLoss="3.36" speed="11.63" speedRelative="0.84" departed="0" arrived="1" entered="3" left="0" laneChangedFrom="0" laneChangedTo="0"/>
        <edge id="t_w" sampledSeconds="42.59" traveltime="15.31" overlapTraveltime="15.68" density="22.85" laneDensity="7.62" occupancy="3.61" waitingTime="0.00" timeLoss="5.52" speed="12.21" speedRelative="0.88" departed="0" arrived="4" entered="4" left="0" laneChangedFrom="0" laneChangedTo="0"/>
        <edge id="w_t" sampledSeconds="211.10" traveltime="72.28" overlapTraveltime="73.33" density="113.25" laneDensity="37.75" occupancy="18.79" waitingTime="161.00" timeLoss="173.12" speed="2.61" speedRelative="0.19" departed="6" arrived="0" entered="0" left="2" laneChangedFrom="0" laneChangedTo="0"/>
    </interval>
    <interval begin="70.00" end="80.00" id="1">
        <edge id="e_t" sampledSeconds="220.90" traveltime="77.12" overlapTraveltime="77.60" density="118.51" laneDensity="39.50" occupancy="19.60" waitingTime="153.00" timeLoss="181.16" speed="2.47" speedRelative="0.18" departed="3" arrived="0" entered="0" left="4" laneChangedFrom="0" laneChangedTo="0"/>
        <edge id="n_t" sampledSeconds="151.96" traveltime="49.64" overlapTraveltime="50.79" density="81.52" laneDensity="27.17" occupancy="13.55" waitingTime="103.00" timeLoss="109.63" speed="3.77" speedRelative="0.27" departed="3" arrived="0" entered="0" left="1" laneChangedFrom="0" laneChangedTo="0"/>
        <edge id="s_t" sampledSeconds="152.38" traveltime="49.69" overlapTraveltime="50.84" density="81.75" laneDensity="27.25" occupancy="13.59" waitingTime="102.00" timeLoss="111.04" speed="3.76" speedRelative="0.27" departed="3" arrived="0" entered="0" left="1" laneChangedFrom="0" laneChangedTo="0"/>
        <edge id="t_e" sampledSeconds="57.15" traveltime="16.38" overlapTraveltime="16.79" density="30.66" laneDensity="10.22" occupancy="4.96" waitingTime="0.00" timeLoss="7.06" speed="11.40" speedRelative="0.82" departed="0" arrived="2" entered="4" left="0" laneChangedFrom="0" laneChangedTo="0"/>
        <edge id="t_n" sampledSeconds="22.16" traveltime="13.86" overlapTraveltime="14.17" density="11.89" laneDensity="3.96" occupancy="1.92" waitingTime="0.00" timeLoss="1.80" speed="13.50" speedRelative="0.97" departed="0" arrived="2" entered="1" left="0" laneChangedFrom="0" laneChangedTo="0"/>
        <edge id="t_s" sampledSeconds="31.62" traveltime="15.19" overlapTraveltime="15.57" density="16.96" laneDensity="5.65" occupancy="2.78" waitingTime="0.00" timeLoss="4.20" speed="12.29" speedRelative="0.88" departed="0" arrived="2" entered="1" left="0" laneChangedFrom="0" laneChangedTo="0"/>
        <edge id="t_w" sampledSeconds="58.31" traveltime="14.69" overlapTraveltime="15.07" density="31.28" laneDensity="10.43" occupancy="5.07" waitingTime="0.00" timeLoss="5.93" speed="12.70" speedRelative="0.91" departed="0" arrived="3" entered="4" left="0" laneChangedFrom="0" laneChangedTo="0"/>
        <edge id="w_t" sampledSeconds="218.34" traveltime="76.98" overlapTraveltime="77.28" density="117.13" laneDensity="39.04" occupancy="19.38" waitingTime="152.00" timeLoss="181.18" speed="2.48" speedRelative="0.18" departed="3" arrived="0" entered="0" left="5" laneChangedFrom="0" laneChangedTo="0"/>
    </interval>
    <interval begin="80.00" end="90.00" id="1">
        <edge id="e_t" sampledSeconds="205.26" traveltime="51.64" overlapTraveltime="52.19" density="110.12" laneDensity="36.71" occupancy="18.25" waitingTime="115.00" timeLoss="149.96" speed="3.67" speedRelative="0.26" departed="3" arrived="0" entered="0" left="4" laneChangedFrom="0" laneChangedTo="0"/>
        <edge id="n_t" sampledSeconds="174.08" traveltime="55.05" overlapTraveltime="56.01" density="93.39" laneDensity="31.13" occupancy="15.45" waitingTime="122.00" timeLoss="132.08" speed="3.42" speedRelative="0.25" departed="3" arrived="0" entered="0" left="3" laneChangedFrom="0" laneChangedTo="0"/>
        <edge id="s_t" sampledSeconds="175.19" traveltime="58.38" overlapTraveltime="59.67" density="93.98" laneDensity="31.33" occupancy="15.57" waitingTime="124.00" timeLoss="134.01" speed="3.21" speedRelative="0.23" departed="3" arrived="0" entered="0" left="2" laneChangedFrom="0" laneChangedTo="0"/>
        <edge id="t_e" sampledSeconds="80.12" traveltime="15.46" overlapTraveltime="15.87" density="42.98" laneDensity="14.33" occupancy="7.00" waitingTime="0.00" timeLoss="7.19" speed="12.06" speedRelative="0.87" departed="0" arrived="4" entered="5" left="0" laneChangedFrom="0" laneChangedTo="0"/>
        <edge id="t_n" sampledSeconds="18.87" traveltime="14.60" overlapTraveltime="14.97" density="10.12" laneDensity="3.37" occupancy="1.63" waitingTime="0.00" timeLoss="1.96" speed="12.78" speedRelative="0.92" departed="0" arrived="2" entered="1" left="0" laneChangedFrom="0" laneChangedTo="0"/>
        <edge id="t_s" sampledSeconds="17.54" traveltime="13.64" overlapTraveltime="14.00" density="9.41" laneDensity="3.14" occupancy="1.53" waitingTime="0.00" timeLoss="1.83" speed="13.67" speedRelative="0.98" departed="0" arrived="2" entered="1" left="0" laneChangedFrom="0" laneChangedTo="0"/>
        <edge id="t_w" sampledSeconds="69.15" traveltime="14.20" overlapTraveltime="14.57" density="37.10" laneDensity="12.37" occupancy="6.03" waitingTime="0.00" timeLoss="6.37" speed="13.14" speedRelative="0.95" departed="0" arrived="3" entered="5" left="0" laneChangedFrom="0" laneChangedTo="0"/>
        <edge id="w_t" sampledSeconds="203.76" traveltime="52.56" overlapTraveltime="53.09" density="109.31" laneDensity="36.44" occupancy="18.12" waitingTime="117.00" timeLoss="150.82" speed="3.61" speedRelative="0.26" departed="3" arrived="0" entered="0" left="3" laneChangedFrom="0" laneChangedTo="0"/>
    </interval>
    <interval begin="90.00" end="100.00" id="1">
        <edge id="e_t" sampledSeconds="226.83" traveltime="69.97" overlapTraveltime="71.51" density="121.69" laneDensity="40.56" occupancy="20.25" waitingTime="162.00" timeLoss="181.18" speed="2.68" speedRelative="0.19" departed="6" arrived="0" entered="0" left="1" laneChangedFrom="0" laneChangedTo="0"/>
        <edge id="n_t" sampledSeconds="179.33" traveltime="55.07" overlapTraveltime="55.81" density="96.21" laneDensity="32.07" occupancy="15.95" waitingTime="124.00" timeLoss="133.48" speed="3.43" speedRelative="0.25" departed="6" arrived="0" entered="0" left="3" laneChangedFrom="0" laneChangedTo="0"/>
        <edge id="s_t" sampledSeconds="183.43" traveltime="56.02" overlapTraveltime="56.81" density="98.40" laneDensity="32.80" occupancy="16.30" waitingTime="125.00" timeLoss="134.34" speed="3.37" speedRelative="0.24" departed="6" arrived="0" entered="0" left="3" laneChangedFrom="0" laneChangedTo="0"/>
        <edge id="t_e" sampledSeconds="76.81" traveltime="15.64" overlapTraveltime="16.04" density="41.21" laneDensity="13.74" occupancy="6.70" waitingTime="0.00" timeLoss="6.85" speed="11.93" speedRelative="0.86" departed="0" arrived="5" entered="4" left="0" laneChangedFrom="0" laneChangedTo="0"/>
        <edge id="t_n" sampledSeconds="16.53" traveltime="14.82" overlapTraveltime="15.21" density="8.87" laneDensity="2.96" occupancy="1.44" waitingTime="0.00" timeLoss="1.48" speed="12.58" speedRelative="0.91" departed="0" arrived="1" entered="1" left="0" laneChangedFrom="0" laneChangedTo="0"/>
        <edge id="t_s" sampledSeconds="13.76" traveltime="15.01" overlapTraveltime="15.38" density="7.38" laneDensity="2.46" occupancy="1.16" waitingTime="0.00" timeLoss="1.50" speed="12.44" speedRelative="0.90" departed="0" arrived="1" entered="2" left="0" laneChangedFrom="0" laneChangedTo="0"/>
        <edge id="t_w" sampledSeconds="77.61" traveltime="14.43" overlapTraveltime="14.78" density="41.63" laneDensity="13.88" occupancy="6.76" waitingTime="0.00" timeLoss="9.85" speed="12.95" speedRelative="0.93" departed="0" arrived="7" entered="4" left="0" laneChangedFrom="0" laneChangedTo="0"/>
        <edge id="w_t" sampledSeconds="227.95" traveltime="65.18" overlapTraveltime="66.39" density="122.29" laneDensity="40.76" occupancy="20.31" waitingTime="163.00" timeLoss="181.71" speed="2.88" speedRelative="0.21" departed="6" arrived="0" entered="0" left="2" laneChangedFrom="0" laneChangedTo="0"/>
    </interval>
    <interval begin="100.00" end="110.00" id="1">
        <edge id="e_t" sampledSeconds="271.72" traveltime="71.50" overlapTraveltime="72.83" density="145.77" laneDensity="48.59" occupancy="24.22" waitingTime="203.00" timeLoss="218.42" speed="2.63" speedRelative="0.19" departed="3" arrived="0" entered="0" left="2" laneChangedFrom="0" laneChangedTo="0"/>
        <edge id="n_t" sampledSeconds="211.99" traveltime="53.64" overlapTraveltime="54.85" density="113.73" laneDensity="37.91" occupancy="18.93" waitingTime="139.00" timeLoss="156.23" speed="3.49" speedRelative="0.25" departed="3" arrived="0" entered="0" left="1" laneChangedFrom="0" laneChangedTo="0"/>
        <edge id="s_t" sampledSeconds="217.11" traveltime="47.28" overlapTraveltime="48.24" density="116.47" laneDensity="38.82" occupancy="19.30" waitingTime="138.00" timeLoss="151.41" speed="3.97" speedRelative="0.29" departed="3" arrived="0" entered="0" left="3" laneChangedFrom="0" laneChangedTo="0"/>
        <edge id="t_e" sampledSeconds="56.10" traveltime="15.03" overlapTraveltime="15.43" density="30.10" laneDensity="10.03" occupancy="4.90" waitingTime="0.00" timeLoss="3.97" speed="12.40" speedRelative="0.89" departed="0" arrived="6" entered="2" left="0" laneChangedFrom="0" laneChangedTo="0"/>
        <edge id="t_n" sampledSeconds="17.03" traveltime="14.71" overlapTraveltime="15.07" density="9.14" laneDensity="3.05" occupancy="1.47" waitingTime="0.00" timeLoss="1.57" speed="12.70" speedRelative="0.91" departed="0" arrived="1" entered="1" left="0" laneChangedFrom="0" laneChangedTo="0"/>
        <edge id="t_s" sampledSeconds="20.14" traveltime="15.14" overlapTraveltime="15.55" density="10.81" laneDensity="3.60" occupancy="1.79" waitingTime="0.00" timeLoss="2.43" speed="12.31" speedRelative="0.89" departed="0" arrived="0" entered="1" left="0" laneChangedFrom="0" laneChangedTo="0"/>
        <edge id="t_w" sampledSeconds="43.29" traveltime="14.13" overlapTraveltime="14.47" density="23.22" laneDensity="7.74" occupancy="3.76" waitingTime="0.00" timeLoss="4.53" speed="13.23" speedRelative="0.95" departed="0" arrived="5" entered="2" left="0" laneChangedFrom="0" laneChangedTo="0"/>
        <edge id="w_t" sampledSeconds="270.25" traveltime="74.35" overlapTraveltime="76.00" density="144.99" laneDensity="48.33" occupancy="24.13" waitingTime="205.00" timeLoss="221.34" speed="2.52" speedRelative="0.18" departed="3" arrived="0" entered="0" left="1" laneChangedFrom="0" laneChangedTo="0"/>
    </interval>
    <interval begin="110.00" end="120.00" id="1">
        <edge id="e_t" sampledSeconds="285.64" traveltime="123.21" overlapTraveltime="124.42" density="153.24" laneDensity="51.08" occupancy="25.46" waitingTime="245.00" timeLoss="252.88" speed="1.54" speedRelative="0.11" departed="6" arrived="0" entered="0" left="2" laneChangedFrom="0" laneChangedTo="0"/>
        <edge id="n_t" sampledSeconds="221.34" traveltime="71.63" overlapTraveltime="71.89" density="118.75" laneDensity="39.58" occupancy="19.60" waitingTime="161.00" timeLoss="174.52" speed="2.66" speedRelative="0.19" departed="6" arrived="0" entered="0" left="5" laneChangedFrom="0" laneChangedTo="0"/>
        <edge id="s_t" sampledSeconds="210.27" traveltime="82.78" overlapTraveltime="82.18" density="112.81" laneDensity="37.60" occupancy="18.63" waitingTime="160.00" timeLoss="171.85" speed="2.33" speedRelative="0.17" departed="6" arrived="0" entered="0" left="5" laneChangedFrom="0" laneChangedTo="0"/>
        <edge id="t_e" sampledSeconds="46.14" traveltime="15.11" overlapTraveltime="15.51" density="24.75" laneDensity="8.25" occupancy="3.93" waitingTime="0.00" timeLoss="5.02" speed="12.34" speedRelative="0.89" departed="0" arrived="3" entered="6" left="0" laneChangedFrom="0" laneChangedTo="0"/>
        <edge id="t_n" sampledSeconds="23.30" traveltime="15.98" overlapTraveltime="16.37" density="12.50" laneDensity="4.17" occupancy="1.96" waitingTime="0.00" timeLoss="3.52" speed="11.69" speedRelative="0.84" departed="0" arrived="1" entered="3" left="0" laneChangedFrom="0" laneChangedTo="0"/>
        <edge id="t_s" sampledSeconds="25.04" traveltime="15.17" overlapTraveltime="15.56" density="13.44" laneDensity="4.48" occupancy="2.14" waitingTime="0.00" timeLoss="3.70" speed="12.30" speedRelative="0.89" departed="0" arrived="2" entered="2" left="0" laneChangedFrom="0" laneChangedTo="0"/>
        <edge id="t_w" sampledSeconds="25.83" traveltime="17.17" overlapTraveltime="17.55" density="13.86" laneDensity="4.62" occupancy="2.17" waitingTime="0.00" timeLoss="2.84" speed="10.91" speedRelative="0.79" departed="0" arrived="1" entered="4" left="0" laneChangedFrom="0" laneChangedTo="0"/>
        <edge id="w_t" sampledSeconds="285.12" traveltime="134.46" overlapTraveltime="135.45" density="152.96" laneDensity="50.99" occupancy="25.42" waitingTime="245.00" timeLoss="253.48" speed="1.41" speedRelative="0.10" departed="6" arrived="0" entered="0" left="2" laneChangedFrom="0" laneChangedTo="0"/>
    </interval>
    <interval begin="120.00" end="130.00" id="1">
        <edge id="e_t" sampledSeconds="308.87" traveltime="143.52" overlapTraveltime="145.96" density="165.70" laneDensity="55.23" occupancy="27.58" waitingTime="271.00" timeLoss="279.34" speed="1.31" speedRelative="0.09" departed="3" arrived="0" entered="0" left="1" laneChangedFrom="0" laneChangedTo="0"/>
        <edge id="n_t" sampledSeconds="219.89" traveltime="78.47" overlapTraveltime="79.26" density="117.97" laneDensity="39.32" occupancy="19.54" waitingTime="174.00" timeLoss="180.81" speed="2.41" speedRelative="0.17" departed="3" arrived="0" entered="0" left="3" laneChangedFrom="0" laneChangedTo="0"/>
        <edge id="s_t" sampledSeconds="219.97" traveltime="81.47" overlapTraveltime="83.14" density="118.01" laneDensity="39.34" occupancy="19.63" waitingTime="173.00" timeLoss="179.14" speed="2.30" speedRelative="0.17" departed="3" arrived="0" entered="0" left="1" laneChangedFrom="0" laneChangedTo="0"/>
        <edge id="t_e" sampledSeconds="53.95" traveltime="14.64" overlapTraveltime="15.00" density="28.94" laneDensity="9.65" occupancy="4.73" waitingTime="0.00" timeLoss="5.00" speed="12.76" speedRelative="0.92" departed="0" arrived="4" entered="1" left="0" laneChangedFrom="0" laneChangedTo="0"/>
        <edge id="t_n" sampledSeconds="28.94" traveltime="14.85" overlapTraveltime="15.23" density="15.52" laneDensity="5.17" occupancy="2.54" waitingTime="0.00" timeLoss="2.49" speed="12.57" speedRelative="0.90" departed="0" arrived="1" entered="1" left="0" laneChangedFrom="0" laneChangedTo="0"/>
        <edge id="t_s" sampledSeconds="22.05" traveltime="14.71" overlapTraveltime="15.08" density="11.83" laneDensity="3.94" occupancy="1.91" waitingTime="0.00" timeLoss="1.73" speed="12.69" speedRelative="0.91" departed="0" arrived="2" entered="1" left="0" laneChangedFrom="0" laneChangedTo="0"/>
        <edge id="t_w" sampledSeconds="64.17" traveltime="17.59" overlapTraveltime="18.06" density="34.43" laneDensity="11.48" occupancy="5.60" waitingTime="0.00" timeLoss="9.96" speed="10.60" speedRelative="0.76" departed="0" arrived="1" entered="3" left="0" laneChangedFrom="0" laneChangedTo="0"/>
        <edge id="w_t" sampledSeconds="311.96" traveltime="132.52" overlapTraveltime="134.91" density="167.36" laneDensity="55.79" occupancy="27.85" waitingTime="270.00" timeLoss="278.74" speed="1.42" speedRelative="0.10" departed="3" arrived="0" entered="0" left="1" laneChangedFrom="0" laneChangedTo="0"/>
    </interval>
    <interval begin="130.00" end="140.00" id="1">
        <edge id="e_t" sampledSeconds="334.83" traveltime="146.42" overlapTraveltime="148.97" density="179.63" laneDensity="59.88" occupancy="29.90" waitingTime="295.00" timeLoss="304.31" speed="1.28" speedRelative="0.09" departed="3" arrived="0" entered="0" left="1" laneChangedFrom="0" laneChangedTo="0"/>
        <edge id="n_t" sampledSeconds="229.42" traveltime="84.74" overlapTraveltime="85.89" density="123.08" laneDensity="41.03" occupancy="20.44" waitingTime="186.00" timeLoss="191.50" speed="2.23" speedRelative="0.16" departed="3" arrived="0" entered="0" left="2" laneChangedFrom="0" laneChangedTo="0"/>
        <edge id="s_t" sampledSeconds="234.24" traveltime="78.72" overlapTraveltime="79.45" density="125.67" laneDensity="41.89" occupancy="20.84" waitingTime="184.00" timeLoss="191.80" speed="2.41" speedRelative="0.17" departed="3" arrived="0" entered="0" left="3" laneChangedFrom="0" laneChangedTo="0"/>
        <edge id="t_e" sampledSeconds="35.00" traveltime="14.61" overlapTraveltime="14.99" density="18.78" laneDensity="6.26" occupancy="3.03" waitingTime="0.00" timeLoss="2.72" speed="12.77" speedRelative="0.92" departed="0" arrived="2" entered="3" left="0" laneChangedFrom="0" laneChangedTo="0"/>
        <edge id="t_n" sampledSeconds="18.44" traveltime="14.39" overlapTraveltime="14.80" density="9.89" laneDensity="3.30" occupancy="1.58" waitingTime="0.00" timeLoss="1.85" speed="12.93" speedRelative="0.93" departed="0" arrived="2" entered="1" left="0" laneChangedFrom="0" laneChangedTo="0"/>
        <edge id="t_s" sampledSeconds="20.68" traveltime="16.31" overlapTraveltime="16.72" density="11.10" laneDensity="3.70" occupancy="1.78" waitingTime="0.00" timeLoss="2.64" speed="11.45" speedRelative="0.82" departed="0" arrived="1" entered="1" left="0" laneChangedFrom="0" laneChangedTo="0"/>
        <edge id="t_w" sampledSeconds="58.12" traveltime="16.56" overlapTraveltime="16.98" density="31.18" laneDensity="10.39" occupancy="5.04" waitingTime="0.00" timeLoss="6.65" speed="11.27" speedRelative="0.81" departed="0" arrived="6" entered="3" left="0" laneChangedFrom="1" laneChangedTo="1"/>
        <edge id="w_t" sampledSeconds="333.64" traveltime="159.31" overlapTraveltime="161.90" density="178.99" laneDensity="59.66" occupancy="29.80" waitingTime="298.00" timeLoss="304.41" speed="1.18" speedRelative="0.09" departed="3" arrived="0" entered="0" left="1" laneChangedFrom="0" laneChangedTo="0"/>
    </interval>
    <interval begin="140.00" end="150.00" id="1">
        <edge id="e_t" sampledSeconds="370.41" traveltime="150.36" overlapTraveltime="153.05" density="198.72" laneDensity="66.24" occupancy="33.08" waitingTime="322.00" timeLoss="334.68" speed="1.25" speedRelative="0.09" departed="6" arrived="0" entered="0" left="1" laneChangedFrom="0" laneChangedTo="0"/>
        <edge id="n_t" sampledSeconds="255.97" traveltime="75.20" overlapTraveltime="76.53" density="137.32" laneDensity="45.77" occupancy="22.81" waitingTime="198.00" timeLoss="209.15" speed="2.50" speedRelative="0.18" departed="6" arrived="0" entered="0" left="2" laneChangedFrom="0" laneChangedTo="0"/>
        <edge id="s_t" sampledSeconds="255.05" traveltime="84.37" overlapTraveltime="85.66" density="136.83" laneDensity="45.61" occupancy="22.73" waitingTime="198.00" timeLoss="211.73" speed="2.23" speedRelative="0.16" departed="6" arrived="0" entered="0" left="2" laneChangedFrom="0" laneChangedTo="0"/>
        <edge id="t_e" sampledSeconds="37.22" traveltime="14.62" overlapTraveltime="15.01" density="19.97" laneDensity="6.66" occupancy="3.24" waitingTime="0.00" timeLoss="2.63" speed="12.75" speedRelative="0.92" departed="0" arrived="2" entered="2" left="0" laneChangedFrom="0" laneChangedTo="0"/>
        <edge id="t_n" sampledSeconds="16.80" traveltime="16.04" overlapTraveltime="16.40" density="9.01" laneDensity="3.00" occupancy="1.45" waitingTime="0.00" timeLoss="2.23" speed="11.67" speedRelative="0.84" departed="0" arrived="1" entered="1" left="0" laneChangedFrom="0" laneChangedTo="0"/>
        <edge id="t_s" sampledSeconds="20.24" traveltime="14.87" overlapTraveltime="15.26" density="10.86" laneDensity="3.62" occupancy="1.77" waitingTime="0.00" timeLoss="1.64" speed="12.54" speedRelative="0.90" departed="0" arrived="2" entered="1" left="0" laneChangedFrom="0" laneChangedTo="0"/>
        <edge id="t_w" sampledSeconds="40.90" traveltime="16.06" overlapTraveltime="16.46" density="21.94" laneDensity="7.31" occupancy="3.59" waitingTime="0.00" timeLoss="3.32" speed="11.63" speedRelative="0.84" departed="0" arrived="1" entered="2" left="0" laneChangedFrom="1" laneChangedTo="1"/>
        <edge id="w_t" sampledSeconds="372.06" traveltime="139.24" overlapTraveltime="141.91" density="199.60" laneDensity="66.53" occupancy="33.23" waitingTime="321.00" timeLoss="333.17" speed="1.35" speedRelative="0.10" departed="6" arrived="0" entered="0" left="1" laneChangedFrom="0" laneChangedTo="0"/>
    </interval>
    <interval begin="150.00" end="160.00" id="1">
        <edge id="e_t" sampledSeconds="411.88" traveltime="168.63" overlapTraveltime="171.68" density="220.96" laneDensity="73.65" occupancy="36.78" waitingTime="355.00" timeLoss="374.95" speed="1.11" speedRelative="0.08" departed="3" arrived="0" entered="0" left="1" laneChangedFrom="0" laneChangedTo="0"/>
        <edge id="n_t" sampledSeconds="281.73" traveltime="78.75" overlapTraveltime="79.40" density="151.14" laneDensity="50.38" occupancy="25.04" waitingTime="221.00" timeLoss="231.66" speed="2.41" speedRelative="0.17" departed="3" arrived="0" entered="0" left="4" laneChangedFrom="0" laneChangedTo="0"/>
        <edge id="s_t" sampledSeconds="284.76" traveltime="75.76" overlapTraveltime="77.13" density="152.77" laneDensity="50.92" occupancy="25.39" waitingTime="220.00" timeLoss="230.65" speed="2.48" speedRelative="0.18" departed="3" arrived="0" entered="0" left="2" laneChangedFrom="0" laneChangedTo="0"/>
        <edge id="t_e" sampledSeconds="33.20" traveltime="14.69" overlapTraveltime="15.06" density="17.81" laneDensity="5.94" occupancy="2.85" waitingTime="0.00" timeLoss="2.53" speed="12.71" speedRelative="0.92" departed="0" arrived="4" entered="2" left="0" laneChangedFrom="0" laneChangedTo="0"/>
        <edge id="t_n" sampledSeconds="17.40" traveltime="15.18" overlapTraveltime="15.58" density="9.34" laneDensity="3.11" occupancy="1.51" waitingTime="0.00" timeLoss="1.81" speed="12.28" speedRelative="0.88" departed="0" arrived="2" entered="1" left="0" laneChangedFrom="0" laneChangedTo="0"/>
        <edge id="t_s" sampledSeconds="17.31" traveltime="15.79" overlapTraveltime="16.21" density="9.29" laneDensity="3.10" occupancy="1.51" waitingTime="0.00" timeLoss="2.15" speed="11.81" speedRelative="0.85" departed="0" arrived="0" entered="1" left="0" laneChangedFrom="0" laneChangedTo="0"/>
        <edge id="t_w" sampledSeconds="44.50" traveltime="14.69" overlapTraveltime="15.11" density="23.87" laneDensity="7.96" occupancy="3.84" waitingTime="0.00" timeLoss="3.00" speed="12.67" speedRelative="0.91" departed="0" arrived="4" entered="3" left="0" laneChangedFrom="0" laneChangedTo="0"/>
        <edge id="w_t" sampledSeconds="409.94" traveltime="168.41" overlapTraveltime="170.76" density="219.93" laneDensity="73.31" occupancy="36.60" waitingTime="359.00" timeLoss="373.77" speed="1.12" speedRelative="0.08" departed="3" arrived="0" entered="0" left="2" laneChangedFrom="0" laneChangedTo="0"/>
    </interval>
    <interval begin="160.00" end="170.00" id="1">
        <edge id="e_t" sampledSeconds="430.79" traveltime="246.97" overlapTraveltime="244.05" density="231.11" laneDensity="77.04" occupancy="38.38" waitingTime="395.00" timeLoss="404.04" speed="0.78" speedRelative="0.06" departed="3" arrived="0" entered="0" left="3" laneChangedFrom="0" laneChangedTo="0"/>
        <edge id="n_t" sampledSeconds="277.79" traveltime="117.64" overlapTraveltime="117.85" density="149.03" laneDensity="49.68" occupancy="24.73" waitingTime="234.00" timeLoss="242.09" speed="1.62" speedRelative="0.12" departed="3" arrived="0" entered="0" left="3" laneChangedFrom="0" laneChangedTo="0"/>
        <edge id="s_t" sampledSeconds="282.40" traveltime="112.71" overlapTraveltime="110.49" density="151.50" laneDensity="50.50" occupancy="25.04" waitingTime="234.00" timeLoss="243.97" speed="1.73" speedRelative="0.12" departed="3" arrived="0" entered="0" left="6" laneChangedFrom="0" laneChangedTo="0"/>
        <edge id="t_e" sampledSeconds="49.55" traveltime="15.34" overlapTraveltime="15.74" density="26.58" laneDensity="8.86" occupancy="4.27" waitingTime="0.00" timeLoss="4.86" speed="12.16" speedRelative="0.88" departed="0" arrived="1" entered="5" left="0" laneChangedFrom="0" laneChangedTo="0"/>
        <edge id="t_n" sampledSeconds="21.04" traveltime="17.05" overlapTraveltime="17.51" density="11.29" laneDensity="3.76" occupancy="1.79" waitingTime="0.00" timeLoss="2.80" speed="10.93" speedRelative="0.79" departed="0" arrived="0" entered="2" left="0" laneChangedFrom="0" laneChangedTo="0"/>
        <edge id="t_s" sampledSeconds="23.88" traveltime="16.28" overlapTraveltime="16.66" density="12.81" laneDensity="4.27" occupancy="2.01" waitingTime="0.00" timeLoss="3.24" speed="11.49" speedRelative="0.83" departed="0" arrived="2" entered="2" left="0" laneChangedFrom="0" laneChangedTo="0"/>
        <edge id="t_w" sampledSeconds="45.45" traveltime="14.83" overlapTraveltime="15.23" density="24.38" laneDensity="8.13" occupancy="3.94" waitingTime="0.00" timeLoss="4.45" speed="12.57" speedRelative="0.90" departed="0" arrived="3" entered="3" left="0" laneChangedFrom="0" laneChangedTo="0"/>
        <edge id="w_t" sampledSeconds="428.26" traveltime="276.08" overlapTraveltime="273.02" density="229.75" laneDensity="76.58" occupancy="38.17" waitingTime="394.00" timeLoss="401.98" speed="0.70" speedRelative="0.05" departed="3" arrived="0" entered="0" left="2" laneChangedFrom="0" laneChangedTo="0"/>
    </interval>
