<?xml version="1.0" encoding="UTF-8"?>

<!-- generated on 2025-06-24 16:59:35 by Eclipse SUMO libsumo Version 1.19.0
<configuration xmlns:xsi="http://www.w3.org/2001/XMLSchema-instance" xsi:noNamespaceSchemaLocation="http://sumo.dlr.de/xsd/libsumoConfiguration.xsd">

    <input>
        <net-file value="./nets/syc/1x1/Equal_entries_500_CT/syc_4phases.net.xml"/>
        <route-files value="./nets/syc/1x1/Equal_entries_500_CT/equal_entries_500_54_15-85-TC.rou.xml"/>
        <additional-files value="./nets/syc/1x1/Equal_entries_500_CT/1x1_outputs.add.xml"/>
    </input>

    <output>
        <fcd-output value="./nets/syc/1x1/Equal_entries_500_CT/output/fcd_output.xml"/>
        <tripinfo-output value="./nets/syc/1x1/Equal_entries_500_CT/output/tripinfo.out.xml"/>
    </output>

    <time>
        <begin value="0"/>
        <end value="1000"/>
    </time>

    <processing>
        <time-to-teleport value="-1"/>
        <waiting-time-memory value="1000"/>
        <max-depart-delay value="-1"/>
    </processing>

    <random_number>
        <seed value="0"/>
    </random_number>

</configuration>
-->

<tripinfos xmlns:xsi="http://www.w3.org/2001/XMLSchema-instance" xsi:noNamespaceSchemaLocation="http://sumo.dlr.de/xsd/tripinfo_file.xsd">
    <tripinfo id="flow_en_car.0" depart="0.00" departLane="e_t_0" departPos="5.10" departSpeed="16.43" departDelay="0.00" arrival="27.00" arrivalLane="t_n_0" arrivalPos="186.40" arrivalSpeed="16.02" duration="27.00" routeLength="376.73" waitingTime="0.00" waitingCount="0" stopTime="0.00" timeLoss="3.36" rerouteNo="0" devices="tripinfo_flow_en_car.0 fcd_flow_en_car.0" vType="car" speedFactor="1.18" vaporized=""/>
    <tripinfo id="flow_se_car.0" depart="0.00" departLane="s_t_0" departPos="5.10" departSpeed="15.63" departDelay="0.00" arrival="28.00" arrivalLane="t_e_0" arrivalPos="186.40" arrivalSpeed="15.51" duration="28.00" routeLength="376.73" waitingTime="0.00" waitingCount="0" stopTime="0.00" timeLoss="2.91" rerouteNo="0" devices="tripinfo_flow_se_car.0 fcd_flow_se_car.0" vType="car" speedFactor="1.13" vaporized=""/>
    <tripinfo id="flow_ew_car.0" depart="0.00" departLane="e_t_1" departPos="5.10" departSpeed="14.41" departDelay="0.00" arrival="29.00" arrivalLane="t_w_1" arrivalPos="186.40" arrivalSpeed="13.23" duration="29.00" routeLength="394.90" waitingTime="0.00" waitingCount="0" stopTime="0.00" timeLoss="1.55" rerouteNo="0" devices="tripinfo_flow_ew_car.0 fcd_flow_ew_car.0" vType="car" speedFactor="1.04" vaporized=""/>
    <tripinfo id="flow_ws_car.0" depart="0.00" departLane="w_t_0" departPos="5.10" departSpeed="15.38" departDelay="0.00" arrival="29.00" arrivalLane="t_s_0" arrivalPos="186.40" arrivalSpeed="14.25" duration="29.00" routeLength="376.73" waitingTime="0.00" waitingCount="0" stopTime="0.00" timeLoss="3.38" rerouteNo="0" devices="tripinfo_flow_ws_car.0 fcd_flow_ws_car.0" vType="car" speedFactor="1.11" vaporized=""/>
    <tripinfo id="flow_nw_car.0" depart="0.00" departLane="n_t_0" departPos="5.10" departSpeed="14.31" departDelay="0.00" arrival="31.00" arrivalLane="t_w_0" arrivalPos="186.40" arrivalSpeed="14.01" duration="31.00" routeLength="376.73" waitingTime="0.00" waitingCount="0" stopTime="0.00" timeLoss="3.70" rerouteNo="0" devices="tripinfo_flow_nw_car.0 fcd_flow_nw_car.0" vType="car" speedFactor="1.03" vaporized=""/>
    <tripinfo id="flow_we_car.0" depart="0.00" departLane="w_t_1" departPos="5.10" departSpeed="12.94" departDelay="0.00" arrival="33.00" arrivalLane="t_e_1" arrivalPos="186.40" arrivalSpeed="12.93" duration="33.00" routeLength="394.90" waitingTime="0.00" waitingCount="0" stopTime="0.00" timeLoss="1.55" rerouteNo="0" devices="tripinfo_flow_we_car.0 fcd_flow_we_car.0" vType="car" speedFactor="0.93" vaporized=""/>
    <tripinfo id="flow_nw_truck.0" depart="1.00" departLane="n_t_0" departPos="5.10" departSpeed="10.70" departDelay="1.00" arrival="34.00" arrivalLane="t_w_0" arrivalPos="186.40" arrivalSpeed="13.79" duration="33.00" routeLength="376.73" waitingTime="0.00" waitingCount="0" stopTime="0.00" timeLoss="4.60" rerouteNo="0" devices="tripinfo_flow_nw_truck.0 fcd_flow_nw_truck.0" vType="truck" speedFactor="1.02" vaporized=""/>
    <tripinfo id="flow_se_truck.0" depart="1.00" departLane="s_t_0" departPos="5.10" departSpeed="12.72" departDelay="1.00" arrival="34.00" arrivalLane="t_e_0" arrivalPos="186.40" arrivalSpeed="12.14" duration="33.00" routeLength="376.73" waitingTime="0.00" waitingCount="0" stopTime="0.00" timeLoss="3.30" rerouteNo="0" devices="tripinfo_flow_se_truck.0 fcd_flow_se_truck.0" vType="truck" speedFactor="0.95" vaporized=""/>
    <tripinfo id="flow_ws_truck.0" depart="1.00" departLane="w_t_0" departPos="5.10" departSpeed="13.04" departDelay="1.00" arrival="34.00" arrivalLane="t_s_0" arrivalPos="186.40" arrivalSpeed="11.80" duration="33.00" routeLength="376.73" waitingTime="0.00" waitingCount="0" stopTime="0.00" timeLoss="3.36" rerouteNo="0" devices="tripinfo_flow_ws_truck.0 fcd_flow_ws_truck.0" vType="truck" speedFactor="0.94" vaporized=""/>
    <tripinfo id="flow_sw_car.0" depart="0.00" departLane="s_t_2" departPos="5.10" departSpeed="14.64" departDelay="0.00" arrival="35.00" arrivalLane="t_w_2" arrivalPos="186.40" arrivalSpeed="13.65" duration="35.00" routeLength="392.21" waitingTime="1.00" waitingCount="1" stopTime="0.00" timeLoss="7.10" rerouteNo="0" devices="tripinfo_flow_sw_car.0 fcd_flow_sw_car.0" vType="car" speedFactor="1.05" vaporized=""/>
    <tripinfo id="flow_ne_car.0" depart="0.00" departLane="n_t_2" departPos="5.10" departSpeed="12.27" departDelay="0.00" arrival="36.00" arrivalLane="t_e_2" arrivalPos="186.40" arrivalSpeed="11.88" duration="36.00" routeLength="392.21" waitingTime="0.00" waitingCount="0" stopTime="0.00" timeLoss="2.98" rerouteNo="0" devices="tripinfo_flow_ne_car.0 fcd_flow_ne_car.0" vType="car" speedFactor="0.88" vaporized=""/>
    <tripinfo id="flow_sw_truck.0" depart="1.00" departLane="s_t_2" departPos="5.10" departSpeed="11.50" departDelay="1.00" arrival="36.00" arrivalLane="t_w_2" arrivalPos="186.40" arrivalSpeed="16.38" duration="35.00" routeLength="392.21" waitingTime="0.00" waitingCount="0" stopTime="0.00" timeLoss="12.20" rerouteNo="0" devices="tripinfo_flow_sw_truck.0 fcd_flow_sw_truck.0" vType="truck" speedFactor="1.27" vaporized=""/>
    <tripinfo id="flow_en_truck.0" depart="1.00" departLane="e_t_0" departPos="5.10" departSpeed="12.30" departDelay="1.00" arrival="36.00" arrivalLane="t_n_0" arrivalPos="186.40" arrivalSpeed="11.71" duration="35.00" routeLength="376.73" waitingTime="0.00" waitingCount="0" stopTime="0.00" timeLoss="3.46" rerouteNo="0" devices="tripinfo_flow_en_truck.0 fcd_flow_en_truck.0" vType="truck" speedFactor="0.89" vaporized=""/>
    <tripinfo id="flow_ne_truck.0" depart="1.00" departLane="n_t_2" departPos="5.10" departSpeed="9.38" departDelay="1.00" arrival="38.00" arrivalLane="t_e_2" arrivalPos="186.40" arrivalSpeed="14.52" duration="37.00" routeLength="392.21" waitingTime="0.00" waitingCount="0" stopTime="0.00" timeLoss="11.36" rerouteNo="0" devices="tripinfo_flow_ne_truck.0 fcd_flow_ne_truck.0" vType="truck" speedFactor="1.16" vaporized=""/>
    <tripinfo id="flow_nw_car.1" depart="9.00" departLane="n_t_0" departPos="5.10" departSpeed="15.08" departDelay="0.53" arrival="38.00" arrivalLane="t_w_0" arrivalPos="186.40" arrivalSpeed="14.85" duration="29.00" routeLength="376.73" waitingTime="0.00" waitingCount="0" stopTime="0.00" timeLoss="3.08" rerouteNo="0" devices="tripinfo_flow_nw_car.1 fcd_flow_nw_car.1" vType="car" speedFactor="1.09" vaporized=""/>
    <tripinfo id="flow_sw_car.1" depart="9.00" departLane="s_t_2" departPos="5.10" departSpeed="14.38" departDelay="0.53" arrival="40.00" arrivalLane="t_w_2" arrivalPos="186.40" arrivalSpeed="13.82" duration="31.00" routeLength="392.21" waitingTime="0.00" waitingCount="0" stopTime="0.00" timeLoss="3.00" rerouteNo="0" devices="tripinfo_flow_sw_car.1 fcd_flow_sw_car.1" vType="car" speedFactor="1.03" vaporized=""/>
    <tripinfo id="flow_se_car.1" depart="9.00" departLane="s_t_0" departPos="5.10" departSpeed="14.63" departDelay="0.53" arrival="40.00" arrivalLane="t_e_0" arrivalPos="186.40" arrivalSpeed="14.25" duration="31.00" routeLength="376.73" waitingTime="0.00" waitingCount="0" stopTime="0.00" timeLoss="3.41" rerouteNo="0" devices="tripinfo_flow_se_car.1 fcd_flow_se_car.1" vType="car" speedFactor="1.05" vaporized=""/>
    <tripinfo id="flow_ws_car.1" depart="9.00" departLane="w_t_0" departPos="5.10" departSpeed="13.70" departDelay="0.53" arrival="40.00" arrivalLane="t_s_0" arrivalPos="186.40" arrivalSpeed="13.46" duration="31.00" routeLength="376.73" waitingTime="0.00" waitingCount="0" stopTime="0.00" timeLoss="2.71" rerouteNo="0" devices="tripinfo_flow_ws_car.1 fcd_flow_ws_car.1" vType="car" speedFactor="0.99" vaporized=""/>
    <tripinfo id="flow_en_car.1" depart="9.00" departLane="e_t_0" departPos="5.10" departSpeed="14.30" departDelay="0.53" arrival="40.00" arrivalLane="t_n_0" arrivalPos="186.40" arrivalSpeed="13.85" duration="31.00" routeLength="376.73" waitingTime="0.00" waitingCount="0" stopTime="0.00" timeLoss="3.12" rerouteNo="0" devices="tripinfo_flow_en_car.1 fcd_flow_en_car.1" vType="car" speedFactor="1.03" vaporized=""/>
    <tripinfo id="flow_ne_car.1" depart="9.00" departLane="n_t_2" departPos="5.10" departSpeed="13.57" departDelay="0.53" arrival="41.00" arrivalLane="t_e_2" arrivalPos="186.40" arrivalSpeed="13.39" duration="32.00" routeLength="392.21" waitingTime="0.00" waitingCount="0" stopTime="0.00" timeLoss="2.15" rerouteNo="0" devices="tripinfo_flow_ne_car.1 fcd_flow_ne_car.1" vType="car" speedFactor="0.98" vaporized=""/>
    <tripinfo id="flow_ws_car.2" depart="17.00" departLane="w_t_0" departPos="5.10" departSpeed="16.41" departDelay="0.06" arrival="44.00" arrivalLane="t_s_0" arrivalPos="186.40" arrivalSpeed="16.12" duration="27.00" routeLength="376.73" waitingTime="0.00" waitingCount="0" stopTime="0.00" timeLoss="3.15" rerouteNo="0" devices="tripinfo_flow_ws_car.2 fcd_flow_ws_car.2" vType="car" speedFactor="1.18" vaporized=""/>
    <tripinfo id="flow_se_car.2" depart="17.00" departLane="s_t_0" departPos="5.10" departSpeed="14.00" departDelay="0.06" arrival="48.00" arrivalLane="t_e_0" arrivalPos="186.40" arrivalSpeed="13.21" duration="31.00" routeLength="376.73" waitingTime="0.00" waitingCount="0" stopTime="0.00" timeLoss="2.96" rerouteNo="0" devices="tripinfo_flow_se_car.2 fcd_flow_se_car.2" vType="car" speedFactor="1.01" vaporized=""/>
    <tripinfo id="flow_ne_car.2" depart="17.00" departLane="n_t_2" departPos="5.10" departSpeed="13.13" departDelay="0.06" arrival="51.00" arrivalLane="t_e_2" arrivalPos="186.40" arrivalSpeed="12.35" duration="34.00" routeLength="392.21" waitingTime="0.00" waitingCount="0" stopTime="0.00" timeLoss="2.80" rerouteNo="0" devices="tripinfo_flow_ne_car.2 fcd_flow_ne_car.2" vType="car" speedFactor="0.94" vaporized=""/>
    <tripinfo id="flow_nw_car.2" depart="17.00" departLane="n_t_0" departPos="5.10" departSpeed="12.24" departDelay="0.06" arrival="53.00" arrivalLane="t_w_0" arrivalPos="186.40" arrivalSpeed="11.27" duration="36.00" routeLength="376.73" waitingTime="0.00" waitingCount="0" stopTime="0.00" timeLoss="3.87" rerouteNo="0" devices="tripinfo_flow_nw_car.2 fcd_flow_nw_car.2" vType="car" speedFactor="0.88" vaporized=""/>
    <tripinfo id="flow_sw_car.2" depart="17.00" departLane="s_t_2" departPos="5.10" departSpeed="12.35" departDelay="0.06" arrival="53.00" arrivalLane="t_w_2" arrivalPos="186.40" arrivalSpeed="12.06" duration="36.00" routeLength="392.21" waitingTime="0.00" waitingCount="0" stopTime="0.00" timeLoss="3.08" rerouteNo="0" devices="tripinfo_flow_sw_car.2 fcd_flow_sw_car.2" vType="car" speedFactor="0.89" vaporized=""/>
    <tripinfo id="flow_ws_car.3" depart="26.00" departLane="w_t_0" departPos="5.10" departSpeed="16.94" departDelay="0.59" arrival="53.00" arrivalLane="t_s_0" arrivalPos="186.40" arrivalSpeed="16.91" duration="27.00" routeLength="376.73" waitingTime="0.00" waitingCount="0" stopTime="0.00" timeLoss="2.78" rerouteNo="0" devices="tripinfo_flow_ws_car.3 fcd_flow_ws_car.3" vType="car" speedFactor="1.22" vaporized=""/>
    <tripinfo id="flow_en_car.2" depart="17.00" departLane="e_t_0" departPos="5.10" departSpeed="11.77" departDelay="0.06" arrival="54.00" arrivalLane="t_n_0" arrivalPos="186.40" arrivalSpeed="11.47" duration="37.00" routeLength="376.73" waitingTime="0.00" waitingCount="0" stopTime="0.00" timeLoss="3.32" rerouteNo="0" devices="tripinfo_flow_en_car.2 fcd_flow_en_car.2" vType="car" speedFactor="0.85" vaporized=""/>
    <tripinfo id="flow_en_car.3" depart="26.00" departLane="e_t_0" departPos="5.10" departSpeed="13.14" departDelay="0.59" arrival="59.00" arrivalLane="t_n_0" arrivalPos="186.40" arrivalSpeed="12.53" duration="33.00" routeLength="376.73" waitingTime="0.00" waitingCount="0" stopTime="0.00" timeLoss="3.76" rerouteNo="0" devices="tripinfo_flow_en_car.3 fcd_flow_en_car.3" vType="car" speedFactor="0.95" vaporized=""/>
    <tripinfo id="flow_nw_car.3" depart="26.00" departLane="n_t_0" departPos="5.10" departSpeed="12.56" departDelay="0.59" arrival="60.00" arrivalLane="t_w_0" arrivalPos="186.40" arrivalSpeed="12.12" duration="34.00" routeLength="376.73" waitingTime="0.00" waitingCount="0" stopTime="0.00" timeLoss="2.84" rerouteNo="0" devices="tripinfo_flow_nw_car.3 fcd_flow_nw_car.3" vType="car" speedFactor="0.90" vaporized=""/>
    <tripinfo id="flow_ne_car.3" depart="26.00" departLane="n_t_2" departPos="5.10" departSpeed="12.88" departDelay="0.59" arrival="60.00" arrivalLane="t_e_2" arrivalPos="186.40" arrivalSpeed="11.71" duration="34.00" routeLength="392.21" waitingTime="0.00" waitingCount="0" stopTime="0.00" timeLoss="2.76" rerouteNo="0" devices="tripinfo_flow_ne_car.3 fcd_flow_ne_car.3" vType="car" speedFactor="0.93" vaporized=""/>
    <tripinfo id="flow_sw_car.3" depart="26.00" departLane="s_t_2" departPos="5.10" departSpeed="13.23" departDelay="0.59" arrival="60.00" arrivalLane="t_w_2" arrivalPos="186.40" arrivalSpeed="12.58" duration="34.00" routeLength="392.21" waitingTime="0.00" waitingCount="0" stopTime="0.00" timeLoss="2.80" rerouteNo="0" devices="tripinfo_flow_sw_car.3 fcd_flow_sw_car.3" vType="car" speedFactor="0.95" vaporized=""/>
    <tripinfo id="flow_se_car.3" depart="26.00" departLane="s_t_0" departPos="5.10" departSpeed="12.26" departDelay="0.59" arrival="61.00" arrivalLane="t_e_0" arrivalPos="186.40" arrivalSpeed="11.09" duration="35.00" routeLength="376.73" waitingTime="0.00" waitingCount="0" stopTime="0.00" timeLoss="3.29" rerouteNo="0" devices="tripinfo_flow_se_car.3 fcd_flow_se_car.3" vType="car" speedFactor="0.88" vaporized=""/>
    <tripinfo id="flow_sw_car.4" depart="34.00" departLane="s_t_2" departPos="5.10" departSpeed="16.39" departDelay="0.12" arrival="62.00" arrivalLane="t_w_2" arrivalPos="186.40" arrivalSpeed="15.53" duration="28.00" routeLength="392.21" waitingTime="0.00" waitingCount="0" stopTime="0.00" timeLoss="2.71" rerouteNo="0" devices="tripinfo_flow_sw_car.4 fcd_flow_sw_car.4" vType="car" speedFactor="1.18" vaporized=""/>
    <tripinfo id="flow_ws_car.4" depart="34.00" departLane="w_t_0" departPos="5.10" departSpeed="14.34" departDelay="0.12" arrival="64.00" arrivalLane="t_s_0" arrivalPos="186.40" arrivalSpeed="13.25" duration="30.00" routeLength="376.73" waitingTime="0.00" waitingCount="0" stopTime="0.00" timeLoss="2.53" rerouteNo="0" devices="tripinfo_flow_ws_car.4 fcd_flow_ws_car.4" vType="car" speedFactor="1.03" vaporized=""/>
    <tripinfo id="flow_se_car.4" depart="34.00" departLane="s_t_0" departPos="5.10" departSpeed="14.16" departDelay="0.12" arrival="65.00" arrivalLane="t_e_0" arrivalPos="186.40" arrivalSpeed="13.08" duration="31.00" routeLength="376.73" waitingTime="0.00" waitingCount="0" stopTime="0.00" timeLoss="3.37" rerouteNo="0" devices="tripinfo_flow_se_car.4 fcd_flow_se_car.4" vType="car" speedFactor="1.02" vaporized=""/>
    <tripinfo id="flow_en_car.4" depart="34.00" departLane="e_t_0" departPos="5.10" departSpeed="14.53" departDelay="0.12" arrival="65.00" arrivalLane="t_n_0" arrivalPos="186.40" arrivalSpeed="14.52" duration="31.00" routeLength="376.73" waitingTime="0.00" waitingCount="0" stopTime="0.00" timeLoss="3.41" rerouteNo="0" devices="tripinfo_flow_en_car.4 fcd_flow_en_car.4" vType="car" speedFactor="1.05" vaporized=""/>
    <tripinfo id="flow_ne_car.4" depart="34.00" departLane="n_t_2" departPos="5.10" departSpeed="13.40" departDelay="0.12" arrival="67.00" arrivalLane="t_e_2" arrivalPos="186.40" arrivalSpeed="13.02" duration="33.00" routeLength="392.21" waitingTime="0.00" waitingCount="0" stopTime="0.00" timeLoss="2.87" rerouteNo="0" devices="tripinfo_flow_ne_car.4 fcd_flow_ne_car.4" vType="car" speedFactor="0.96" vaporized=""/>
    <tripinfo id="flow_nw_car.4" depart="34.00" departLane="n_t_0" departPos="5.10" departSpeed="12.89" departDelay="0.12" arrival="68.00" arrivalLane="t_w_0" arrivalPos="186.40" arrivalSpeed="12.54" duration="34.00" routeLength="376.73" waitingTime="0.00" waitingCount="0" stopTime="0.00" timeLoss="3.34" rerouteNo="0" devices="tripinfo_flow_nw_car.4 fcd_flow_nw_car.4" vType="car" speedFactor="0.93" vaporized=""/>
    <tripinfo id="flow_se_car.5" depart="43.00" departLane="s_t_0" departPos="5.10" departSpeed="16.43" departDelay="0.65" arrival="70.00" arrivalLane="t_e_0" arrivalPos="186.40" arrivalSpeed="15.65" duration="27.00" routeLength="376.73" waitingTime="0.00" waitingCount="0" stopTime="0.00" timeLoss="3.21" rerouteNo="0" devices="tripinfo_flow_se_car.5 fcd_flow_se_car.5" vType="car" speedFactor="1.18" vaporized=""/>
    <tripinfo id="flow_en_car.5" depart="43.00" departLane="e_t_0" departPos="5.10" departSpeed="15.80" departDelay="0.65" arrival="71.00" arrivalLane="t_n_0" arrivalPos="186.40" arrivalSpeed="15.35" duration="28.00" routeLength="376.73" waitingTime="0.00" waitingCount="0" stopTime="0.00" timeLoss="2.79" rerouteNo="0" devices="tripinfo_flow_en_car.5 fcd_flow_en_car.5" vType="car" speedFactor="1.14" vaporized=""/>
    <tripinfo id="flow_sw_car.5" depart="43.00" departLane="s_t_2" departPos="5.10" departSpeed="15.41" departDelay="0.65" arrival="72.00" arrivalLane="t_w_2" arrivalPos="186.40" arrivalSpeed="14.80" duration="29.00" routeLength="392.21" waitingTime="0.00" waitingCount="0" stopTime="0.00" timeLoss="2.88" rerouteNo="0" devices="tripinfo_flow_sw_car.5 fcd_flow_sw_car.5" vType="car" speedFactor="1.11" vaporized=""/>
    <tripinfo id="flow_ws_car.5" depart="43.00" departLane="w_t_0" departPos="5.10" departSpeed="12.77" departDelay="0.65" arrival="76.00" arrivalLane="t_s_0" arrivalPos="186.40" arrivalSpeed="11.58" duration="33.00" routeLength="376.73" waitingTime="0.00" waitingCount="0" stopTime="0.00" timeLoss="2.98" rerouteNo="0" devices="tripinfo_flow_ws_car.5 fcd_flow_ws_car.5" vType="car" speedFactor="0.92" vaporized=""/>
    <tripinfo id="flow_en_truck.1" depart="48.00" departLane="e_t_0" departPos="5.10" departSpeed="16.23" departDelay="0.00" arrival="76.00" arrivalLane="t_n_0" arrivalPos="186.40" arrivalSpeed="15.55" duration="28.00" routeLength="376.73" waitingTime="0.00" waitingCount="0" stopTime="0.00" timeLoss="3.44" rerouteNo="0" devices="tripinfo_flow_en_truck.1 fcd_flow_en_truck.1" vType="truck" speedFactor="1.17" vaporized=""/>
    <tripinfo id="flow_nw_car.5" depart="43.00" departLane="n_t_0" departPos="5.10" departSpeed="12.63" departDelay="0.65" arrival="78.00" arrivalLane="t_w_0" arrivalPos="186.40" arrivalSpeed="11.88" duration="35.00" routeLength="376.73" waitingTime="0.00" waitingCount="0" stopTime="0.00" timeLoss="3.34" rerouteNo="0" devices="tripinfo_flow_nw_car.5 fcd_flow_nw_car.5" vType="car" speedFactor="0.91" vaporized=""/>
    <tripinfo id="flow_ws_truck.1" depart="48.00" departLane="w_t_0" departPos="5.10" departSpeed="14.94" departDelay="0.00" arrival="78.00" arrivalLane="t_s_0" arrivalPos="186.40" arrivalSpeed="14.06" duration="30.00" routeLength="376.73" waitingTime="0.00" waitingCount="0" stopTime="0.00" timeLoss="3.79" rerouteNo="0" devices="tripinfo_flow_ws_truck.1 fcd_flow_ws_truck.1" vType="truck" speedFactor="1.08" vaporized=""/>
    <tripinfo id="flow_ne_car.5" depart="43.00" departLane="n_t_2" departPos="5.10" departSpeed="12.20" departDelay="0.65" arrival="79.00" arrivalLane="t_e_2" arrivalPos="186.40" arrivalSpeed="11.13" duration="36.00" routeLength="392.21" waitingTime="0.00" waitingCount="0" stopTime="0.00" timeLoss="2.98" rerouteNo="0" devices="tripinfo_flow_ne_car.5 fcd_flow_ne_car.5" vType="car" speedFactor="0.88" vaporized=""/>
    <tripinfo id="flow_sw_truck.1" depart="48.00" departLane="s_t_2" departPos="5.10" departSpeed="14.38" departDelay="0.00" arrival="79.00" arrivalLane="t_w_2" arrivalPos="186.40" arrivalSpeed="13.61" duration="31.00" routeLength="392.21" waitingTime="0.00" waitingCount="0" stopTime="0.00" timeLoss="2.85" rerouteNo="0" devices="tripinfo_flow_sw_truck.1 fcd_flow_sw_truck.1" vType="truck" speedFactor="1.04" vaporized=""/>
    <tripinfo id="flow_nw_truck.1" depart="48.00" departLane="n_t_0" departPos="5.10" departSpeed="13.56" departDelay="0.00" arrival="80.00" arrivalLane="t_w_0" arrivalPos="186.40" arrivalSpeed="12.76" duration="32.00" routeLength="376.73" waitingTime="0.00" waitingCount="0" stopTime="0.00" timeLoss="2.89" rerouteNo="0" devices="tripinfo_flow_nw_truck.1 fcd_flow_nw_truck.1" vType="truck" speedFactor="0.98" vaporized=""/>
    <tripinfo id="flow_ne_truck.1" depart="48.00" departLane="n_t_2" departPos="5.10" departSpeed="14.31" departDelay="0.00" arrival="81.00" arrivalLane="t_e_2" arrivalPos="186.40" arrivalSpeed="13.97" duration="33.00" routeLength="392.21" waitingTime="0.00" waitingCount="0" stopTime="0.00" timeLoss="4.58" rerouteNo="0" devices="tripinfo_flow_ne_truck.1 fcd_flow_ne_truck.1" vType="truck" speedFactor="1.03" vaporized=""/>
    <tripinfo id="flow_se_truck.1" depart="48.00" departLane="s_t_0" departPos="5.10" departSpeed="12.83" departDelay="0.00" arrival="82.00" arrivalLane="t_e_0" arrivalPos="186.40" arrivalSpeed="11.71" duration="34.00" routeLength="376.73" waitingTime="0.00" waitingCount="0" stopTime="0.00" timeLoss="3.41" rerouteNo="0" devices="tripinfo_flow_se_truck.1 fcd_flow_se_truck.1" vType="truck" speedFactor="0.92" vaporized=""/>
    <tripinfo id="flow_nw_car.6" depart="51.00" departLane="n_t_0" departPos="5.10" departSpeed="16.17" departDelay="0.17" arrival="82.00" arrivalLane="t_w_0" arrivalPos="186.40" arrivalSpeed="15.98" duration="31.00" routeLength="376.73" waitingTime="0.00" waitingCount="0" stopTime="0.00" timeLoss="6.43" rerouteNo="0" devices="tripinfo_flow_nw_car.6 fcd_flow_nw_car.6" vType="car" speedFactor="1.16" vaporized=""/>
    <tripinfo id="flow_ws_car.6" depart="51.00" departLane="w_t_0" departPos="5.10" departSpeed="13.63" departDelay="0.17" arrival="83.00" arrivalLane="t_s_0" arrivalPos="186.40" arrivalSpeed="12.85" duration="32.00" routeLength="376.73" waitingTime="0.00" waitingCount="0" stopTime="0.00" timeLoss="3.32" rerouteNo="0" devices="tripinfo_flow_ws_car.6 fcd_flow_ws_car.6" vType="car" speedFactor="0.98" vaporized=""/>
    <tripinfo id="flow_en_car.6" depart="51.00" departLane="e_t_0" departPos="5.10" departSpeed="13.51" departDelay="0.17" arrival="83.00" arrivalLane="t_n_0" arrivalPos="186.40" arrivalSpeed="12.36" duration="32.00" routeLength="376.73" waitingTime="0.00" waitingCount="0" stopTime="0.00" timeLoss="2.80" rerouteNo="0" devices="tripinfo_flow_en_car.6 fcd_flow_en_car.6" vType="car" speedFactor="0.97" vaporized=""/>
    <tripinfo id="flow_sw_car.6" depart="51.00" departLane="s_t_2" departPos="5.10" departSpeed="13.36" departDelay="0.17" arrival="85.00" arrivalLane="t_w_2" arrivalPos="186.40" arrivalSpeed="12.63" duration="34.00" routeLength="392.21" waitingTime="0.00" waitingCount="0" stopTime="0.00" timeLoss="3.26" rerouteNo="0" devices="tripinfo_flow_sw_car.6 fcd_flow_sw_car.6" vType="car" speedFactor="0.96" vaporized=""/>
    <tripinfo id="flow_se_car.6" depart="51.00" departLane="s_t_0" departPos="5.10" departSpeed="12.52" departDelay="0.17" arrival="86.00" arrivalLane="t_e_0" arrivalPos="186.40" arrivalSpeed="12.04" duration="35.00" routeLength="376.73" waitingTime="0.00" waitingCount="0" stopTime="0.00" timeLoss="3.81" rerouteNo="0" devices="tripinfo_flow_se_car.6 fcd_flow_se_car.6" vType="car" speedFactor="0.90" vaporized=""/>
    <tripinfo id="flow_ne_car.6" depart="51.00" departLane="n_t_2" departPos="5.10" departSpeed="12.20" departDelay="0.17" arrival="87.00" arrivalLane="t_e_2" arrivalPos="186.40" arrivalSpeed="11.52" duration="36.00" routeLength="392.21" waitingTime="0.00" waitingCount="0" stopTime="0.00" timeLoss="3.09" rerouteNo="0" devices="tripinfo_flow_ne_car.6 fcd_flow_ne_car.6" vType="car" speedFactor="0.88" vaporized=""/>
    <tripinfo id="flow_ws_car.7" depart="60.00" departLane="w_t_0" departPos="5.10" departSpeed="16.39" departDelay="0.70" arrival="87.00" arrivalLane="t_s_0" arrivalPos="186.40" arrivalSpeed="15.26" duration="27.00" routeLength="376.73" waitingTime="0.00" waitingCount="0" stopTime="0.00" timeLoss="3.45" rerouteNo="0" devices="tripinfo_flow_ws_car.7 fcd_flow_ws_car.7" vType="car" speedFactor="1.18" vaporized=""/>
    <tripinfo id="flow_en_car.7" depart="60.00" departLane="e_t_0" departPos="5.10" departSpeed="14.79" departDelay="0.70" arrival="89.00" arrivalLane="t_n_0" arrivalPos="186.40" arrivalSpeed="14.55" duration="29.00" routeLength="376.73" waitingTime="0.00" waitingCount="0" stopTime="0.00" timeLoss="2.79" rerouteNo="0" devices="tripinfo_flow_en_car.7 fcd_flow_en_car.7" vType="car" speedFactor="1.06" vaporized=""/>
    <tripinfo id="flow_ew_truck.0" depart="1.00" departLane="e_t_1" departPos="5.10" departSpeed="10.90" departDelay="1.00" arrival="90.00" arrivalLane="t_w_1" arrivalPos="186.40" arrivalSpeed="13.33" duration="89.00" routeLength="394.90" waitingTime="54.00" waitingCount="1" stopTime="0.00" timeLoss="61.60" rerouteNo="0" devices="tripinfo_flow_ew_truck.0 fcd_flow_ew_truck.0" vType="truck" speedFactor="1.04" vaporized=""/>
    <tripinfo id="flow_we_truck.0" depart="1.00" departLane="w_t_1" departPos="5.10" departSpeed="10.39" departDelay="1.00" arrival="91.00" arrivalLane="t_e_1" arrivalPos="186.40" arrivalSpeed="12.73" duration="90.00" routeLength="394.90" waitingTime="52.00" waitingCount="1" stopTime="0.00" timeLoss="60.35" rerouteNo="0" devices="tripinfo_flow_we_truck.0 fcd_flow_we_truck.0" vType="truck" speedFactor="0.99" vaporized=""/>
    <tripinfo id="flow_nw_car.7" depart="60.00" departLane="n_t_0" departPos="5.10" departSpeed="13.99" departDelay="0.70" arrival="91.00" arrivalLane="t_w_0" arrivalPos="186.40" arrivalSpeed="12.77" duration="31.00" routeLength="376.73" waitingTime="0.00" waitingCount="0" stopTime="0.00" timeLoss="3.04" rerouteNo="0" devices="tripinfo_flow_nw_car.7 fcd_flow_nw_car.7" vType="car" speedFactor="1.01" vaporized=""/>
    <tripinfo id="flow_we_car.1" depart="9.00" departLane="w_t_1" departPos="5.10" departSpeed="16.00" departDelay="0.53" arrival="92.00" arrivalLane="t_e_1" arrivalPos="186.40" arrivalSpeed="15.05" duration="83.00" routeLength="394.90" waitingTime="49.00" waitingCount="1" stopTime="0.00" timeLoss="58.12" rerouteNo="0" devices="tripinfo_flow_we_car.1 fcd_flow_we_car.1" vType="car" speedFactor="1.15" vaporized=""/>
    <tripinfo id="flow_ew_car.1" depart="9.00" departLane="e_t_1" departPos="5.10" departSpeed="16.53" departDelay="0.53" arrival="92.00" arrivalLane="t_w_1" arrivalPos="186.40" arrivalSpeed="16.42" duration="83.00" routeLength="394.90" waitingTime="50.00" waitingCount="1" stopTime="0.00" timeLoss="58.48" rerouteNo="0" devices="tripinfo_flow_ew_car.1 fcd_flow_ew_car.1" vType="car" speedFactor="1.19" vaporized=""/>
    <tripinfo id="flow_se_car.7" depart="60.00" departLane="s_t_0" departPos="5.10" departSpeed="13.54" departDelay="0.70" arrival="92.00" arrivalLane="t_e_0" arrivalPos="186.40" arrivalSpeed="13.38" duration="32.00" routeLength="376.73" waitingTime="0.00" waitingCount="0" stopTime="0.00" timeLoss="2.85" rerouteNo="0" devices="tripinfo_flow_se_car.7 fcd_flow_se_car.7" vType="car" speedFactor="0.97" vaporized=""/>
    <tripinfo id="flow_we_car.2" depart="17.00" departLane="w_t_1" departPos="5.10" departSpeed="12.61" departDelay="0.06" arrival="96.00" arrivalLane="t_e_1" arrivalPos="186.40" arrivalSpeed="12.02" duration="79.00" routeLength="394.90" waitingTime="40.00" waitingCount="1" stopTime="0.00" timeLoss="46.94" rerouteNo="0" devices="tripinfo_flow_we_car.2 fcd_flow_we_car.2" vType="car" speedFactor="0.91" vaporized=""/>
    <tripinfo id="flow_ew_car.2" depart="17.00" departLane="e_t_1" departPos="5.10" departSpeed="12.85" departDelay="0.06" arrival="96.00" arrivalLane="t_w_1" arrivalPos="186.40" arrivalSpeed="12.51" duration="79.00" routeLength="394.90" waitingTime="40.00" waitingCount="1" stopTime="0.00" timeLoss="47.63" rerouteNo="0" devices="tripinfo_flow_ew_car.2 fcd_flow_ew_car.2" vType="car" speedFactor="0.93" vaporized=""/>
    <tripinfo id="flow_we_car.3" depart="26.00" departLane="w_t_1" departPos="5.10" departSpeed="12.79" departDelay="0.59" arrival="97.00" arrivalLane="t_e_1" arrivalPos="186.40" arrivalSpeed="11.73" duration="71.00" routeLength="394.90" waitingTime="32.00" waitingCount="1" stopTime="0.00" timeLoss="40.12" rerouteNo="0" devices="tripinfo_flow_we_car.3 fcd_flow_we_car.3" vType="car" speedFactor="0.92" vaporized=""/>
    <tripinfo id="flow_ew_car.3" depart="26.00" departLane="e_t_1" departPos="5.10" departSpeed="15.18" departDelay="0.59" arrival="98.00" arrivalLane="t_w_1" arrivalPos="186.40" arrivalSpeed="14.82" duration="72.00" routeLength="394.90" waitingTime="34.00" waitingCount="1" stopTime="0.00" timeLoss="45.08" rerouteNo="0" devices="tripinfo_flow_ew_car.3 fcd_flow_ew_car.3" vType="car" speedFactor="1.09" vaporized=""/>
    <tripinfo id="flow_nw_car.8" depart="68.00" departLane="n_t_0" departPos="5.10" departSpeed="14.43" departDelay="0.23" arrival="98.00" arrivalLane="t_w_0" arrivalPos="186.40" arrivalSpeed="13.90" duration="30.00" routeLength="376.73" waitingTime="0.00" waitingCount="0" stopTime="0.00" timeLoss="2.60" rerouteNo="0" devices="tripinfo_flow_nw_car.8 fcd_flow_nw_car.8" vType="car" speedFactor="1.04" vaporized=""/>
    <tripinfo id="flow_ws_car.8" depart="68.00" departLane="w_t_0" departPos="5.10" departSpeed="14.64" departDelay="0.23" arrival="98.00" arrivalLane="t_s_0" arrivalPos="186.40" arrivalSpeed="14.12" duration="30.00" routeLength="376.73" waitingTime="0.00" waitingCount="0" stopTime="0.00" timeLoss="3.54" rerouteNo="0" devices="tripinfo_flow_ws_car.8 fcd_flow_ws_car.8" vType="car" speedFactor="1.05" vaporized=""/>
    <tripinfo id="flow_ew_car.4" depart="34.00" departLane="e_t_1" departPos="5.10" departSpeed="13.96" departDelay="0.12" arrival="99.00" arrivalLane="t_w_1" arrivalPos="186.40" arrivalSpeed="13.30" duration="65.00" routeLength="394.90" waitingTime="27.00" waitingCount="1" stopTime="0.00" timeLoss="36.49" rerouteNo="0" devices="tripinfo_flow_ew_car.4 fcd_flow_ew_car.4" vType="car" speedFactor="1.00" vaporized=""/>
    <tripinfo id="flow_en_car.8" depart="68.00" departLane="e_t_0" departPos="5.10" departSpeed="13.67" departDelay="0.23" arrival="99.00" arrivalLane="t_n_0" arrivalPos="186.40" arrivalSpeed="13.30" duration="31.00" routeLength="376.73" waitingTime="0.00" waitingCount="0" stopTime="0.00" timeLoss="2.84" rerouteNo="0" devices="tripinfo_flow_en_car.8 fcd_flow_en_car.8" vType="car" speedFactor="0.98" vaporized=""/>
    <tripinfo id="flow_se_car.8" depart="68.00" departLane="s_t_0" departPos="5.10" departSpeed="13.77" departDelay="0.23" arrival="100.00" arrivalLane="t_e_0" arrivalPos="186.40" arrivalSpeed="13.36" duration="32.00" routeLength="376.73" waitingTime="0.00" waitingCount="0" stopTime="0.00" timeLoss="3.21" rerouteNo="0" devices="tripinfo_flow_se_car.8 fcd_flow_se_car.8" vType="car" speedFactor="0.99" vaporized=""/>
    <tripinfo id="flow_ew_car.5" depart="43.00" departLane="e_t_1" departPos="5.10" departSpeed="15.29" departDelay="0.65" arrival="101.00" arrivalLane="t_w_1" arrivalPos="186.40" arrivalSpeed="14.64" duration="58.00" routeLength="394.90" waitingTime="21.00" waitingCount="1" stopTime="0.00" timeLoss="31.49" rerouteNo="0" devices="tripinfo_flow_ew_car.5 fcd_flow_ew_car.5" vType="car" speedFactor="1.10" vaporized=""/>
    <tripinfo id="flow_we_car.4" depart="34.00" departLane="w_t_1" departPos="5.10" departSpeed="11.48" departDelay="0.12" arrival="102.00" arrivalLane="t_e_1" arrivalPos="186.40" arrivalSpeed="10.20" duration="68.00" routeLength="394.90" waitingTime="24.00" waitingCount="1" stopTime="0.00" timeLoss="32.84" rerouteNo="0" devices="tripinfo_flow_we_car.4 fcd_flow_we_car.4" vType="car" speedFactor="0.83" vaporized=""/>
    <tripinfo id="flow_nw_car.9" depart="77.00" departLane="n_t_0" departPos="5.10" departSpeed="18.24" departDelay="0.76" arrival="102.00" arrivalLane="t_w_0" arrivalPos="186.40" arrivalSpeed="17.43" duration="25.00" routeLength="376.73" waitingTime="0.00" waitingCount="0" stopTime="0.00" timeLoss="3.64" rerouteNo="0" devices="tripinfo_flow_nw_car.9 fcd_flow_nw_car.9" vType="car" speedFactor="1.31" vaporized=""/>
    <tripinfo id="flow_we_car.5" depart="43.00" departLane="w_t_1" departPos="5.10" departSpeed="12.44" departDelay="0.65" arrival="103.00" arrivalLane="t_e_1" arrivalPos="186.40" arrivalSpeed="11.52" duration="60.00" routeLength="394.90" waitingTime="19.00" waitingCount="1" stopTime="0.00" timeLoss="28.21" rerouteNo="0" devices="tripinfo_flow_we_car.5 fcd_flow_we_car.5" vType="car" speedFactor="0.90" vaporized=""/>
    <tripinfo id="flow_ne_car.7" depart="60.00" departLane="n_t_2" departPos="5.10" departSpeed="13.99" departDelay="0.70" arrival="105.00" arrivalLane="t_e_2" arrivalPos="186.40" arrivalSpeed="13.83" duration="45.00" routeLength="392.21" waitingTime="10.00" waitingCount="1" stopTime="0.00" timeLoss="15.83" rerouteNo="0" devices="tripinfo_flow_ne_car.7 fcd_flow_ne_car.7" vType="car" speedFactor="1.01" vaporized=""/>
    <tripinfo id="flow_sw_car.7" depart="60.00" departLane="s_t_2" departPos="5.10" departSpeed="13.40" departDelay="0.70" arrival="106.00" arrivalLane="t_w_2" arrivalPos="186.40" arrivalSpeed="12.39" duration="46.00" routeLength="392.21" waitingTime="9.00" waitingCount="1" stopTime="0.00" timeLoss="16.05" rerouteNo="0" devices="tripinfo_flow_sw_car.7 fcd_flow_sw_car.7" vType="car" speedFactor="0.96" vaporized=""/>
    <tripinfo id="flow_ne_car.8" depart="68.00" departLane="n_t_2" departPos="5.10" departSpeed="13.32" departDelay="0.23" arrival="108.00" arrivalLane="t_e_2" arrivalPos="186.40" arrivalSpeed="13.22" duration="40.00" routeLength="392.21" waitingTime="4.00" waitingCount="1" stopTime="0.00" timeLoss="9.75" rerouteNo="0" devices="tripinfo_flow_ne_car.8 fcd_flow_ne_car.8" vType="car" speedFactor="0.96" vaporized=""/>
    <tripinfo id="flow_sw_car.8" depart="68.00" departLane="s_t_2" departPos="5.10" departSpeed="14.18" departDelay="0.23" arrival="108.00" arrivalLane="t_w_2" arrivalPos="186.40" arrivalSpeed="13.53" duration="40.00" routeLength="392.21" waitingTime="4.00" waitingCount="1" stopTime="0.00" timeLoss="11.39" rerouteNo="0" devices="tripinfo_flow_sw_car.8 fcd_flow_sw_car.8" vType="car" speedFactor="1.02" vaporized=""/>
    <tripinfo id="flow_en_car.9" depart="77.00" departLane="e_t_0" departPos="5.10" departSpeed="14.08" departDelay="0.76" arrival="108.00" arrivalLane="t_n_0" arrivalPos="186.40" arrivalSpeed="13.91" duration="31.00" routeLength="376.73" waitingTime="0.00" waitingCount="0" stopTime="0.00" timeLoss="2.94" rerouteNo="0" devices="tripinfo_flow_en_car.9 fcd_flow_en_car.9" vType="car" speedFactor="1.01" vaporized=""/>
    <tripinfo id="flow_sw_car.9" depart="77.00" departLane="s_t_2" departPos="5.10" departSpeed="15.89" departDelay="0.76" arrival="109.00" arrivalLane="t_w_2" arrivalPos="186.40" arrivalSpeed="15.37" duration="32.00" routeLength="392.21" waitingTime="0.00" waitingCount="0" stopTime="0.00" timeLoss="6.90" rerouteNo="0" devices="tripinfo_flow_sw_car.9 fcd_flow_sw_car.9" vType="car" speedFactor="1.14" vaporized=""/>
    <tripinfo id="flow_se_car.9" depart="77.00" departLane="s_t_0" departPos="5.10" departSpeed="13.45" departDelay="0.76" arrival="109.00" arrivalLane="t_e_0" arrivalPos="186.40" arrivalSpeed="12.56" duration="32.00" routeLength="376.73" waitingTime="0.00" waitingCount="0" stopTime="0.00" timeLoss="2.98" rerouteNo="0" devices="tripinfo_flow_se_car.9 fcd_flow_se_car.9" vType="car" speedFactor="0.97" vaporized=""/>
    <tripinfo id="flow_ne_car.9" depart="77.00" departLane="n_t_2" departPos="5.10" departSpeed="13.28" departDelay="0.76" arrival="111.00" arrivalLane="t_e_2" arrivalPos="186.40" arrivalSpeed="12.30" duration="34.00" routeLength="392.21" waitingTime="0.00" waitingCount="0" stopTime="0.00" timeLoss="3.12" rerouteNo="0" devices="tripinfo_flow_ne_car.9 fcd_flow_ne_car.9" vType="car" speedFactor="0.96" vaporized=""/>
    <tripinfo id="flow_ws_car.9" depart="77.00" departLane="w_t_0" departPos="5.10" departSpeed="12.13" departDelay="0.76" arrival="112.00" arrivalLane="t_s_0" arrivalPos="186.40" arrivalSpeed="11.08" duration="35.00" routeLength="376.73" waitingTime="0.00" waitingCount="0" stopTime="0.00" timeLoss="3.03" rerouteNo="0" devices="tripinfo_flow_ws_car.9 fcd_flow_ws_car.9" vType="car" speedFactor="0.87" vaporized=""/>
    <tripinfo id="flow_nw_car.10" depart="85.00" departLane="n_t_0" departPos="5.10" departSpeed="15.27" departDelay="0.29" arrival="114.00" arrivalLane="t_w_0" arrivalPos="186.40" arrivalSpeed="15.12" duration="29.00" routeLength="376.73" waitingTime="0.00" waitingCount="0" stopTime="0.00" timeLoss="3.01" rerouteNo="0" devices="tripinfo_flow_nw_car.10 fcd_flow_nw_car.10" vType="car" speedFactor="1.10" vaporized=""/>
    <tripinfo id="flow_ws_car.10" depart="85.00" departLane="w_t_0" departPos="5.10" departSpeed="16.20" departDelay="0.29" arrival="114.00" arrivalLane="t_s_0" arrivalPos="186.40" arrivalSpeed="15.51" duration="29.00" routeLength="376.73" waitingTime="0.00" waitingCount="0" stopTime="0.00" timeLoss="4.48" rerouteNo="0" devices="tripinfo_flow_ws_car.10 fcd_flow_ws_car.10" vType="car" speedFactor="1.17" vaporized=""/>
    <tripinfo id="flow_ne_car.10" depart="85.00" departLane="n_t_2" departPos="5.10" departSpeed="14.04" departDelay="0.29" arrival="116.00" arrivalLane="t_e_2" arrivalPos="186.40" arrivalSpeed="13.20" duration="31.00" routeLength="392.21" waitingTime="0.00" waitingCount="0" stopTime="0.00" timeLoss="2.61" rerouteNo="0" devices="tripinfo_flow_ne_car.10 fcd_flow_ne_car.10" vType="car" speedFactor="1.01" vaporized=""/>
    <tripinfo id="flow_en_car.10" depart="85.00" departLane="e_t_0" departPos="5.10" departSpeed="13.88" departDelay="0.29" arrival="116.00" arrivalLane="t_n_0" arrivalPos="186.40" arrivalSpeed="13.26" duration="31.00" routeLength="376.73" waitingTime="0.00" waitingCount="0" stopTime="0.00" timeLoss="2.80" rerouteNo="0" devices="tripinfo_flow_en_car.10 fcd_flow_en_car.10" vType="car" speedFactor="1.00" vaporized=""/>
    <tripinfo id="flow_se_car.10" depart="85.00" departLane="s_t_0" departPos="5.10" departSpeed="13.24" departDelay="0.29" arrival="118.00" arrivalLane="t_e_0" arrivalPos="186.40" arrivalSpeed="12.31" duration="33.00" routeLength="376.73" waitingTime="0.00" waitingCount="0" stopTime="0.00" timeLoss="3.36" rerouteNo="0" devices="tripinfo_flow_se_car.10 fcd_flow_se_car.10" vType="car" speedFactor="0.95" vaporized=""/>
    <tripinfo id="flow_ws_car.11" depart="94.00" departLane="w_t_0" departPos="5.10" departSpeed="14.67" departDelay="0.82" arrival="123.00" arrivalLane="t_s_0" arrivalPos="186.40" arrivalSpeed="14.58" duration="29.00" routeLength="376.73" waitingTime="0.00" waitingCount="0" stopTime="0.00" timeLoss="2.79" rerouteNo="0" devices="tripinfo_flow_ws_car.11 fcd_flow_ws_car.11" vType="car" speedFactor="1.06" vaporized=""/>
    <tripinfo id="flow_sw_car.10" depart="85.00" departLane="s_t_2" departPos="5.10" departSpeed="11.31" departDelay="0.29" arrival="124.00" arrivalLane="t_w_2" arrivalPos="186.40" arrivalSpeed="11.03" duration="39.00" routeLength="392.21" waitingTime="0.00" waitingCount="0" stopTime="0.00" timeLoss="2.88" rerouteNo="0" devices="tripinfo_flow_sw_car.10 fcd_flow_sw_car.10" vType="car" speedFactor="0.81" vaporized=""/>
    <tripinfo id="flow_se_car.11" depart="94.00" departLane="s_t_0" departPos="5.10" departSpeed="13.69" departDelay="0.82" arrival="125.00" arrivalLane="t_e_0" arrivalPos="186.40" arrivalSpeed="12.74" duration="31.00" routeLength="376.73" waitingTime="0.00" waitingCount="0" stopTime="0.00" timeLoss="2.92" rerouteNo="0" devices="tripinfo_flow_se_car.11 fcd_flow_se_car.11" vType="car" speedFactor="0.99" vaporized=""/>
    <tripinfo id="flow_en_car.11" depart="94.00" departLane="e_t_0" departPos="5.10" departSpeed="14.26" departDelay="0.82" arrival="125.00" arrivalLane="t_n_0" arrivalPos="186.40" arrivalSpeed="13.43" duration="31.00" routeLength="376.73" waitingTime="0.00" waitingCount="0" stopTime="0.00" timeLoss="3.17" rerouteNo="0" devices="tripinfo_flow_en_car.11 fcd_flow_en_car.11" vType="car" speedFactor="1.03" vaporized=""/>
    <tripinfo id="flow_ne_car.11" depart="94.00" departLane="n_t_2" departPos="5.10" departSpeed="13.39" departDelay="0.82" arrival="127.00" arrivalLane="t_e_2" arrivalPos="186.40" arrivalSpeed="13.28" duration="33.00" routeLength="392.21" waitingTime="0.00" waitingCount="0" stopTime="0.00" timeLoss="2.98" rerouteNo="0" devices="tripinfo_flow_ne_car.11 fcd_flow_ne_car.11" vType="car" speedFactor="0.96" vaporized=""/>
    <tripinfo id="flow_se_truck.2" depart="96.00" departLane="s_t_0" departPos="5.10" departSpeed="14.27" departDelay="0.00" arrival="127.00" arrivalLane="t_e_0" arrivalPos="186.40" arrivalSpeed="15.05" duration="31.00" routeLength="376.73" waitingTime="0.00" waitingCount="0" stopTime="0.00" timeLoss="4.81" rerouteNo="0" devices="tripinfo_flow_se_truck.2 fcd_flow_se_truck.2" vType="truck" speedFactor="1.09" vaporized=""/>
    <tripinfo id="flow_ws_truck.2" depart="96.00" departLane="w_t_0" departPos="5.10" departSpeed="14.16" departDelay="0.00" arrival="127.00" arrivalLane="t_s_0" arrivalPos="186.40" arrivalSpeed="13.36" duration="31.00" routeLength="376.73" waitingTime="0.00" waitingCount="0" stopTime="0.00" timeLoss="3.28" rerouteNo="0" devices="tripinfo_flow_ws_truck.2 fcd_flow_ws_truck.2" vType="truck" speedFactor="1.02" vaporized=""/>
    <tripinfo id="flow_ne_truck.2" depart="96.00" departLane="n_t_2" departPos="5.10" departSpeed="14.33" departDelay="0.00" arrival="129.00" arrivalLane="t_e_2" arrivalPos="186.40" arrivalSpeed="13.69" duration="33.00" routeLength="392.21" waitingTime="0.00" waitingCount="0" stopTime="0.00" timeLoss="4.33" rerouteNo="0" devices="tripinfo_flow_ne_truck.2 fcd_flow_ne_truck.2" vType="truck" speedFactor="1.03" vaporized=""/>
    <tripinfo id="flow_sw_car.11" depart="94.00" departLane="s_t_2" departPos="5.10" departSpeed="12.07" departDelay="0.82" arrival="130.00" arrivalLane="t_w_2" arrivalPos="186.40" arrivalSpeed="11.33" duration="36.00" routeLength="392.21" waitingTime="0.00" waitingCount="0" stopTime="0.00" timeLoss="2.55" rerouteNo="0" devices="tripinfo_flow_sw_car.11 fcd_flow_sw_car.11" vType="car" speedFactor="0.87" vaporized=""/>
    <tripinfo id="flow_en_truck.2" depart="96.00" departLane="e_t_0" departPos="5.10" departSpeed="12.52" departDelay="0.00" arrival="131.00" arrivalLane="t_n_0" arrivalPos="186.40" arrivalSpeed="11.83" duration="35.00" routeLength="376.73" waitingTime="0.00" waitingCount="0" stopTime="0.00" timeLoss="3.59" rerouteNo="0" devices="tripinfo_flow_en_truck.2 fcd_flow_en_truck.2" vType="truck" speedFactor="0.90" vaporized=""/>
    <tripinfo id="flow_sw_truck.2" depart="96.00" departLane="s_t_2" departPos="5.10" departSpeed="12.17" departDelay="0.00" arrival="133.00" arrivalLane="t_w_2" arrivalPos="186.40" arrivalSpeed="11.67" duration="37.00" routeLength="392.21" waitingTime="0.00" waitingCount="0" stopTime="0.00" timeLoss="3.99" rerouteNo="0" devices="tripinfo_flow_sw_truck.2 fcd_flow_sw_truck.2" vType="truck" speedFactor="0.88" vaporized=""/>
    <tripinfo id="flow_ne_car.12" depart="102.00" departLane="n_t_2" departPos="5.10" departSpeed="14.38" departDelay="0.35" arrival="133.00" arrivalLane="t_e_2" arrivalPos="186.40" arrivalSpeed="13.84" duration="31.00" routeLength="392.21" waitingTime="0.00" waitingCount="0" stopTime="0.00" timeLoss="2.77" rerouteNo="0" devices="tripinfo_flow_ne_car.12 fcd_flow_ne_car.12" vType="car" speedFactor="1.04" vaporized=""/>
    <tripinfo id="flow_en_car.12" depart="102.00" departLane="e_t_0" departPos="5.10" departSpeed="14.39" departDelay="0.35" arrival="133.00" arrivalLane="t_n_0" arrivalPos="186.40" arrivalSpeed="13.23" duration="31.00" routeLength="376.73" waitingTime="0.00" waitingCount="0" stopTime="0.00" timeLoss="2.98" rerouteNo="0" devices="tripinfo_flow_en_car.12 fcd_flow_en_car.12" vType="car" speedFactor="1.04" vaporized=""/>
    <tripinfo id="flow_sw_car.12" depart="102.00" departLane="s_t_2" departPos="5.10" departSpeed="16.36" departDelay="0.35" arrival="135.00" arrivalLane="t_w_2" arrivalPos="186.40" arrivalSpeed="15.20" duration="33.00" routeLength="392.21" waitingTime="0.00" waitingCount="0" stopTime="0.00" timeLoss="8.13" rerouteNo="0" devices="tripinfo_flow_sw_car.12 fcd_flow_sw_car.12" vType="car" speedFactor="1.18" vaporized=""/>
    <tripinfo id="flow_se_car.12" depart="102.00" departLane="s_t_0" departPos="5.10" departSpeed="13.33" departDelay="0.35" arrival="135.00" arrivalLane="t_e_0" arrivalPos="186.40" arrivalSpeed="12.78" duration="33.00" routeLength="376.73" waitingTime="0.00" waitingCount="0" stopTime="0.00" timeLoss="3.46" rerouteNo="0" devices="tripinfo_flow_se_car.12 fcd_flow_se_car.12" vType="car" speedFactor="0.96" vaporized=""/>
    <tripinfo id="flow_ws_car.12" depart="102.00" departLane="w_t_0" departPos="5.10" departSpeed="13.07" departDelay="0.35" arrival="135.00" arrivalLane="t_s_0" arrivalPos="186.40" arrivalSpeed="12.66" duration="33.00" routeLength="376.73" waitingTime="0.00" waitingCount="0" stopTime="0.00" timeLoss="3.29" rerouteNo="0" devices="tripinfo_flow_ws_car.12 fcd_flow_ws_car.12" vType="car" speedFactor="0.94" vaporized=""/>
    <tripinfo id="flow_nw_truck.2" depart="96.00" departLane="n_t_0" departPos="5.10" departSpeed="9.73" departDelay="0.00" arrival="137.00" arrivalLane="t_w_1" arrivalPos="186.40" arrivalSpeed="12.08" duration="41.00" routeLength="376.73" waitingTime="0.00" waitingCount="0" stopTime="0.00" timeLoss="11.42" rerouteNo="0" devices="tripinfo_flow_nw_truck.2 fcd_flow_nw_truck.2" vType="truck" speedFactor="0.96" vaporized=""/>
    <tripinfo id="flow_nw_car.11" depart="94.00" departLane="n_t_0" departPos="5.10" departSpeed="10.01" departDelay="0.82" arrival="138.00" arrivalLane="t_w_0" arrivalPos="186.40" arrivalSpeed="9.60" duration="44.00" routeLength="376.73" waitingTime="0.00" waitingCount="0" stopTime="0.00" timeLoss="4.04" rerouteNo="0" devices="tripinfo_flow_nw_car.11 fcd_flow_nw_car.11" vType="car" speedFactor="0.72" vaporized=""/>
    <tripinfo id="flow_nw_car.12" depart="102.00" departLane="n_t_0" departPos="5.10" departSpeed="13.00" departDelay="0.35" arrival="139.00" arrivalLane="t_w_0" arrivalPos="186.40" arrivalSpeed="12.76" duration="37.00" routeLength="376.73" waitingTime="0.00" waitingCount="0" stopTime="0.00" timeLoss="7.50" rerouteNo="0" devices="tripinfo_flow_nw_car.12 fcd_flow_nw_car.12" vType="car" speedFactor="0.94" vaporized=""/>
    <tripinfo id="flow_en_car.13" depart="111.00" departLane="e_t_0" departPos="5.10" departSpeed="15.04" departDelay="0.88" arrival="140.00" arrivalLane="t_n_0" arrivalPos="186.40" arrivalSpeed="13.86" duration="29.00" routeLength="376.73" waitingTime="0.00" waitingCount="0" stopTime="0.00" timeLoss="3.06" rerouteNo="0" devices="tripinfo_flow_en_car.13 fcd_flow_en_car.13" vType="car" speedFactor="1.08" vaporized=""/>
    <tripinfo id="flow_nw_car.13" depart="111.00" departLane="n_t_0" departPos="5.10" departSpeed="14.08" departDelay="0.88" arrival="142.00" arrivalLane="t_w_0" arrivalPos="186.40" arrivalSpeed="13.53" duration="31.00" routeLength="376.73" waitingTime="0.00" waitingCount="0" stopTime="0.00" timeLoss="3.12" rerouteNo="0" devices="tripinfo_flow_nw_car.13 fcd_flow_nw_car.13" vType="car" speedFactor="1.01" vaporized=""/>
    <tripinfo id="flow_se_car.13" depart="111.00" departLane="s_t_0" departPos="5.10" departSpeed="14.21" departDelay="0.88" arrival="142.00" arrivalLane="t_e_0" arrivalPos="186.40" arrivalSpeed="13.80" duration="31.00" routeLength="376.73" waitingTime="0.00" waitingCount="0" stopTime="0.00" timeLoss="3.55" rerouteNo="0" devices="tripinfo_flow_se_car.13 fcd_flow_se_car.13" vType="car" speedFactor="1.02" vaporized=""/>
    <tripinfo id="flow_ne_car.13" depart="111.00" departLane="n_t_2" departPos="5.10" departSpeed="13.61" departDelay="0.88" arrival="144.00" arrivalLane="t_e_2" arrivalPos="186.40" arrivalSpeed="12.32" duration="33.00" routeLength="392.21" waitingTime="0.00" waitingCount="0" stopTime="0.00" timeLoss="3.21" rerouteNo="0" devices="tripinfo_flow_ne_car.13 fcd_flow_ne_car.13" vType="car" speedFactor="0.98" vaporized=""/>
    <tripinfo id="flow_ws_car.13" depart="111.00" departLane="w_t_0" departPos="5.10" departSpeed="12.68" departDelay="0.88" arrival="145.00" arrivalLane="t_s_0" arrivalPos="186.40" arrivalSpeed="11.74" duration="34.00" routeLength="376.73" waitingTime="0.00" waitingCount="0" stopTime="0.00" timeLoss="3.70" rerouteNo="0" devices="tripinfo_flow_ws_car.13 fcd_flow_ws_car.13" vType="car" speedFactor="0.91" vaporized=""/>
    <tripinfo id="flow_ws_car.14" depart="119.00" departLane="w_t_0" departPos="5.10" departSpeed="14.36" departDelay="0.41" arrival="149.00" arrivalLane="t_s_0" arrivalPos="186.40" arrivalSpeed="14.23" duration="30.00" routeLength="376.73" waitingTime="0.00" waitingCount="0" stopTime="0.00" timeLoss="2.67" rerouteNo="0" devices="tripinfo_flow_ws_car.14 fcd_flow_ws_car.14" vType="car" speedFactor="1.03" vaporized=""/>
    <tripinfo id="flow_ne_car.14" depart="119.00" departLane="n_t_2" departPos="5.10" departSpeed="14.42" departDelay="0.41" arrival="150.00" arrivalLane="t_e_2" arrivalPos="186.40" arrivalSpeed="14.17" duration="31.00" routeLength="392.21" waitingTime="0.00" waitingCount="0" stopTime="0.00" timeLoss="2.68" rerouteNo="0" devices="tripinfo_flow_ne_car.14 fcd_flow_ne_car.14" vType="car" speedFactor="1.04" vaporized=""/>
    <tripinfo id="flow_sw_car.13" depart="111.00" departLane="s_t_2" departPos="5.10" departSpeed="10.67" departDelay="0.88" arrival="152.00" arrivalLane="t_w_1" arrivalPos="186.40" arrivalSpeed="9.74" duration="41.00" routeLength="392.21" waitingTime="0.00" waitingCount="0" stopTime="0.00" timeLoss="3.01" rerouteNo="0" devices="tripinfo_flow_sw_car.13 fcd_flow_sw_car.13" vType="car" speedFactor="0.77" vaporized=""/>
    <tripinfo id="flow_nw_car.14" depart="119.00" departLane="n_t_0" departPos="5.10" departSpeed="13.48" departDelay="0.41" arrival="152.00" arrivalLane="t_w_0" arrivalPos="186.40" arrivalSpeed="12.81" duration="33.00" routeLength="376.73" waitingTime="0.00" waitingCount="0" stopTime="0.00" timeLoss="3.50" rerouteNo="0" devices="tripinfo_flow_nw_car.14 fcd_flow_nw_car.14" vType="car" speedFactor="0.97" vaporized=""/>
    <tripinfo id="flow_en_car.14" depart="119.00" departLane="e_t_0" departPos="5.10" departSpeed="12.86" departDelay="0.41" arrival="152.00" arrivalLane="t_n_0" arrivalPos="186.40" arrivalSpeed="11.97" duration="33.00" routeLength="376.73" waitingTime="0.00" waitingCount="0" stopTime="0.00" timeLoss="3.02" rerouteNo="0" devices="tripinfo_flow_en_car.14 fcd_flow_en_car.14" vType="car" speedFactor="0.93" vaporized=""/>
    <tripinfo id="flow_sw_car.14" depart="119.00" departLane="s_t_2" departPos="5.10" departSpeed="12.49" departDelay="0.41" arrival="154.00" arrivalLane="t_w_2" arrivalPos="186.40" arrivalSpeed="12.22" duration="35.00" routeLength="392.21" waitingTime="0.00" waitingCount="0" stopTime="0.00" timeLoss="2.73" rerouteNo="0" devices="tripinfo_flow_sw_car.14 fcd_flow_sw_car.14" vType="car" speedFactor="0.90" vaporized=""/>
    <tripinfo id="flow_se_car.14" depart="119.00" departLane="s_t_0" departPos="5.10" departSpeed="12.33" departDelay="0.41" arrival="154.00" arrivalLane="t_e_0" arrivalPos="186.40" arrivalSpeed="11.28" duration="35.00" routeLength="376.73" waitingTime="0.00" waitingCount="0" stopTime="0.00" timeLoss="3.69" rerouteNo="0" devices="tripinfo_flow_se_car.14 fcd_flow_se_car.14" vType="car" speedFactor="0.89" vaporized=""/>
    <tripinfo id="flow_en_car.15" depart="128.00" departLane="e_t_0" departPos="5.10" departSpeed="14.46" departDelay="0.94" arrival="158.00" arrivalLane="t_n_0" arrivalPos="186.40" arrivalSpeed="13.44" duration="30.00" routeLength="376.73" waitingTime="0.00" waitingCount="0" stopTime="0.00" timeLoss="2.86" rerouteNo="0" devices="tripinfo_flow_en_car.15 fcd_flow_en_car.15" vType="car" speedFactor="1.04" vaporized=""/>
    <tripinfo id="flow_ne_car.15" depart="128.00" departLane="n_t_2" departPos="5.10" departSpeed="14.65" departDelay="0.94" arrival="159.00" arrivalLane="t_e_2" arrivalPos="186.40" arrivalSpeed="13.49" duration="31.00" routeLength="392.21" waitingTime="0.00" waitingCount="0" stopTime="0.00" timeLoss="3.18" rerouteNo="0" devices="tripinfo_flow_ne_car.15 fcd_flow_ne_car.15" vType="car" speedFactor="1.05" vaporized=""/>
    <tripinfo id="flow_sw_car.15" depart="128.00" departLane="s_t_2" departPos="5.10" departSpeed="14.80" departDelay="0.94" arrival="159.00" arrivalLane="t_w_2" arrivalPos="186.40" arrivalSpeed="14.40" duration="31.00" routeLength="392.21" waitingTime="0.00" waitingCount="0" stopTime="0.00" timeLoss="3.58" rerouteNo="0" devices="tripinfo_flow_sw_car.15 fcd_flow_sw_car.15" vType="car" speedFactor="1.07" vaporized=""/>
    <tripinfo id="flow_se_car.15" depart="128.00" departLane="s_t_0" departPos="5.10" departSpeed="14.22" departDelay="0.94" arrival="159.00" arrivalLane="t_e_0" arrivalPos="186.40" arrivalSpeed="13.66" duration="31.00" routeLength="376.73" waitingTime="0.00" waitingCount="0" stopTime="0.00" timeLoss="3.24" rerouteNo="0" devices="tripinfo_flow_se_car.15 fcd_flow_se_car.15" vType="car" speedFactor="1.02" vaporized=""/>
    <tripinfo id="flow_nw_car.15" depart="128.00" departLane="n_t_0" departPos="5.10" departSpeed="12.98" departDelay="0.94" arrival="161.00" arrivalLane="t_w_0" arrivalPos="186.40" arrivalSpeed="12.84" duration="33.00" routeLength="376.73" waitingTime="0.00" waitingCount="0" stopTime="0.00" timeLoss="3.11" rerouteNo="0" devices="tripinfo_flow_nw_car.15 fcd_flow_nw_car.15" vType="car" speedFactor="0.93" vaporized=""/>
    <tripinfo id="flow_ws_car.15" depart="128.00" departLane="w_t_0" departPos="5.10" departSpeed="13.22" departDelay="0.94" arrival="161.00" arrivalLane="t_s_0" arrivalPos="186.40" arrivalSpeed="11.98" duration="33.00" routeLength="376.73" waitingTime="0.00" waitingCount="0" stopTime="0.00" timeLoss="3.35" rerouteNo="0" devices="tripinfo_flow_ws_car.15 fcd_flow_ws_car.15" vType="car" speedFactor="0.95" vaporized=""/>
    <tripinfo id="flow_sw_car.16" depart="136.00" departLane="s_t_2" departPos="5.10" departSpeed="15.02" departDelay="0.46" arrival="165.00" arrivalLane="t_w_2" arrivalPos="186.40" arrivalSpeed="14.21" duration="29.00" routeLength="392.21" waitingTime="0.00" waitingCount="0" stopTime="0.00" timeLoss="2.47" rerouteNo="0" devices="tripinfo_flow_sw_car.16 fcd_flow_sw_car.16" vType="car" speedFactor="1.08" vaporized=""/>
    <tripinfo id="flow_ws_car.16" depart="136.00" departLane="w_t_0" departPos="5.10" departSpeed="13.93" departDelay="0.46" arrival="168.00" arrivalLane="t_s_0" arrivalPos="186.40" arrivalSpeed="13.52" duration="32.00" routeLength="376.73" waitingTime="0.00" waitingCount="0" stopTime="0.00" timeLoss="3.78" rerouteNo="0" devices="tripinfo_flow_ws_car.16 fcd_flow_ws_car.16" vType="car" speedFactor="1.00" vaporized=""/>
    <tripinfo id="flow_nw_car.16" depart="136.00" departLane="n_t_0" departPos="5.10" departSpeed="13.18" departDelay="0.46" arrival="169.00" arrivalLane="t_w_0" arrivalPos="186.40" arrivalSpeed="11.98" duration="33.00" routeLength="376.73" waitingTime="0.00" waitingCount="0" stopTime="0.00" timeLoss="3.27" rerouteNo="0" devices="tripinfo_flow_nw_car.16 fcd_flow_nw_car.16" vType="car" speedFactor="0.95" vaporized=""/>
    <tripinfo id="flow_ne_car.16" depart="136.00" departLane="n_t_2" departPos="5.10" departSpeed="13.70" departDelay="0.46" arrival="169.00" arrivalLane="t_e_2" arrivalPos="186.40" arrivalSpeed="13.59" duration="33.00" routeLength="392.21" waitingTime="0.00" waitingCount="0" stopTime="0.00" timeLoss="3.43" rerouteNo="0" devices="tripinfo_flow_ne_car.16 fcd_flow_ne_car.16" vType="car" speedFactor="0.99" vaporized=""/>
    <tripinfo id="flow_en_car.16" depart="136.00" departLane="e_t_0" departPos="5.10" departSpeed="12.71" departDelay="0.46" arrival="171.00" arrivalLane="t_n_0" arrivalPos="186.40" arrivalSpeed="11.75" duration="35.00" routeLength="376.73" waitingTime="0.00" waitingCount="0" stopTime="0.00" timeLoss="3.56" rerouteNo="0" devices="tripinfo_flow_en_car.16 fcd_flow_en_car.16" vType="car" speedFactor="0.91" vaporized=""/>
    <tripinfo id="flow_nw_truck.3" depart="144.00" departLane="n_t_0" departPos="5.10" departSpeed="15.05" departDelay="0.00" arrival="173.00" arrivalLane="t_w_0" arrivalPos="186.40" arrivalSpeed="13.91" duration="29.00" routeLength="376.73" waitingTime="0.00" waitingCount="0" stopTime="0.00" timeLoss="3.09" rerouteNo="0" devices="tripinfo_flow_nw_truck.3 fcd_flow_nw_truck.3" vType="truck" speedFactor="1.08" vaporized=""/>
    <tripinfo id="flow_ne_truck.3" depart="144.00" departLane="n_t_2" departPos="5.10" departSpeed="15.61" departDelay="0.00" arrival="173.00" arrivalLane="t_e_2" arrivalPos="186.40" arrivalSpeed="15.03" duration="29.00" routeLength="392.21" waitingTime="0.00" waitingCount="0" stopTime="0.00" timeLoss="3.11" rerouteNo="0" devices="tripinfo_flow_ne_truck.3 fcd_flow_ne_truck.3" vType="truck" speedFactor="1.12" vaporized=""/>
    <tripinfo id="flow_se_car.16" depart="136.00" departLane="s_t_0" departPos="5.10" departSpeed="11.43" departDelay="0.46" arrival="174.00" arrivalLane="t_e_0" arrivalPos="186.40" arrivalSpeed="11.08" duration="38.00" routeLength="376.73" waitingTime="0.00" waitingCount="0" stopTime="0.00" timeLoss="3.88" rerouteNo="0" devices="tripinfo_flow_se_car.16 fcd_flow_se_car.16" vType="car" speedFactor="0.82" vaporized=""/>
    <tripinfo id="flow_se_truck.3" depart="144.00" departLane="s_t_0" departPos="5.10" departSpeed="13.24" departDelay="0.00" arrival="176.00" arrivalLane="t_e_0" arrivalPos="186.40" arrivalSpeed="12.75" duration="32.00" routeLength="376.73" waitingTime="0.00" waitingCount="0" stopTime="0.00" timeLoss="2.97" rerouteNo="0" devices="tripinfo_flow_se_truck.3 fcd_flow_se_truck.3" vType="truck" speedFactor="0.95" vaporized=""/>
    <tripinfo id="flow_ws_truck.3" depart="144.00" departLane="w_t_0" departPos="5.10" departSpeed="13.53" departDelay="0.00" arrival="177.00" arrivalLane="t_s_0" arrivalPos="186.40" arrivalSpeed="12.29" duration="33.00" routeLength="376.73" waitingTime="0.00" waitingCount="0" stopTime="0.00" timeLoss="3.49" rerouteNo="0" devices="tripinfo_flow_ws_truck.3 fcd_flow_ws_truck.3" vType="truck" speedFactor="0.97" vaporized=""/>
    <tripinfo id="flow_en_truck.3" depart="144.00" departLane="e_t_0" departPos="5.10" departSpeed="13.04" departDelay="0.00" arrival="177.00" arrivalLane="t_n_0" arrivalPos="186.40" arrivalSpeed="11.75" duration="33.00" routeLength="376.73" waitingTime="0.00" waitingCount="0" stopTime="0.00" timeLoss="3.39" rerouteNo="0" devices="tripinfo_flow_en_truck.3 fcd_flow_en_truck.3" vType="truck" speedFactor="0.94" vaporized=""/>
    <tripinfo id="flow_sw_truck.3" depart="144.00" departLane="s_t_2" departPos="5.10" departSpeed="13.20" departDelay="0.00" arrival="178.00" arrivalLane="t_w_2" arrivalPos="186.40" arrivalSpeed="12.58" duration="34.00" routeLength="392.21" waitingTime="0.00" waitingCount="0" stopTime="0.00" timeLoss="2.94" rerouteNo="0" devices="tripinfo_flow_sw_truck.3 fcd_flow_sw_truck.3" vType="truck" speedFactor="0.95" vaporized=""/>
    <tripinfo id="flow_nw_car.17" depart="145.00" departLane="n_t_0" departPos="5.10" departSpeed="11.57" departDelay="0.99" arrival="178.00" arrivalLane="t_w_0" arrivalPos="186.40" arrivalSpeed="12.83" duration="33.00" routeLength="376.73" waitingTime="0.00" waitingCount="0" stopTime="0.00" timeLoss="3.87" rerouteNo="0" devices="tripinfo_flow_nw_car.17 fcd_flow_nw_car.17" vType="car" speedFactor="0.95" vaporized=""/>
    <tripinfo id="flow_ne_car.17" depart="145.00" departLane="n_t_2" departPos="5.10" departSpeed="13.54" departDelay="0.99" arrival="178.00" arrivalLane="t_e_2" arrivalPos="186.40" arrivalSpeed="13.66" duration="33.00" routeLength="392.21" waitingTime="0.00" waitingCount="0" stopTime="0.00" timeLoss="4.05" rerouteNo="0" devices="tripinfo_flow_ne_car.17 fcd_flow_ne_car.17" vType="car" speedFactor="1.02" vaporized=""/>
