<?xml version="1.0" encoding="UTF-8"?>

<!-- generated on 2025-08-18 17:06:21 by Eclipse SUMO GUI Version 1.16.0
<configuration xmlns:xsi="http://www.w3.org/2001/XMLSchema-instance" xsi:noNamespaceSchemaLocation="http://sumo.dlr.de/xsd/sumoConfiguration.xsd">

    <input>
        <net-file value="E:\txw\sumo-rl\nets\syc\1x1\Eq_350_BC_Wstr_Estr-Wleft_Eleft\Eq_350_40-60-20-80-Bus-Car\syc_4phases.net.xml"/>
        <route-files value="E:\txw\sumo-rl\nets\syc\1x1\Eq_350_BC_Wstr_Estr-Wleft_Eleft\Eq_350_40-60-20-80-Bus-Car\Eq_350_40-60-20-80-Bus-Car.rou.xml"/>
        <additional-files value="E:\txw\sumo-rl\nets\syc\1x1\Eq_350_BC_Wstr_Estr-Wleft_Eleft\Eq_350_40-60-20-80-Bus-Car\1x1_outputs.add.xml"/>
    </input>

    <output>
        <fcd-output value="E:\txw\sumo-rl\nets\syc\1x1\Eq_350_BC_Wstr_Estr-Wleft_Eleft\Eq_350_40-60-20-80-Bus-Car\output/fcd_output.xml"/>
        <tripinfo-output value="E:\txw\sumo-rl\nets\syc\1x1\Eq_350_BC_Wstr_Estr-Wleft_Eleft\Eq_350_40-60-20-80-Bus-Car\output/tripinfo.out.xml"/>
    </output>

    <time>
        <begin value="0"/>
        <end value="1000"/>
    </time>

</configuration>
-->

<meandata xmlns:xsi="http://www.w3.org/2001/XMLSchema-instance" xsi:noNamespaceSchemaLocation="http://sumo.dlr.de/xsd/meandata_file.xsd">
    <interval begin="0.00" end="10.00" id="1">
        <edge id="e_t" sampledSeconds="43.00" traveltime="14.75" overlapTraveltime="15.14" density="23.07" laneDensity="7.69" occupancy="3.84" waitingTime="0.00" timeLoss="2.42" speed="12.64" speedRelative="0.91" departed="5" arrived="0" entered="0" left="0" laneChangedFrom="0" laneChangedTo="0"/>
        <edge id="n_t" sampledSeconds="27.00" traveltime="13.44" overlapTraveltime="13.80" density="14.48" laneDensity="4.83" occupancy="2.41" waitingTime="0.00" timeLoss="1.16" speed="13.87" speedRelative="1.00" departed="3" arrived="0" entered="0" left="0" laneChangedFrom="0" laneChangedTo="0"/>
        <edge id="s_t" sampledSeconds="27.00" traveltime="13.63" overlapTraveltime="13.99" density="14.48" laneDensity="4.83" occupancy="2.41" waitingTime="0.00" timeLoss="1.09" speed="13.68" speedRelative="0.98" departed="3" arrived="0" entered="0" left="0" laneChangedFrom="0" laneChangedTo="0"/>
        <edge id="t_e" sampledSeconds="0.00" departed="0" arrived="0" entered="0" left="0" laneChangedFrom="0" laneChangedTo="0"/>
        <edge id="t_n" sampledSeconds="0.00" departed="0" arrived="0" entered="0" left="0" laneChangedFrom="0" laneChangedTo="0"/>
        <edge id="t_s" sampledSeconds="0.00" departed="0" arrived="0" entered="0" left="0" laneChangedFrom="0" laneChangedTo="0"/>
        <edge id="t_w" sampledSeconds="0.00" departed="0" arrived="0" entered="0" left="0" laneChangedFrom="0" laneChangedTo="0"/>
        <edge id="w_t" sampledSeconds="43.00" traveltime="14.91" overlapTraveltime="15.31" density="23.07" laneDensity="7.69" occupancy="3.84" waitingTime="0.00" timeLoss="3.25" speed="12.50" speedRelative="0.90" departed="5" arrived="0" entered="0" left="0" laneChangedFrom="0" laneChangedTo="0"/>
    </interval>
    <interval begin="10.00" end="20.00" id="1">
        <edge id="e_t" sampledSeconds="53.59" traveltime="18.59" overlapTraveltime="19.16" density="28.75" laneDensity="9.58" occupancy="4.72" waitingTime="2.00" timeLoss="10.92" speed="9.99" speedRelative="0.72" departed="3" arrived="0" entered="0" left="3" laneChangedFrom="0" laneChangedTo="0"/>
        <edge id="n_t" sampledSeconds="49.92" traveltime="19.11" overlapTraveltime="19.73" density="26.78" laneDensity="8.93" occupancy="4.43" waitingTime="6.00" timeLoss="14.46" speed="9.70" speedRelative="0.70" departed="3" arrived="0" entered="0" left="1" laneChangedFrom="0" laneChangedTo="0"/>
        <edge id="s_t" sampledSeconds="51.08" traveltime="18.86" overlapTraveltime="19.53" density="27.40" laneDensity="9.13" occupancy="4.53" waitingTime="9.00" timeLoss="15.01" speed="9.80" speedRelative="0.71" departed="3" arrived="0" entered="0" left="1" laneChangedFrom="0" laneChangedTo="0"/>
        <edge id="t_e" sampledSeconds="7.20" traveltime="15.50" overlapTraveltime="15.92" density="3.86" laneDensity="1.29" occupancy="0.58" waitingTime="0.00" timeLoss="1.01" speed="12.03" speedRelative="0.87" departed="0" arrived="0" entered="3" left="0" laneChangedFrom="0" laneChangedTo="0"/>
        <edge id="t_n" sampledSeconds="2.23" traveltime="20.79" overlapTraveltime="21.34" density="1.19" laneDensity="0.40" occupancy="0.17" waitingTime="0.00" timeLoss="0.69" speed="8.97" speedRelative="0.65" departed="0" arrived="0" entered="1" left="0" laneChangedFrom="0" laneChangedTo="0"/>
        <edge id="t_s" sampledSeconds="0.93" traveltime="36.34" overlapTraveltime="37.31" density="0.50" laneDensity="0.17" occupancy="0.04" waitingTime="0.00" timeLoss="0.53" speed="5.13" speedRelative="0.37" departed="0" arrived="0" entered="1" left="0" laneChangedFrom="0" laneChangedTo="0"/>
        <edge id="t_w" sampledSeconds="8.48" traveltime="16.08" overlapTraveltime="16.51" density="4.55" laneDensity="1.52" occupancy="0.69" waitingTime="0.00" timeLoss="1.58" speed="11.59" speedRelative="0.83" departed="0" arrived="0" entered="3" left="0" laneChangedFrom="0" laneChangedTo="0"/>
        <edge id="w_t" sampledSeconds="54.97" traveltime="18.45" overlapTraveltime="19.01" density="29.49" laneDensity="9.83" occupancy="4.84" waitingTime="4.00" timeLoss="12.17" speed="10.07" speedRelative="0.72" departed="3" arrived="0" entered="0" left="3" laneChangedFrom="0" laneChangedTo="0"/>
    </interval>
    <interval begin="20.00" end="30.00" id="1">
        <edge id="e_t" sampledSeconds="63.17" traveltime="22.41" overlapTraveltime="23.15" density="33.89" laneDensity="11.30" occupancy="5.60" waitingTime="18.00" timeLoss="22.99" speed="8.27" speedRelative="0.60" departed="3" arrived="0" entered="0" left="1" laneChangedFrom="0" laneChangedTo="0"/>
        <edge id="n_t" sampledSeconds="71.51" traveltime="23.84" overlapTraveltime="24.57" density="38.37" laneDensity="12.79" occupancy="6.35" waitingTime="25.00" timeLoss="31.62" speed="7.79" speedRelative="0.56" departed="3" arrived="0" entered="0" left="1" laneChangedFrom="0" laneChangedTo="0"/>
        <edge id="s_t" sampledSeconds="73.06" traveltime="24.03" overlapTraveltime="24.77" density="39.20" laneDensity="13.07" occupancy="6.49" waitingTime="26.00" timeLoss="34.32" speed="7.73" speedRelative="0.56" departed="3" arrived="0" entered="0" left="1" laneChangedFrom="0" laneChangedTo="0"/>
        <edge id="t_e" sampledSeconds="30.14" traveltime="14.41" overlapTraveltime="14.80" density="16.17" laneDensity="5.39" occupancy="2.68" waitingTime="0.00" timeLoss="2.23" speed="12.94" speedRelative="0.93" departed="0" arrived="0" entered="1" left="0" laneChangedFrom="0" laneChangedTo="0"/>
        <edge id="t_n" sampledSeconds="10.00" traveltime="15.03" overlapTraveltime="15.43" density="5.36" laneDensity="1.79" occupancy="0.89" waitingTime="0.00" timeLoss="0.48" speed="12.40" speedRelative="0.89" departed="0" arrived="0" entered="0" left="0" laneChangedFrom="0" laneChangedTo="0"/>
        <edge id="t_s" sampledSeconds="11.06" traveltime="18.13" overlapTraveltime="18.62" density="5.93" laneDensity="1.98" occupancy="0.96" waitingTime="0.00" timeLoss="1.56" speed="10.28" speedRelative="0.74" departed="0" arrived="0" entered="1" left="0" laneChangedFrom="0" laneChangedTo="0"/>
        <edge id="t_w" sampledSeconds="31.17" traveltime="14.60" overlapTraveltime="14.98" density="16.72" laneDensity="5.57" occupancy="2.74" waitingTime="0.00" timeLoss="2.34" speed="12.78" speedRelative="0.92" departed="0" arrived="1" entered="1" left="0" laneChangedFrom="0" laneChangedTo="0"/>
        <edge id="w_t" sampledSeconds="62.12" traveltime="23.56" overlapTraveltime="24.31" density="33.32" laneDensity="11.11" occupancy="5.51" waitingTime="20.00" timeLoss="24.28" speed="7.87" speedRelative="0.57" departed="3" arrived="0" entered="0" left="1" laneChangedFrom="0" laneChangedTo="0"/>
    </interval>
    <interval begin="30.00" end="40.00" id="1">
        <edge id="e_t" sampledSeconds="71.23" traveltime="25.23" overlapTraveltime="26.13" density="38.21" laneDensity="12.74" occupancy="6.28" waitingTime="25.00" timeLoss="33.52" speed="7.32" speedRelative="0.53" departed="3" arrived="0" entered="0" left="3" laneChangedFrom="0" laneChangedTo="0"/>
        <edge id="n_t" sampledSeconds="93.67" traveltime="34.03" overlapTraveltime="35.09" density="50.25" laneDensity="16.75" occupancy="8.32" waitingTime="47.00" timeLoss="57.83" speed="5.46" speedRelative="0.39" departed="3" arrived="0" entered="0" left="1" laneChangedFrom="0" laneChangedTo="0"/>
        <edge id="s_t" sampledSeconds="93.78" traveltime="36.28" overlapTraveltime="37.40" density="50.31" laneDensity="16.77" occupancy="8.33" waitingTime="48.00" timeLoss="59.88" speed="5.12" speedRelative="0.37" departed="3" arrived="0" entered="0" left="1" laneChangedFrom="0" laneChangedTo="0"/>
        <edge id="t_e" sampledSeconds="21.96" traveltime="15.80" overlapTraveltime="16.13" density="11.78" laneDensity="3.93" occupancy="1.87" waitingTime="0.00" timeLoss="1.91" speed="11.86" speedRelative="0.85" departed="0" arrived="3" entered="1" left="0" laneChangedFrom="0" laneChangedTo="0"/>
        <edge id="t_n" sampledSeconds="18.34" traveltime="17.18" overlapTraveltime="17.58" density="9.84" laneDensity="3.28" occupancy="1.55" waitingTime="0.00" timeLoss="3.13" speed="10.89" speedRelative="0.78" departed="0" arrived="1" entered="2" left="0" laneChangedFrom="0" laneChangedTo="0"/>
        <edge id="t_s" sampledSeconds="17.00" traveltime="16.14" overlapTraveltime="16.58" density="9.12" laneDensity="3.04" occupancy="1.52" waitingTime="0.00" timeLoss="1.41" speed="11.54" speedRelative="0.83" departed="0" arrived="1" entered="0" left="0" laneChangedFrom="0" laneChangedTo="0"/>
        <edge id="t_w" sampledSeconds="21.01" traveltime="15.05" overlapTraveltime="15.43" density="11.27" laneDensity="3.76" occupancy="1.82" waitingTime="0.00" timeLoss="1.43" speed="12.41" speedRelative="0.89" departed="0" arrived="2" entered="1" left="0" laneChangedFrom="0" laneChangedTo="0"/>
        <edge id="w_t" sampledSeconds="75.43" traveltime="25.73" overlapTraveltime="26.74" density="40.47" laneDensity="13.49" occupancy="6.63" waitingTime="27.00" timeLoss="34.80" speed="7.16" speedRelative="0.52" departed="3" arrived="0" entered="0" left="3" laneChangedFrom="0" laneChangedTo="0"/>
    </interval>
    <interval begin="40.00" end="50.00" id="1">
        <edge id="e_t" sampledSeconds="60.15" traveltime="23.27" overlapTraveltime="24.23" density="32.27" laneDensity="10.76" occupancy="5.21" waitingTime="8.00" timeLoss="22.38" speed="7.90" speedRelative="0.57" departed="1" arrived="0" entered="0" left="4" laneChangedFrom="0" laneChangedTo="0"/>
        <edge id="n_t" sampledSeconds="108.03" traveltime="45.86" overlapTraveltime="46.95" density="57.95" laneDensity="19.32" occupancy="9.62" waitingTime="69.00" timeLoss="75.77" speed="4.08" speedRelative="0.29" departed="3" arrived="0" entered="0" left="1" laneChangedFrom="0" laneChangedTo="0"/>
        <edge id="s_t" sampledSeconds="110.01" traveltime="43.07" overlapTraveltime="44.17" density="59.02" laneDensity="19.67" occupancy="9.79" waitingTime="69.00" timeLoss="75.12" speed="4.33" speedRelative="0.31" departed="3" arrived="0" entered="0" left="1" laneChangedFrom="0" laneChangedTo="0"/>
        <edge id="t_e" sampledSeconds="26.82" traveltime="15.49" overlapTraveltime="15.93" density="14.39" laneDensity="4.80" occupancy="2.33" waitingTime="0.00" timeLoss="2.56" speed="12.02" speedRelative="0.87" departed="0" arrived="1" entered="2" left="0" laneChangedFrom="0" laneChangedTo="0"/>
        <edge id="t_n" sampledSeconds="34.34" traveltime="14.82" overlapTraveltime="15.22" density="18.42" laneDensity="6.14" occupancy="2.93" waitingTime="0.00" timeLoss="3.12" speed="12.58" speedRelative="0.91" departed="0" arrived="2" entered="4" left="0" laneChangedFrom="0" laneChangedTo="0"/>
        <edge id="t_s" sampledSeconds="30.32" traveltime="16.67" overlapTraveltime="17.11" density="16.26" laneDensity="5.42" occupancy="2.55" waitingTime="0.00" timeLoss="4.19" speed="11.19" speedRelative="0.81" departed="0" arrived="1" entered="5" left="0" laneChangedFrom="0" laneChangedTo="0"/>
        <edge id="t_w" sampledSeconds="25.92" traveltime="15.80" overlapTraveltime="16.22" density="13.90" laneDensity="4.63" occupancy="2.25" waitingTime="0.00" timeLoss="2.97" speed="11.80" speedRelative="0.85" departed="0" arrived="1" entered="2" left="0" laneChangedFrom="0" laneChangedTo="0"/>
        <edge id="w_t" sampledSeconds="60.83" traveltime="21.31" overlapTraveltime="22.21" density="32.63" laneDensity="10.88" occupancy="5.29" waitingTime="9.00" timeLoss="21.93" speed="8.62" speedRelative="0.62" departed="1" arrived="0" entered="0" left="4" laneChangedFrom="0" laneChangedTo="0"/>
    </interval>
    <interval begin="50.00" end="60.00" id="1">
        <edge id="e_t" sampledSeconds="69.11" traveltime="21.06" overlapTraveltime="21.79" density="37.08" laneDensity="12.36" occupancy="6.11" waitingTime="16.00" timeLoss="24.20" speed="8.78" speedRelative="0.63" departed="5" arrived="0" entered="0" left="2" laneChangedFrom="0" laneChangedTo="0"/>
        <edge id="n_t" sampledSeconds="128.85" traveltime="49.36" overlapTraveltime="50.48" density="69.13" laneDensity="23.04" occupancy="11.49" waitingTime="84.00" timeLoss="92.32" speed="3.79" speedRelative="0.27" departed="3" arrived="0" entered="0" left="1" laneChangedFrom="0" laneChangedTo="0"/>
        <edge id="s_t" sampledSeconds="129.13" traveltime="51.25" overlapTraveltime="52.42" density="69.28" laneDensity="23.09" occupancy="11.51" waitingTime="87.00" timeLoss="94.93" speed="3.65" speedRelative="0.26" departed="3" arrived="0" entered="0" left="1" laneChangedFrom="0" laneChangedTo="0"/>
        <edge id="t_e" sampledSeconds="17.86" traveltime="16.21" overlapTraveltime="16.56" density="9.58" laneDensity="3.19" occupancy="1.53" waitingTime="0.00" timeLoss="2.16" speed="11.56" speedRelative="0.83" departed="0" arrived="2" entered="1" left="0" laneChangedFrom="0" laneChangedTo="0"/>
        <edge id="t_n" sampledSeconds="51.53" traveltime="15.10" overlapTraveltime="15.49" density="27.64" laneDensity="9.21" occupancy="4.51" waitingTime="0.00" timeLoss="3.67" speed="12.35" speedRelative="0.89" departed="0" arrived="1" entered="3" left="0" laneChangedFrom="0" laneChangedTo="0"/>
        <edge id="t_s" sampledSeconds="56.46" traveltime="16.02" overlapTraveltime="16.44" density="30.29" laneDensity="10.10" occupancy="4.99" waitingTime="0.00" timeLoss="6.09" speed="11.64" speedRelative="0.84" departed="0" arrived="2" entered="2" left="0" laneChangedFrom="0" laneChangedTo="0"/>
        <edge id="t_w" sampledSeconds="19.25" traveltime="14.75" overlapTraveltime="15.14" density="10.33" laneDensity="3.44" occupancy="1.65" waitingTime="0.00" timeLoss="1.53" speed="12.64" speedRelative="0.91" departed="0" arrived="2" entered="1" left="0" laneChangedFrom="0" laneChangedTo="0"/>
        <edge id="w_t" sampledSeconds="63.69" traveltime="21.98" overlapTraveltime="22.70" density="34.17" laneDensity="11.39" occupancy="5.62" waitingTime="16.00" timeLoss="24.34" speed="8.43" speedRelative="0.61" departed="5" arrived="0" entered="0" left="2" laneChangedFrom="0" laneChangedTo="0"/>
    </interval>
    <interval begin="60.00" end="70.00" id="1">
        <edge id="e_t" sampledSeconds="77.27" traveltime="24.14" overlapTraveltime="24.82" density="41.45" laneDensity="13.82" occupancy="6.85" waitingTime="22.00" timeLoss="34.08" speed="7.71" speedRelative="0.56" departed="3" arrived="0" entered="0" left="2" laneChangedFrom="0" laneChangedTo="0"/>
        <edge id="n_t" sampledSeconds="149.89" traveltime="58.22" overlapTraveltime="59.49" density="80.41" laneDensity="26.80" occupancy="13.36" waitingTime="106.00" timeLoss="114.60" speed="3.22" speedRelative="0.23" departed="3" arrived="0" entered="0" left="1" laneChangedFrom="0" laneChangedTo="0"/>
        <edge id="s_t" sampledSeconds="149.55" traveltime="58.77" overlapTraveltime="60.06" density="80.23" laneDensity="26.74" occupancy="13.33" waitingTime="108.00" timeLoss="114.78" speed="3.19" speedRelative="0.23" departed="3" arrived="0" entered="0" left="1" laneChangedFrom="0" laneChangedTo="0"/>
        <edge id="t_e" sampledSeconds="17.41" traveltime="15.76" overlapTraveltime="16.18" density="9.34" laneDensity="3.11" occupancy="1.50" waitingTime="0.00" timeLoss="1.67" speed="11.83" speedRelative="0.85" departed="0" arrived="1" entered="1" left="0" laneChangedFrom="0" laneChangedTo="0"/>
        <edge id="t_n" sampledSeconds="35.37" traveltime="14.36" overlapTraveltime="14.76" density="18.98" laneDensity="6.33" occupancy="3.08" waitingTime="0.00" timeLoss="2.74" speed="12.97" speedRelative="0.93" departed="0" arrived="5" entered="1" left="0" laneChangedFrom="0" laneChangedTo="0"/>
        <edge id="t_s" sampledSeconds="40.56" traveltime="15.64" overlapTraveltime="16.03" density="21.76" laneDensity="7.25" occupancy="3.51" waitingTime="0.00" timeLoss="4.38" speed="11.94" speedRelative="0.86" departed="0" arrived="4" entered="2" left="0" laneChangedFrom="0" laneChangedTo="0"/>
        <edge id="t_w" sampledSeconds="13.43" traveltime="14.70" overlapTraveltime="15.08" density="7.21" laneDensity="2.40" occupancy="1.15" waitingTime="0.00" timeLoss="1.36" speed="12.69" speedRelative="0.91" departed="0" arrived="1" entered="1" left="0" laneChangedFrom="0" laneChangedTo="0"/>
        <edge id="w_t" sampledSeconds="78.72" traveltime="24.28" overlapTraveltime="25.03" density="42.23" laneDensity="14.08" occupancy="6.97" waitingTime="21.00" timeLoss="32.76" speed="7.65" speedRelative="0.55" departed="3" arrived="0" entered="0" left="2" laneChangedFrom="0" laneChangedTo="0"/>
    </interval>
    <interval begin="70.00" end="80.00" id="1">
        <edge id="e_t" sampledSeconds="85.98" traveltime="35.80" overlapTraveltime="36.71" density="46.13" laneDensity="15.38" occupancy="7.65" waitingTime="49.00" timeLoss="54.61" speed="5.21" speedRelative="0.38" departed="3" arrived="0" entered="0" left="1" laneChangedFrom="0" laneChangedTo="0"/>
        <edge id="n_t" sampledSeconds="164.18" traveltime="72.19" overlapTraveltime="73.26" density="88.08" laneDensity="29.36" occupancy="14.59" waitingTime="120.00" timeLoss="132.71" speed="2.61" speedRelative="0.19" departed="3" arrived="0" entered="0" left="3" laneChangedFrom="0" laneChangedTo="0"/>
        <edge id="s_t" sampledSeconds="165.00" traveltime="73.29" overlapTraveltime="74.46" density="88.52" laneDensity="29.51" occupancy="14.65" waitingTime="119.00" timeLoss="133.36" speed="2.57" speedRelative="0.19" departed="3" arrived="0" entered="0" left="3" laneChangedFrom="0" laneChangedTo="0"/>
        <edge id="t_e" sampledSeconds="15.02" traveltime="15.50" overlapTraveltime="15.88" density="8.06" laneDensity="2.69" occupancy="1.31" waitingTime="0.00" timeLoss="1.72" speed="12.05" speedRelative="0.87" departed="0" arrived="1" entered="1" left="0" laneChangedFrom="0" laneChangedTo="0"/>
        <edge id="t_n" sampledSeconds="22.99" traveltime="14.80" overlapTraveltime="15.18" density="12.33" laneDensity="4.11" occupancy="1.98" waitingTime="0.00" timeLoss="1.91" speed="12.61" speedRelative="0.91" departed="0" arrived="1" entered="2" left="0" laneChangedFrom="0" laneChangedTo="0"/>
        <edge id="t_s" sampledSeconds="29.28" traveltime="15.40" overlapTraveltime="15.78" density="15.71" laneDensity="5.24" occupancy="2.52" waitingTime="0.00" timeLoss="2.48" speed="12.13" speedRelative="0.87" departed="0" arrived="2" entered="2" left="0" laneChangedFrom="0" laneChangedTo="0"/>
        <edge id="t_w" sampledSeconds="15.08" traveltime="15.40" overlapTraveltime="15.77" density="8.09" laneDensity="2.70" occupancy="1.29" waitingTime="0.00" timeLoss="1.60" speed="12.14" speedRelative="0.87" departed="0" arrived="1" entered="1" left="0" laneChangedFrom="0" laneChangedTo="0"/>
        <edge id="w_t" sampledSeconds="86.43" traveltime="34.36" overlapTraveltime="35.25" density="46.37" laneDensity="15.46" occupancy="7.69" waitingTime="47.00" timeLoss="52.06" speed="5.43" speedRelative="0.39" departed="3" arrived="0" entered="0" left="1" laneChangedFrom="0" laneChangedTo="0"/>
    </interval>
    <interval begin="80.00" end="90.00" id="1">
        <edge id="e_t" sampledSeconds="107.96" traveltime="38.74" overlapTraveltime="39.68" density="57.92" laneDensity="19.31" occupancy="9.62" waitingTime="66.00" timeLoss="71.78" speed="4.82" speedRelative="0.35" departed="2" arrived="0" entered="0" left="1" laneChangedFrom="0" laneChangedTo="0"/>
        <edge id="n_t" sampledSeconds="150.18" traveltime="45.47" overlapTraveltime="45.58" density="80.57" laneDensity="26.86" occupancy="13.27" waitingTime="75.00" timeLoss="103.88" speed="4.20" speedRelative="0.30" departed="3" arrived="0" entered="0" left="5" laneChangedFrom="0" laneChangedTo="0"/>
        <edge id="s_t" sampledSeconds="150.57" traveltime="43.64" overlapTraveltime="43.87" density="80.78" laneDensity="26.93" occupancy="13.30" waitingTime="76.00" timeLoss="102.92" speed="4.36" speedRelative="0.31" departed="3" arrived="0" entered="0" left="5" laneChangedFrom="0" laneChangedTo="0"/>
        <edge id="t_e" sampledSeconds="16.54" traveltime="15.96" overlapTraveltime="16.39" density="8.87" laneDensity="2.96" occupancy="1.42" waitingTime="0.00" timeLoss="2.32" speed="11.68" speedRelative="0.84" departed="0" arrived="1" entered="1" left="0" laneChangedFrom="0" laneChangedTo="0"/>
        <edge id="t_n" sampledSeconds="46.89" traveltime="14.00" overlapTraveltime="14.38" density="25.16" laneDensity="8.39" occupancy="4.05" waitingTime="0.00" timeLoss="3.65" speed="13.31" speedRelative="0.96" departed="0" arrived="2" entered="6" left="0" laneChangedFrom="0" laneChangedTo="0"/>
        <edge id="t_s" sampledSeconds="46.72" traveltime="14.59" overlapTraveltime="14.98" density="25.07" laneDensity="8.36" occupancy="4.03" waitingTime="0.00" timeLoss="4.54" speed="12.78" speedRelative="0.92" departed="0" arrived="2" entered="6" left="0" laneChangedFrom="0" laneChangedTo="0"/>
        <edge id="t_w" sampledSeconds="16.94" traveltime="15.19" overlapTraveltime="15.60" density="9.09" laneDensity="3.03" occupancy="1.46" waitingTime="0.00" timeLoss="1.96" speed="12.27" speedRelative="0.88" departed="0" arrived="1" entered="1" left="0" laneChangedFrom="0" laneChangedTo="0"/>
        <edge id="w_t" sampledSeconds="108.02" traveltime="40.54" overlapTraveltime="41.52" density="57.95" laneDensity="19.32" occupancy="9.62" waitingTime="65.00" timeLoss="71.53" speed="4.61" speedRelative="0.33" departed="2" arrived="0" entered="0" left="1" laneChangedFrom="0" laneChangedTo="0"/>
    </interval>
    <interval begin="90.00" end="100.00" id="1">
        <edge id="e_t" sampledSeconds="123.22" traveltime="57.14" overlapTraveltime="58.34" density="66.11" laneDensity="22.04" occupancy="10.98" waitingTime="85.00" timeLoss="94.51" speed="3.28" speedRelative="0.24" departed="2" arrived="0" entered="0" left="1" laneChangedFrom="0" laneChangedTo="0"/>
        <edge id="n_t" sampledSeconds="129.04" traveltime="43.27" overlapTraveltime="43.54" density="69.23" laneDensity="23.08" occupancy="11.45" waitingTime="84.00" timeLoss="88.70" speed="4.40" speedRelative="0.32" departed="3" arrived="0" entered="0" left="4" laneChangedFrom="0" laneChangedTo="0"/>
        <edge id="s_t" sampledSeconds="128.50" traveltime="46.99" overlapTraveltime="47.12" density="68.94" laneDensity="22.98" occupancy="11.40" waitingTime="85.00" timeLoss="90.31" speed="4.06" speedRelative="0.29" departed="3" arrived="0" entered="0" left="4" laneChangedFrom="0" laneChangedTo="0"/>
        <edge id="t_e" sampledSeconds="16.32" traveltime="14.13" overlapTraveltime="14.54" density="8.75" laneDensity="2.92" occupancy="1.41" waitingTime="0.00" timeLoss="1.21" speed="13.16" speedRelative="0.95" departed="0" arrived="1" entered="1" left="0" laneChangedFrom="0" laneChangedTo="0"/>
        <edge id="t_n" sampledSeconds="76.42" traveltime="14.17" overlapTraveltime="14.54" density="41.00" laneDensity="13.67" occupancy="6.69" waitingTime="0.00" timeLoss="6.39" speed="13.16" speedRelative="0.95" departed="0" arrived="4" entered="4" left="0" laneChangedFrom="0" laneChangedTo="0"/>
        <edge id="t_s" sampledSeconds="79.81" traveltime="14.39" overlapTraveltime="14.76" density="42.81" laneDensity="14.27" occupancy="7.02" waitingTime="0.00" timeLoss="7.82" speed="12.97" speedRelative="0.93" departed="0" arrived="4" entered="3" left="0" laneChangedFrom="0" laneChangedTo="0"/>
        <edge id="t_w" sampledSeconds="14.24" traveltime="13.69" overlapTraveltime="14.05" density="7.64" laneDensity="2.55" occupancy="1.23" waitingTime="0.00" timeLoss="1.17" speed="13.62" speedRelative="0.98" departed="0" arrived="1" entered="1" left="0" laneChangedFrom="0" laneChangedTo="0"/>
        <edge id="w_t" sampledSeconds="125.00" traveltime="56.96" overlapTraveltime="58.23" density="67.06" laneDensity="22.35" occupancy="11.15" waitingTime="85.00" timeLoss="93.19" speed="3.29" speedRelative="0.24" departed="2" arrived="0" entered="0" left="1" laneChangedFrom="0" laneChangedTo="0"/>
    </interval>
    <interval begin="100.00" end="110.00" id="1">
        <edge id="e_t" sampledSeconds="145.88" traveltime="53.33" overlapTraveltime="54.52" density="78.26" laneDensity="26.09" occupancy="13.01" waitingTime="105.00" timeLoss="110.63" speed="3.51" speedRelative="0.25" departed="5" arrived="0" entered="0" left="1" laneChangedFrom="0" laneChangedTo="0"/>
        <edge id="n_t" sampledSeconds="133.90" traveltime="52.32" overlapTraveltime="53.09" density="71.83" laneDensity="23.94" occupancy="11.92" waitingTime="95.00" timeLoss="100.71" speed="3.61" speedRelative="0.26" departed="3" arrived="0" entered="0" left="2" laneChangedFrom="0" laneChangedTo="0"/>
        <edge id="s_t" sampledSeconds="135.16" traveltime="50.98" overlapTraveltime="51.73" density="72.51" laneDensity="24.17" occupancy="12.03" waitingTime="96.00" timeLoss="99.18" speed="3.70" speedRelative="0.27" departed="3" arrived="0" entered="0" left="2" laneChangedFrom="0" laneChangedTo="0"/>
        <edge id="t_e" sampledSeconds="14.40" traveltime="15.79" overlapTraveltime="16.15" density="7.73" laneDensity="2.58" occupancy="1.23" waitingTime="0.00" timeLoss="2.61" speed="11.85" speedRelative="0.85" departed="0" arrived="1" entered="1" left="0" laneChangedFrom="0" laneChangedTo="0"/>
        <edge id="t_n" sampledSeconds="52.05" traveltime="14.65" overlapTraveltime="15.01" density="27.92" laneDensity="9.31" occupancy="4.56" waitingTime="0.00" timeLoss="3.91" speed="12.75" speedRelative="0.92" departed="0" arrived="5" entered="2" left="0" laneChangedFrom="0" laneChangedTo="0"/>
        <edge id="t_s" sampledSeconds="51.19" traveltime="14.63" overlapTraveltime="14.98" density="27.46" laneDensity="9.15" occupancy="4.42" waitingTime="0.00" timeLoss="4.17" speed="12.78" speedRelative="0.92" departed="0" arrived="6" entered="4" left="0" laneChangedFrom="0" laneChangedTo="0"/>
        <edge id="t_w" sampledSeconds="13.13" traveltime="14.63" overlapTraveltime="14.99" density="7.04" laneDensity="2.35" occupancy="1.13" waitingTime="0.00" timeLoss="1.43" speed="12.77" speedRelative="0.92" departed="0" arrived="1" entered="1" left="0" laneChangedFrom="0" laneChangedTo="0"/>
        <edge id="w_t" sampledSeconds="147.13" traveltime="52.66" overlapTraveltime="53.85" density="78.93" laneDensity="26.31" occupancy="13.11" waitingTime="103.00" timeLoss="108.13" speed="3.55" speedRelative="0.26" departed="5" arrived="0" entered="0" left="1" laneChangedFrom="0" laneChangedTo="0"/>
    </interval>
    <interval begin="110.00" end="120.00" id="1">
        <edge id="e_t" sampledSeconds="165.33" traveltime="66.81" overlapTraveltime="68.16" density="88.70" laneDensity="29.57" occupancy="14.75" waitingTime="116.00" timeLoss="133.20" speed="2.81" speedRelative="0.20" departed="2" arrived="0" entered="0" left="1" laneChangedFrom="0" laneChangedTo="0"/>
        <edge id="n_t" sampledSeconds="136.09" traveltime="55.98" overlapTraveltime="56.86" density="73.01" laneDensity="24.34" occupancy="12.04" waitingTime="83.00" timeLoss="103.99" speed="3.37" speedRelative="0.24" departed="3" arrived="0" entered="0" left="3" laneChangedFrom="0" laneChangedTo="0"/>
        <edge id="s_t" sampledSeconds="138.49" traveltime="54.78" overlapTraveltime="55.67" density="74.30" laneDensity="24.77" occupancy="12.26" waitingTime="86.00" timeLoss="105.43" speed="3.44" speedRelative="0.25" departed="3" arrived="0" entered="0" left="3" laneChangedFrom="0" laneChangedTo="0"/>
        <edge id="t_e" sampledSeconds="16.83" traveltime="13.97" overlapTraveltime="14.32" density="9.03" laneDensity="3.01" occupancy="1.44" waitingTime="0.00" timeLoss="1.51" speed="13.37" speedRelative="0.96" departed="0" arrived="1" entered="2" left="0" laneChangedFrom="0" laneChangedTo="0"/>
        <edge id="t_n" sampledSeconds="30.89" traveltime="14.41" overlapTraveltime="14.81" density="16.57" laneDensity="5.52" occupancy="2.66" waitingTime="0.00" timeLoss="2.47" speed="12.92" speedRelative="0.93" departed="0" arrived="3" entered="2" left="0" laneChangedFrom="0" laneChangedTo="0"/>
        <edge id="t_s" sampledSeconds="32.43" traveltime="14.49" overlapTraveltime="14.88" density="17.40" laneDensity="5.80" occupancy="2.84" waitingTime="0.00" timeLoss="2.97" speed="12.86" speedRelative="0.93" departed="0" arrived="2" entered="1" left="0" laneChangedFrom="0" laneChangedTo="0"/>
        <edge id="t_w" sampledSeconds="19.05" traveltime="15.40" overlapTraveltime="15.78" density="10.22" laneDensity="3.41" occupancy="1.62" waitingTime="0.00" timeLoss="2.88" speed="12.13" speedRelative="0.87" departed="0" arrived="1" entered="2" left="0" laneChangedFrom="0" laneChangedTo="0"/>
        <edge id="w_t" sampledSeconds="166.88" traveltime="65.15" overlapTraveltime="66.55" density="89.53" laneDensity="29.84" occupancy="14.88" waitingTime="119.00" timeLoss="131.43" speed="2.88" speedRelative="0.21" departed="2" arrived="0" entered="0" left="1" laneChangedFrom="0" laneChangedTo="0"/>
    </interval>
    <interval begin="120.00" end="130.00" id="1">
        <edge id="e_t" sampledSeconds="181.72" traveltime="93.56" overlapTraveltime="95.14" density="97.49" laneDensity="32.50" occupancy="16.22" waitingTime="150.00" timeLoss="151.93" speed="2.01" speedRelative="0.14" departed="4" arrived="0" entered="0" left="1" laneChangedFrom="0" laneChangedTo="0"/>
        <edge id="n_t" sampledSeconds="122.85" traveltime="32.03" overlapTraveltime="32.68" density="65.90" laneDensity="21.97" occupancy="10.87" waitingTime="24.00" timeLoss="69.52" speed="5.86" speedRelative="0.42" departed="3" arrived="0" entered="0" left="4" laneChangedFrom="0" laneChangedTo="0"/>
        <edge id="s_t" sampledSeconds="120.36" traveltime="31.93" overlapTraveltime="32.47" density="64.57" laneDensity="21.52" occupancy="10.62" waitingTime="21.00" timeLoss="69.52" speed="5.89" speedRelative="0.42" departed="3" arrived="0" entered="0" left="5" laneChangedFrom="0" laneChangedTo="0"/>
        <edge id="t_e" sampledSeconds="46.95" traveltime="14.46" overlapTraveltime="14.83" density="25.19" laneDensity="8.40" occupancy="4.05" waitingTime="0.00" timeLoss="4.37" speed="12.91" speedRelative="0.93" departed="0" arrived="1" entered="5" left="0" laneChangedFrom="0" laneChangedTo="0"/>
        <edge id="t_n" sampledSeconds="19.96" traveltime="13.75" overlapTraveltime="14.12" density="10.71" laneDensity="3.57" occupancy="1.72" waitingTime="0.00" timeLoss="1.37" speed="13.55" speedRelative="0.98" departed="0" arrived="2" entered="1" left="0" laneChangedFrom="0" laneChangedTo="0"/>
        <edge id="t_s" sampledSeconds="16.88" traveltime="14.60" overlapTraveltime="14.92" density="9.06" laneDensity="3.02" occupancy="1.47" waitingTime="0.00" timeLoss="1.54" speed="12.83" speedRelative="0.92" departed="0" arrived="2" entered="0" left="0" laneChangedFrom="0" laneChangedTo="0"/>
        <edge id="t_w" sampledSeconds="50.13" traveltime="13.12" overlapTraveltime="13.47" density="26.89" laneDensity="8.96" occupancy="4.39" waitingTime="0.00" timeLoss="4.08" speed="14.21" speedRelative="1.02" departed="0" arrived="2" entered="4" left="0" laneChangedFrom="0" laneChangedTo="0"/>
        <edge id="w_t" sampledSeconds="183.00" traveltime="89.96" overlapTraveltime="91.59" density="98.18" laneDensity="32.73" occupancy="16.33" waitingTime="150.00" timeLoss="156.12" speed="2.09" speedRelative="0.15" departed="4" arrived="0" entered="0" left="1" laneChangedFrom="0" laneChangedTo="0"/>
    </interval>
    <interval begin="130.00" end="140.00" id="1">
        <edge id="e_t" sampledSeconds="206.00" traveltime="86.76" overlapTraveltime="88.84" density="110.52" laneDensity="36.84" occupancy="18.41" waitingTime="162.00" timeLoss="172.47" speed="2.15" speedRelative="0.16" departed="2" arrived="0" entered="0" left="1" laneChangedFrom="0" laneChangedTo="0"/>
        <edge id="n_t" sampledSeconds="101.11" traveltime="24.62" overlapTraveltime="25.45" density="54.24" laneDensity="18.08" occupancy="8.81" waitingTime="19.00" timeLoss="45.72" speed="7.52" speedRelative="0.54" departed="3" arrived="0" entered="0" left="7" laneChangedFrom="0" laneChangedTo="0"/>
        <edge id="s_t" sampledSeconds="104.08" traveltime="26.54" overlapTraveltime="27.36" density="55.84" laneDensity="18.61" occupancy="9.13" waitingTime="18.00" timeLoss="52.17" speed="7.00" speedRelative="0.50" departed="3" arrived="0" entered="0" left="5" laneChangedFrom="0" laneChangedTo="0"/>
        <edge id="t_e" sampledSeconds="73.52" traveltime="14.63" overlapTraveltime="15.01" density="39.44" laneDensity="13.15" occupancy="6.37" waitingTime="0.00" timeLoss="5.78" speed="12.75" speedRelative="0.92" departed="0" arrived="5" entered="6" left="0" laneChangedFrom="0" laneChangedTo="0"/>
        <edge id="t_n" sampledSeconds="11.62" traveltime="13.60" overlapTraveltime="13.92" density="6.23" laneDensity="2.08" occupancy="1.02" waitingTime="0.00" timeLoss="1.35" speed="13.75" speedRelative="0.99" departed="0" arrived="1" entered="0" left="0" laneChangedFrom="0" laneChangedTo="0"/>
        <edge id="t_s" sampledSeconds="14.23" traveltime="14.79" overlapTraveltime="15.18" density="7.64" laneDensity="2.55" occupancy="1.22" waitingTime="0.00" timeLoss="1.47" speed="12.61" speedRelative="0.91" departed="0" arrived="1" entered="1" left="0" laneChangedFrom="0" laneChangedTo="0"/>
        <edge id="t_w" sampledSeconds="62.62" traveltime="14.18" overlapTraveltime="14.52" density="33.60" laneDensity="11.20" occupancy="5.40" waitingTime="0.00" timeLoss="6.33" speed="13.18" speedRelative="0.95" departed="0" arrived="5" entered="6" left="0" laneChangedFrom="0" laneChangedTo="0"/>
        <edge id="w_t" sampledSeconds="205.49" traveltime="87.31" overlapTraveltime="88.98" density="110.24" laneDensity="36.75" occupancy="18.34" waitingTime="166.00" timeLoss="175.26" speed="2.15" speedRelative="0.15" departed="2" arrived="0" entered="0" left="1" laneChangedFrom="0" laneChangedTo="0"/>
    </interval>
    <interval begin="140.00" end="150.00" id="1">
        <edge id="e_t" sampledSeconds="221.57" traveltime="115.86" overlapTraveltime="118.24" density="118.87" laneDensity="39.62" occupancy="19.78" waitingTime="189.00" timeLoss="194.36" speed="1.62" speedRelative="0.12" departed="2" arrived="0" entered="0" left="0" laneChangedFrom="0" laneChangedTo="0"/>
        <edge id="n_t" sampledSeconds="80.46" traveltime="28.69" overlapTraveltime="29.44" density="43.17" laneDensity="14.39" occupancy="7.12" waitingTime="30.00" timeLoss="43.55" speed="6.50" speedRelative="0.47" departed="3" arrived="0" entered="0" left="2" laneChangedFrom="0" laneChangedTo="0"/>
        <edge id="s_t" sampledSeconds="85.53" traveltime="29.19" overlapTraveltime="29.99" density="45.89" laneDensity="15.30" occupancy="7.54" waitingTime="30.00" timeLoss="45.95" speed="6.38" speedRelative="0.46" departed="3" arrived="0" entered="0" left="3" laneChangedFrom="0" laneChangedTo="0"/>
        <edge id="t_e" sampledSeconds="76.88" traveltime="15.51" overlapTraveltime="15.91" density="41.25" laneDensity="13.75" occupancy="6.77" waitingTime="0.00" timeLoss="10.28" speed="12.03" speedRelative="0.87" departed="0" arrived="4" entered="3" left="0" laneChangedFrom="0" laneChangedTo="0"/>
        <edge id="t_n" sampledSeconds="12.27" traveltime="15.05" overlapTraveltime="15.38" density="6.58" laneDensity="2.19" occupancy="1.05" waitingTime="0.00" timeLoss="1.43" speed="12.44" speedRelative="0.90" departed="0" arrived="1" entered="1" left="0" laneChangedFrom="0" laneChangedTo="0"/>
        <edge id="t_s" sampledSeconds="16.10" traveltime="14.84" overlapTraveltime="15.21" density="8.64" laneDensity="2.88" occupancy="1.36" waitingTime="0.00" timeLoss="1.95" speed="12.58" speedRelative="0.91" departed="0" arrived="1" entered="2" left="0" laneChangedFrom="0" laneChangedTo="0"/>
        <edge id="t_w" sampledSeconds="67.96" traveltime="14.67" overlapTraveltime="15.06" density="36.46" laneDensity="12.15" occupancy="5.96" waitingTime="0.00" timeLoss="6.59" speed="12.71" speedRelative="0.91" departed="0" arrived="3" entered="4" left="0" laneChangedFrom="0" laneChangedTo="0"/>
        <edge id="w_t" sampledSeconds="219.88" traveltime="119.84" overlapTraveltime="121.67" density="117.96" laneDensity="39.32" occupancy="19.63" waitingTime="189.00" timeLoss="194.59" speed="1.57" speedRelative="0.11" departed="2" arrived="0" entered="0" left="1" laneChangedFrom="0" laneChangedTo="0"/>
    </interval>
    <interval begin="150.00" end="160.00" id="1">
        <edge id="e_t" sampledSeconds="231.67" traveltime="97.91" overlapTraveltime="97.88" density="124.28" laneDensity="41.43" occupancy="20.54" waitingTime="170.00" timeLoss="197.44" speed="1.96" speedRelative="0.14" departed="5" arrived="0" entered="0" left="4" laneChangedFrom="0" laneChangedTo="0"/>
        <edge id="n_t" sampledSeconds="95.61" traveltime="34.88" overlapTraveltime="35.89" density="51.29" laneDensity="17.10" occupancy="8.46" waitingTime="50.00" timeLoss="59.05" speed="5.33" speedRelative="0.38" departed="3" arrived="0" entered="0" left="2" laneChangedFrom="0" laneChangedTo="0"/>
        <edge id="s_t" sampledSeconds="96.10" traveltime="35.24" overlapTraveltime="36.33" density="51.56" laneDensity="17.19" occupancy="8.50" waitingTime="49.00" timeLoss="58.35" speed="5.27" speedRelative="0.38" departed="3" arrived="0" entered="0" left="2" laneChangedFrom="0" laneChangedTo="0"/>
        <edge id="t_e" sampledSeconds="55.91" traveltime="15.33" overlapTraveltime="15.70" density="30.00" laneDensity="10.00" occupancy="4.88" waitingTime="0.00" timeLoss="8.79" speed="12.19" speedRelative="0.88" departed="0" arrived="6" entered="3" left="0" laneChangedFrom="0" laneChangedTo="0"/>
        <edge id="t_n" sampledSeconds="12.52" traveltime="16.72" overlapTraveltime="17.11" density="6.72" laneDensity="2.24" occupancy="1.07" waitingTime="0.00" timeLoss="1.71" speed="11.19" speedRelative="0.81" departed="0" arrived="1" entered="1" left="0" laneChangedFrom="0" laneChangedTo="0"/>
        <edge id="t_s" sampledSeconds="15.10" traveltime="13.97" overlapTraveltime="14.33" density="8.10" laneDensity="2.70" occupancy="1.33" waitingTime="0.00" timeLoss="1.47" speed="13.35" speedRelative="0.96" departed="0" arrived="1" entered="1" left="0" laneChangedFrom="0" laneChangedTo="0"/>
        <edge id="t_w" sampledSeconds="53.36" traveltime="14.30" overlapTraveltime="14.67" density="28.63" laneDensity="9.54" occupancy="4.65" waitingTime="0.00" timeLoss="4.54" speed="13.05" speedRelative="0.94" departed="0" arrived="6" entered="3" left="0" laneChangedFrom="0" laneChangedTo="0"/>
        <edge id="w_t" sampledSeconds="226.35" traveltime="90.34" overlapTraveltime="90.34" density="121.43" laneDensity="40.48" occupancy="20.09" waitingTime="168.00" timeLoss="192.18" speed="2.12" speedRelative="0.15" departed="5" arrived="0" entered="0" left="4" laneChangedFrom="0" laneChangedTo="0"/>
    </interval>
    <interval begin="160.00" end="170.00" id="1">
        <edge id="e_t" sampledSeconds="212.11" traveltime="51.20" overlapTraveltime="51.28" density="113.79" laneDensity="37.93" occupancy="18.81" waitingTime="105.00" timeLoss="154.40" speed="3.73" speedRelative="0.27" departed="2" arrived="0" entered="0" left="7" laneChangedFrom="0" laneChangedTo="0"/>
        <edge id="n_t" sampledSeconds="112.00" traveltime="42.51" overlapTraveltime="43.65" density="60.09" laneDensity="20.03" occupancy="10.01" waitingTime="70.00" timeLoss="76.73" speed="4.38" speedRelative="0.32" departed="3" arrived="0" entered="0" left="0" laneChangedFrom="0" laneChangedTo="0"/>
        <edge id="s_t" sampledSeconds="112.00" traveltime="45.26" overlapTraveltime="46.47" density="60.09" laneDensity="20.03" occupancy="10.01" waitingTime="68.00" timeLoss="76.57" speed="4.12" speedRelative="0.30" departed="3" arrived="0" entered="0" left="0" laneChangedFrom="0" laneChangedTo="0"/>
        <edge id="t_e" sampledSeconds="67.60" traveltime="14.90" overlapTraveltime="15.26" density="36.27" laneDensity="12.09" occupancy="5.87" waitingTime="0.00" timeLoss="7.48" speed="12.55" speedRelative="0.90" departed="0" arrived="3" entered="7" left="0" laneChangedFrom="0" laneChangedTo="0"/>
        <edge id="t_n" sampledSeconds="16.19" traveltime="16.80" overlapTraveltime="17.25" density="8.68" laneDensity="2.89" occupancy="1.41" waitingTime="0.00" timeLoss="1.56" speed="11.09" speedRelative="0.80" departed="0" arrived="0" entered="1" left="0" laneChangedFrom="0" laneChangedTo="0"/>
        <edge id="t_s" sampledSeconds="13.86" traveltime="13.87" overlapTraveltime="14.23" density="7.44" laneDensity="2.48" occupancy="1.20" waitingTime="0.00" timeLoss="1.89" speed="13.45" speedRelative="0.97" departed="0" arrived="1" entered="0" left="0" laneChangedFrom="0" laneChangedTo="0"/>
        <edge id="t_w" sampledSeconds="69.71" traveltime="15.49" overlapTraveltime="15.89" density="37.40" laneDensity="12.47" occupancy="6.08" waitingTime="0.00" timeLoss="9.48" speed="12.04" speedRelative="0.87" departed="0" arrived="2" entered="6" left="0" laneChangedFrom="0" laneChangedTo="0"/>
        <edge id="w_t" sampledSeconds="207.38" traveltime="52.20" overlapTraveltime="52.14" density="111.25" laneDensity="37.08" occupancy="18.43" waitingTime="103.00" timeLoss="151.88" speed="3.67" speedRelative="0.26" departed="2" arrived="0" entered="0" left="6" laneChangedFrom="0" laneChangedTo="0"/>
    </interval>
    <interval begin="170.00" end="180.00" id="1">
        <edge id="e_t" sampledSeconds="173.51" traveltime="47.81" overlapTraveltime="47.66" density="93.08" laneDensity="31.03" occupancy="15.36" waitingTime="111.00" timeLoss="124.00" speed="4.02" speedRelative="0.29" departed="2" arrived="0" entered="0" left="6" laneChangedFrom="0" laneChangedTo="0"/>
        <edge id="n_t" sampledSeconds="132.92" traveltime="52.65" overlapTraveltime="53.82" density="71.31" laneDensity="23.77" occupancy="11.85" waitingTime="92.00" timeLoss="97.95" speed="3.56" speedRelative="0.26" departed="3" arrived="0" entered="0" left="2" laneChangedFrom="0" laneChangedTo="0"/>
        <edge id="s_t" sampledSeconds="135.79" traveltime="47.75" overlapTraveltime="48.78" density="72.85" laneDensity="24.28" occupancy="12.06" waitingTime="89.00" timeLoss="94.94" speed="3.92" speedRelative="0.28" departed="3" arrived="0" entered="0" left="2" laneChangedFrom="0" laneChangedTo="0"/>
        <edge id="t_e" sampledSeconds="94.45" traveltime="16.15" overlapTraveltime="16.56" density="50.67" laneDensity="16.89" occupancy="8.25" waitingTime="0.00" timeLoss="14.34" speed="11.56" speedRelative="0.83" departed="0" arrived="4" entered="6" left="0" laneChangedFrom="0" laneChangedTo="0"/>
        <edge id="t_n" sampledSeconds="19.63" traveltime="16.23" overlapTraveltime="16.65" density="10.53" laneDensity="3.51" occupancy="1.71" waitingTime="0.00" timeLoss="1.96" speed="11.50" speedRelative="0.83" departed="0" arrived="1" entered="1" left="0" laneChangedFrom="0" laneChangedTo="0"/>
        <edge id="t_s" sampledSeconds="11.41" traveltime="14.85" overlapTraveltime="15.14" density="6.12" laneDensity="2.04" occupancy="0.97" waitingTime="0.00" timeLoss="1.39" speed="12.64" speedRelative="0.91" departed="0" arrived="1" entered="1" left="0" laneChangedFrom="0" laneChangedTo="0"/>
        <edge id="t_w" sampledSeconds="96.83" traveltime="15.83" overlapTraveltime="16.22" density="51.95" laneDensity="17.32" occupancy="8.47" waitingTime="0.00" timeLoss="16.13" speed="11.80" speedRelative="0.85" departed="0" arrived="5" entered="7" left="0" laneChangedFrom="0" laneChangedTo="0"/>
        <edge id="w_t" sampledSeconds="171.29" traveltime="49.13" overlapTraveltime="49.04" density="91.89" laneDensity="30.63" occupancy="15.18" waitingTime="111.00" timeLoss="121.56" speed="3.90" speedRelative="0.28" departed="2" arrived="0" entered="0" left="6" laneChangedFrom="0" laneChangedTo="0"/>
    </interval>
    <interval begin="180.00" end="190.00" id="1">
        <edge id="e_t" sampledSeconds="161.85" traveltime="66.16" overlapTraveltime="67.52" density="86.83" laneDensity="28.94" occupancy="14.44" waitingTime="121.00" timeLoss="128.20" speed="2.83" speedRelative="0.20" departed="4" arrived="0" entered="0" left="1" laneChangedFrom="0" laneChangedTo="0"/>
        <edge id="n_t" sampledSeconds="149.76" traveltime="69.65" overlapTraveltime="71.10" density="80.34" laneDensity="26.78" occupancy="13.35" waitingTime="112.00" timeLoss="119.60" speed="2.69" speedRelative="0.19" departed="3" arrived="0" entered="0" left="0" laneChangedFrom="0" laneChangedTo="0"/>
        <edge id="s_t" sampledSeconds="149.00" traveltime="67.13" overlapTraveltime="68.93" density="79.94" laneDensity="26.65" occupancy="13.32" waitingTime="111.00" timeLoss="121.09" speed="2.78" speedRelative="0.20" departed="3" arrived="0" entered="0" left="0" laneChangedFrom="0" laneChangedTo="0"/>
        <edge id="t_e" sampledSeconds="90.77" traveltime="15.51" overlapTraveltime="15.89" density="48.69" laneDensity="16.23" occupancy="7.97" waitingTime="0.00" timeLoss="12.22" speed="12.05" speedRelative="0.87" departed="0" arrived="6" entered="2" left="0" laneChangedFrom="0" laneChangedTo="0"/>
        <edge id="t_n" sampledSeconds="17.43" traveltime="15.53" overlapTraveltime="15.95" density="9.35" laneDensity="3.12" occupancy="1.50" waitingTime="0.00" timeLoss="2.26" speed="12.00" speedRelative="0.86" departed="0" arrived="2" entered="1" left="0" laneChangedFrom="0" laneChangedTo="0"/>
        <edge id="t_s" sampledSeconds="14.41" traveltime="15.91" overlapTraveltime="16.27" density="7.73" laneDensity="2.58" occupancy="1.24" waitingTime="0.00" timeLoss="1.33" speed="11.76" speedRelative="0.85" departed="0" arrived="1" entered="1" left="0" laneChangedFrom="0" laneChangedTo="0"/>
        <edge id="t_w" sampledSeconds="87.32" traveltime="15.50" overlapTraveltime="15.87" density="46.85" laneDensity="15.62" occupancy="7.67" waitingTime="0.00" timeLoss="13.32" speed="12.06" speedRelative="0.87" departed="0" arrived="6" entered="2" left="0" laneChangedFrom="0" laneChangedTo="0"/>
        <edge id="w_t" sampledSeconds="164.19" traveltime="60.85" overlapTraveltime="62.25" density="88.09" laneDensity="29.36" occupancy="14.64" waitingTime="120.00" timeLoss="127.18" speed="3.07" speedRelative="0.22" departed="4" arrived="0" entered="0" left="1" laneChangedFrom="0" laneChangedTo="0"/>
    </interval>
    <interval begin="190.00" end="200.00" id="1">
        <edge id="e_t" sampledSeconds="164.29" traveltime="53.49" overlapTraveltime="54.02" density="88.14" laneDensity="29.38" occupancy="14.50" waitingTime="86.00" timeLoss="122.11" speed="3.54" speedRelative="0.26" departed="2" arrived="0" entered="0" left="5" laneChangedFrom="0" laneChangedTo="0"/>
        <edge id="n_t" sampledSeconds="172.27" traveltime="66.93" overlapTraveltime="68.00" density="92.42" laneDensity="30.81" occupancy="15.32" waitingTime="131.00" timeLoss="136.74" speed="2.81" speedRelative="0.20" departed="3" arrived="0" entered="0" left="2" laneChangedFrom="0" laneChangedTo="0"/>
        <edge id="s_t" sampledSeconds="170.28" traveltime="72.24" overlapTraveltime="73.73" density="91.35" laneDensity="30.45" occupancy="15.19" waitingTime="131.00" timeLoss="139.07" speed="2.60" speedRelative="0.19" departed="3" arrived="0" entered="0" left="1" laneChangedFrom="0" laneChangedTo="0"/>
        <edge id="t_e" sampledSeconds="31.02" traveltime="14.24" overlapTraveltime="14.58" density="16.64" laneDensity="5.55" occupancy="2.69" waitingTime="0.00" timeLoss="2.98" speed="13.13" speedRelative="0.94" departed="0" arrived="6" entered="1" left="0" laneChangedFrom="0" laneChangedTo="0"/>
        <edge id="t_n" sampledSeconds="22.86" traveltime="15.52" overlapTraveltime="15.90" density="12.26" laneDensity="4.09" occupancy="1.93" waitingTime="0.00" timeLoss="2.61" speed="12.04" speedRelative="0.87" departed="0" arrived="1" entered="4" left="0" laneChangedFrom="0" laneChangedTo="0"/>
        <edge id="t_s" sampledSeconds="27.01" traveltime="16.30" overlapTraveltime="16.74" density="14.49" laneDensity="4.83" occupancy="2.31" waitingTime="0.00" timeLoss="3.38" speed="11.43" speedRelative="0.82" departed="0" arrived="0" entered="4" left="0" laneChangedFrom="0" laneChangedTo="0"/>
        <edge id="t_w" sampledSeconds="32.48" traveltime="15.37" overlapTraveltime="15.65" density="17.43" laneDensity="5.81" occupancy="2.75" waitingTime="0.00" timeLoss="4.36" speed="12.23" speedRelative="0.88" departed="0" arrived="6" entered="2" left="0" laneChangedFrom="0" laneChangedTo="0"/>
        <edge id="w_t" sampledSeconds="164.64" traveltime="55.20" overlapTraveltime="55.71" density="88.33" laneDensity="29.44" occupancy="14.47" waitingTime="90.00" timeLoss="124.60" speed="3.44" speedRelative="0.25" departed="2" arrived="0" entered="0" left="6" laneChangedFrom="0" laneChangedTo="0"/>
    </interval>
    <interval begin="200.00" end="210.00" id="1">
        <edge id="e_t" sampledSeconds="139.99" traveltime="38.96" overlapTraveltime="39.63" density="75.10" laneDensity="25.03" occupancy="12.37" waitingTime="31.00" timeLoss="89.30" speed="4.83" speedRelative="0.35" departed="5" arrived="0" entered="0" left="5" laneChangedFrom="0" laneChangedTo="0"/>
        <edge id="n_t" sampledSeconds="189.00" traveltime="84.63" overlapTraveltime="86.90" density="101.39" laneDensity="33.80" occupancy="16.90" waitingTime="151.00" timeLoss="159.05" speed="2.20" speedRelative="0.16" departed="3" arrived="0" entered="0" left="0" laneChangedFrom="0" laneChangedTo="0"/>
        <edge id="s_t" sampledSeconds="189.90" traveltime="85.13" overlapTraveltime="86.57" density="101.88" laneDensity="33.96" occupancy="16.94" waitingTime="152.00" timeLoss="157.51" speed="2.21" speedRelative="0.16" departed="3" arrived="0" entered="0" left="2" laneChangedFrom="0" laneChangedTo="0"/>
        <edge id="t_e" sampledSeconds="14.45" traveltime="13.94" overlapTraveltime="14.28" density="7.75" laneDensity="2.58" occupancy="1.24" waitingTime="0.00" timeLoss="1.78" speed="13.40" speedRelative="0.96" departed="0" arrived="1" entered="1" left="0" laneChangedFrom="0" laneChangedTo="0"/>
        <edge id="t_n" sampledSeconds="62.17" traveltime="15.69" overlapTraveltime="16.10" density="33.35" laneDensity="11.12" occupancy="5.41" waitingTime="0.00" timeLoss="7.27" speed="11.89" speedRelative="0.86" departed="0" arrived="1" entered="5" left="0" laneChangedFrom="0" laneChangedTo="0"/>
        <edge id="t_s" sampledSeconds="65.73" traveltime="15.12" overlapTraveltime="15.52" density="35.26" laneDensity="11.75" occupancy="5.77" waitingTime="0.00" timeLoss="9.36" speed="12.33" speedRelative="0.89" departed="0" arrived="2" entered="4" left="0" laneChangedFrom="0" laneChangedTo="0"/>
        <edge id="t_w" sampledSeconds="20.00" traveltime="16.05" overlapTraveltime="16.48" density="10.73" laneDensity="3.58" occupancy="1.78" waitingTime="0.00" timeLoss="3.49" speed="11.62" speedRelative="0.84" departed="0" arrived="0" entered="0" left="0" laneChangedFrom="0" laneChangedTo="0"/>
        <edge id="w_t" sampledSeconds="137.57" traveltime="38.81" overlapTraveltime="39.45" density="73.80" laneDensity="24.60" occupancy="12.15" waitingTime="34.00" timeLoss="89.88" speed="4.85" speedRelative="0.35" departed="5" arrived="0" entered="0" left="5" laneChangedFrom="0" laneChangedTo="0"/>
    </interval>
    <interval begin="210.00" end="220.00" id="1">
        <edge id="e_t" sampledSeconds="131.79" traveltime="28.16" overlapTraveltime="28.88" density="70.70" laneDensity="23.57" occupancy="11.59" waitingTime="30.00" timeLoss="68.26" speed="6.63" speedRelative="0.48" departed="2" arrived="0" entered="0" left="6" laneChangedFrom="0" laneChangedTo="0"/>
        <edge id="n_t" sampledSeconds="206.90" traveltime="110.75" overlapTraveltime="112.52" density="111.00" laneDensity="37.00" occupancy="18.47" waitingTime="174.00" timeLoss="179.25" speed="1.70" speedRelative="0.12" departed="3" arrived="0" entered="0" left="1" laneChangedFrom="0" laneChangedTo="0"/>
        <edge id="s_t" sampledSeconds="206.57" traveltime="116.42" overlapTraveltime="118.47" density="110.82" laneDensity="36.94" occupancy="18.44" waitingTime="171.00" timeLoss="178.56" speed="1.62" speedRelative="0.12" departed="3" arrived="0" entered="0" left="0" laneChangedFrom="0" laneChangedTo="0"/>
        <edge id="t_e" sampledSeconds="14.56" traveltime="13.63" overlapTraveltime="13.96" density="7.81" laneDensity="2.60" occupancy="1.25" waitingTime="0.00" timeLoss="1.73" speed="13.71" speedRelative="0.99" departed="0" arrived="1" entered="1" left="0" laneChangedFrom="0" laneChangedTo="0"/>
        <edge id="t_n" sampledSeconds="78.79" traveltime="16.20" overlapTraveltime="16.61" density="42.27" laneDensity="14.09" occupancy="6.85" waitingTime="0.00" timeLoss="12.26" speed="11.52" speedRelative="0.83" departed="0" arrived="5" entered="5" left="0" laneChangedFrom="0" laneChangedTo="0"/>
        <edge id="t_s" sampledSeconds="71.59" traveltime="15.67" overlapTraveltime="16.04" density="38.40" laneDensity="12.80" occupancy="6.21" waitingTime="0.00" timeLoss="11.20" speed="11.94" speedRelative="0.86" departed="0" arrived="6" entered="5" left="0" laneChangedFrom="0" laneChangedTo="0"/>
        <edge id="t_w" sampledSeconds="17.11" traveltime="15.93" overlapTraveltime="16.36" density="9.18" laneDensity="3.06" occupancy="1.47" waitingTime="0.00" timeLoss="3.56" speed="11.70" speedRelative="0.84" departed="0" arrived="2" entered="1" left="0" laneChangedFrom="0" laneChangedTo="0"/>
        <edge id="w_t" sampledSeconds="126.31" traveltime="26.48" overlapTraveltime="27.20" density="67.76" laneDensity="22.59" occupancy="11.16" waitingTime="30.00" timeLoss="62.69" speed="7.04" speedRelative="0.51" departed="2" arrived="0" entered="0" left="4" laneChangedFrom="0" laneChangedTo="0"/>
    </interval>
    <interval begin="220.00" end="230.00" id="1">
        <edge id="e_t" sampledSeconds="111.06" traveltime="40.08" overlapTraveltime="40.98" density="59.58" laneDensity="19.86" occupancy="9.88" waitingTime="53.00" timeLoss="74.50" speed="4.67" speedRelative="0.34" departed="2" arrived="0" entered="0" left="1" laneChangedFrom="0" laneChangedTo="0"/>
        <edge id="n_t" sampledSeconds="229.76" traveltime="102.06" overlapTraveltime="103.34" density="123.26" laneDensity="41.09" occupancy="20.45" waitingTime="189.00" timeLoss="196.22" speed="1.85" speedRelative="0.13" departed="3" arrived="0" entered="0" left="2" laneChangedFrom="0" laneChangedTo="0"/>
        <edge id="s_t" sampledSeconds="235.72" traveltime="101.18" overlapTraveltime="102.86" density="126.46" laneDensity="42.15" occupancy="20.97" waitingTime="188.00" timeLoss="200.49" speed="1.86" speedRelative="0.13" departed="3" arrived="0" entered="0" left="2" laneChangedFrom="0" laneChangedTo="0"/>
        <edge id="t_e" sampledSeconds="5.00" traveltime="12.41" overlapTraveltime="12.75" density="2.68" laneDensity="0.89" occupancy="0.44" waitingTime="0.00" timeLoss="0.21" speed="15.01" speedRelative="1.08" departed="0" arrived="1" entered="0" left="0" laneChangedFrom="0" laneChangedTo="0"/>
        <edge id="t_n" sampledSeconds="84.35" traveltime="15.61" overlapTraveltime="16.00" density="45.25" laneDensity="15.08" occupancy="7.40" waitingTime="0.00" timeLoss="11.57" speed="11.96" speedRelative="0.86" departed="0" arrived="5" entered="3" left="0" laneChangedFrom="0" laneChangedTo="0"/>
        <edge id="t_s" sampledSeconds="76.48" traveltime="16.50" overlapTraveltime="16.90" density="41.03" laneDensity="13.68" occupancy="6.72" waitingTime="0.00" timeLoss="12.54" speed="11.32" speedRelative="0.82" departed="0" arrived="2" entered="4" left="0" laneChangedFrom="1" laneChangedTo="1"/>
        <edge id="t_w" sampledSeconds="11.10" traveltime="14.86" overlapTraveltime="15.23" density="5.95" laneDensity="1.98" occupancy="0.96" waitingTime="0.00" timeLoss="1.10" speed="12.57" speedRelative="0.90" departed="0" arrived="1" entered="1" left="0" laneChangedFrom="0" laneChangedTo="0"/>
        <edge id="w_t" sampledSeconds="110.76" traveltime="40.90" overlapTraveltime="41.54" density="59.42" laneDensity="19.81" occupancy="9.81" waitingTime="54.00" timeLoss="75.39" speed="4.61" speedRelative="0.33" departed="2" arrived="0" entered="0" left="3" laneChangedFrom="0" laneChangedTo="0"/>
    </interval>
    <interval begin="230.00" end="240.00" id="1">
        <edge id="e_t" sampledSeconds="129.87" traveltime="56.00" overlapTraveltime="57.23" density="69.67" laneDensity="23.22" occupancy="11.57" waitingTime="89.00" timeLoss="96.38" speed="3.34" speedRelative="0.24" departed="3" arrived="0" entered="0" left="1" laneChangedFrom="0" laneChangedTo="0"/>
        <edge id="n_t" sampledSeconds="220.43" traveltime="78.64" overlapTraveltime="78.14" density="118.26" laneDensity="39.42" occupancy="19.57" waitingTime="139.00" timeLoss="178.54" speed="2.45" speedRelative="0.18" departed="3" arrived="0" entered="0" left="5" laneChangedFrom="0" laneChangedTo="0"/>
        <edge id="s_t" sampledSeconds="222.57" traveltime="75.72" overlapTraveltime="75.40" density="119.41" laneDensity="39.80" occupancy="19.75" waitingTime="140.00" timeLoss="179.65" speed="2.54" speedRelative="0.18" departed="3" arrived="0" entered="0" left="5" laneChangedFrom="0" laneChangedTo="0"/>
        <edge id="t_e" sampledSeconds="14.48" traveltime="19.80" overlapTraveltime="20.33" density="7.77" laneDensity="2.59" occupancy="1.22" waitingTime="0.00" timeLoss="2.11" speed="9.41" speedRelative="0.68" departed="0" arrived="0" entered="2" left="0" laneChangedFrom="0" laneChangedTo="0"/>
        <edge id="t_n" sampledSeconds="53.03" traveltime="14.86" overlapTraveltime="15.26" density="28.45" laneDensity="9.48" occupancy="4.59" waitingTime="0.00" timeLoss="4.72" speed="12.54" speedRelative="0.90" departed="0" arrived="5" entered="5" left="0" laneChangedFrom="0" laneChangedTo="0"/>
        <edge id="t_s" sampledSeconds="69.38" traveltime="14.36" overlapTraveltime="14.74" density="37.22" laneDensity="12.41" occupancy="6.01" waitingTime="0.00" timeLoss="7.68" speed="12.98" speedRelative="0.93" departed="0" arrived="8" entered="5" left="0" laneChangedFrom="0" laneChangedTo="0"/>
        <edge id="t_w" sampledSeconds="16.67" traveltime="16.63" overlapTraveltime="17.08" density="8.94" laneDensity="2.98" occupancy="1.46" waitingTime="0.00" timeLoss="2.31" speed="11.21" speedRelative="0.81" departed="0" arrived="0" entered="1" left="0" laneChangedFrom="0" laneChangedTo="0"/>
        <edge id="w_t" sampledSeconds="125.79" traveltime="48.47" overlapTraveltime="49.51" density="67.48" laneDensity="22.49" occupancy="11.22" waitingTime="85.00" timeLoss="93.45" speed="3.87" speedRelative="0.28" departed="3" arrived="0" entered="0" left="1" laneChangedFrom="0" laneChangedTo="0"/>
    </interval>
    <interval begin="240.00" end="250.00" id="1">
        <edge id="e_t" sampledSeconds="147.94" traveltime="58.53" overlapTraveltime="59.79" density="79.37" laneDensity="26.46" occupancy="13.19" waitingTime="104.00" timeLoss="113.42" speed="3.20" speedRelative="0.23" departed="3" arrived="0" entered="0" left="1" laneChangedFrom="0" laneChangedTo="0"/>
        <edge id="n_t" sampledSeconds="193.95" traveltime="43.97" overlapTraveltime="44.18" density="104.05" laneDensity="34.68" occupancy="17.19" waitingTime="101.00" timeLoss="128.41" speed="4.33" speedRelative="0.31" departed="3" arrived="0" entered="0" left="7" laneChangedFrom="0" laneChangedTo="0"/>
        <edge id="s_t" sampledSeconds="194.13" traveltime="46.60" overlapTraveltime="46.78" density="104.15" laneDensity="34.72" occupancy="17.22" waitingTime="104.00" timeLoss="133.19" speed="4.09" speedRelative="0.29" departed="3" arrived="0" entered="0" left="6" laneChangedFrom="0" laneChangedTo="0"/>
        <edge id="t_e" sampledSeconds="25.65" traveltime="18.81" overlapTraveltime="19.31" density="13.76" laneDensity="4.59" occupancy="2.26" waitingTime="0.00" timeLoss="4.10" speed="9.91" speedRelative="0.71" departed="0" arrived="0" entered="1" left="0" laneChangedFrom="1" laneChangedTo="1"/>
        <edge id="t_n" sampledSeconds="78.18" traveltime="15.12" overlapTraveltime="15.51" density="41.94" laneDensity="13.98" occupancy="6.81" waitingTime="0.00" timeLoss="7.39" speed="12.34" speedRelative="0.89" departed="0" arrived="3" entered="6" left="0" laneChangedFrom="0" laneChangedTo="0"/>
        <edge id="t_s" sampledSeconds="76.11" traveltime="14.24" overlapTraveltime="14.60" density="40.83" laneDensity="13.61" occupancy="6.64" waitingTime="0.00" timeLoss="6.28" speed="13.11" speedRelative="0.94" departed="0" arrived="3" entered="6" left="0" laneChangedFrom="0" laneChangedTo="0"/>
        <edge id="t_w" sampledSeconds="14.13" traveltime="15.37" overlapTraveltime="15.72" density="7.58" laneDensity="2.53" occupancy="1.21" waitingTime="0.00" timeLoss="1.52" speed="12.17" speedRelative="0.88" departed="0" arrived="2" entered="1" left="0" laneChangedFrom="0" laneChangedTo="0"/>
        <edge id="w_t" sampledSeconds="144.00" traveltime="63.10" overlapTraveltime="64.79" density="77.25" laneDensity="25.75" occupancy="12.88" waitingTime="109.00" timeLoss="115.80" speed="2.95" speedRelative="0.21" departed="3" arrived="0" entered="0" left="0" laneChangedFrom="0" laneChangedTo="0"/>
    </interval>
    <interval begin="250.00" end="260.00" id="1">
        <edge id="e_t" sampledSeconds="155.95" traveltime="93.43" overlapTraveltime="94.98" density="83.66" laneDensity="27.89" occupancy="13.90" waitingTime="126.00" timeLoss="133.71" speed="2.02" speedRelative="0.15" departed="5" arrived="0" entered="0" left="1" laneChangedFrom="0" laneChangedTo="0"/>
        <edge id="n_t" sampledSeconds="158.59" traveltime="54.10" overlapTraveltime="54.16" density="85.08" laneDensity="28.36" occupancy="14.07" waitingTime="114.00" timeLoss="118.03" speed="3.53" speedRelative="0.25" departed="3" arrived="0" entered="0" left="4" laneChangedFrom="0" laneChangedTo="0"/>
        <edge id="s_t" sampledSeconds="162.98" traveltime="52.12" overlapTraveltime="52.13" density="87.44" laneDensity="29.15" occupancy="14.45" waitingTime="111.00" timeLoss="119.32" speed="3.67" speedRelative="0.26" departed="3" arrived="0" entered="0" left="5" laneChangedFrom="0" laneChangedTo="0"/>
        <edge id="t_e" sampledSeconds="18.66" traveltime="15.71" overlapTraveltime="16.19" density="10.01" laneDensity="3.34" occupancy="1.59" waitingTime="0.00" timeLoss="1.57" speed="11.82" speedRelative="0.85" departed="0" arrived="2" entered="1" left="0" laneChangedFrom="0" laneChangedTo="0"/>
        <edge id="t_n" sampledSeconds="93.16" traveltime="16.28" overlapTraveltime="16.67" density="49.98" laneDensity="16.66" occupancy="8.12" waitingTime="0.00" timeLoss="11.85" speed="11.48" speedRelative="0.83" departed="0" arrived="5" entered="6" left="0" laneChangedFrom="0" laneChangedTo="0"/>
        <edge id="t_s" sampledSeconds="89.15" traveltime="15.90" overlapTraveltime="16.29" density="47.83" laneDensity="15.94" occupancy="7.77" waitingTime="0.00" timeLoss="12.29" speed="11.75" speedRelative="0.85" departed="0" arrived="6" entered="6" left="0" laneChangedFrom="0" laneChangedTo="0"/>
        <edge id="t_w" sampledSeconds="15.81" traveltime="17.15" overlapTraveltime="17.61" density="8.48" laneDensity="2.83" occupancy="1.38" waitingTime="0.00" timeLoss="1.97" speed="10.87" speedRelative="0.78" departed="0" arrived="0" entered="1" left="0" laneChangedFrom="0" laneChangedTo="0"/>
        <edge id="w_t" sampledSeconds="154.93" traveltime="95.70" overlapTraveltime="97.14" density="83.12" laneDensity="27.71" occupancy="13.82" waitingTime="126.00" timeLoss="133.81" speed="1.97" speedRelative="0.14" departed="5" arrived="0" entered="0" left="1" laneChangedFrom="0" laneChangedTo="0"/>
    </interval>
    <interval begin="260.00" end="270.00" id="1">
        <edge id="e_t" sampledSeconds="192.91" traveltime="59.07" overlapTraveltime="60.39" density="103.49" laneDensity="34.50" occupancy="17.22" waitingTime="140.00" timeLoss="148.00" speed="3.17" speedRelative="0.23" departed="1" arrived="0" entered="0" left="1" laneChangedFrom="0" laneChangedTo="0"/>
        <edge id="n_t" sampledSeconds="160.51" traveltime="66.83" overlapTraveltime="67.95" density="86.11" laneDensity="28.70" occupancy="14.21" waitingTime="113.00" timeLoss="129.32" speed="2.82" speedRelative="0.20" departed="3" arrived="0" entered="0" left="3" laneChangedFrom="0" laneChangedTo="0"/>
        <edge id="s_t" sampledSeconds="161.91" traveltime="65.53" overlapTraveltime="66.74" density="86.86" laneDensity="28.95" occupancy="14.39" waitingTime="117.00" timeLoss="130.36" speed="2.87" speedRelative="0.21" departed="3" arrived="0" entered="0" left="3" laneChangedFrom="0" laneChangedTo="0"/>
        <edge id="t_e" sampledSeconds="19.11" traveltime="14.70" overlapTraveltime="15.09" density="10.25" laneDensity="3.42" occupancy="1.66" waitingTime="0.00" timeLoss="1.74" speed="12.68" speedRelative="0.91" departed="0" arrived="1" entered="1" left="0" laneChangedFrom="0" laneChangedTo="0"/>
        <edge id="t_n" sampledSeconds="77.28" traveltime="16.48" overlapTraveltime="16.85" density="41.46" laneDensity="13.82" occupancy="6.76" waitingTime="0.00" timeLoss="10.64" speed="11.36" speedRelative="0.82" departed="0" arrived="7" entered="1" left="0" laneChangedFrom="0" laneChangedTo="0"/>
        <edge id="t_s" sampledSeconds="76.59" traveltime="15.77" overlapTraveltime="16.18" density="41.09" laneDensity="13.70" occupancy="6.74" waitingTime="0.00" timeLoss="10.70" speed="11.83" speedRelative="0.85" departed="0" arrived="5" entered="2" left="0" laneChangedFrom="0" laneChangedTo="0"/>
        <edge id="t_w" sampledSeconds="15.07" traveltime="15.43" overlapTraveltime="15.85" density="8.08" laneDensity="2.69" occupancy="1.31" waitingTime="0.00" timeLoss="1.19" speed="12.08" speedRelative="0.87" departed="0" arrived="2" entered="1" left="0" laneChangedFrom="0" laneChangedTo="0"/>
        <edge id="w_t" sampledSeconds="192.49" traveltime="57.85" overlapTraveltime="59.16" density="103.27" laneDensity="34.42" occupancy="17.18" waitingTime="139.00" timeLoss="148.00" speed="3.24" speedRelative="0.23" departed="1" arrived="0" entered="0" left="1" laneChangedFrom="0" laneChangedTo="0"/>
    </interval>
    <interval begin="270.00" end="280.00" id="1">
        <edge id="e_t" sampledSeconds="208.27" traveltime="103.02" overlapTraveltime="104.82" density="111.73" laneDensity="37.24" occupancy="18.58" waitingTime="169.00" timeLoss="180.76" speed="1.83" speedRelative="0.13" departed="3" arrived="0" entered="0" left="1" laneChangedFrom="0" laneChangedTo="0"/>
        <edge id="n_t" sampledSeconds="144.93" traveltime="42.84" overlapTraveltime="43.40" density="77.75" laneDensity="25.92" occupancy="12.79" waitingTime="45.00" timeLoss="98.67" speed="4.41" speedRelative="0.32" departed="3" arrived="0" entered="0" left="5" laneChangedFrom="0" laneChangedTo="0"/>
        <edge id="s_t" sampledSeconds="151.81" traveltime="47.48" overlapTraveltime="47.89" density="81.44" laneDensity="27.15" occupancy="13.42" waitingTime="56.00" timeLoss="105.67" speed="4.00" speedRelative="0.29" departed="3" arrived="0" entered="0" left="4" laneChangedFrom="0" laneChangedTo="0"/>
        <edge id="t_e" sampledSeconds="36.18" traveltime="13.86" overlapTraveltime="14.24" density="19.41" laneDensity="6.47" occupancy="3.08" waitingTime="0.00" timeLoss="3.80" speed="13.44" speedRelative="0.97" departed="0" arrived="2" entered="5" left="0" laneChangedFrom="0" laneChangedTo="0"/>
        <edge id="t_n" sampledSeconds="25.30" traveltime="15.49" overlapTraveltime="15.92" density="13.57" laneDensity="4.52" occupancy="2.19" waitingTime="0.00" timeLoss="3.13" speed="12.02" speedRelative="0.87" departed="0" arrived="4" entered="1" left="0" laneChangedFrom="0" laneChangedTo="0"/>
        <edge id="t_s" sampledSeconds="26.82" traveltime="13.93" overlapTraveltime="14.32" density="14.39" laneDensity="4.80" occupancy="2.29" waitingTime="0.00" timeLoss="2.02" speed="13.37" speedRelative="0.96" departed="0" arrived="5" entered="1" left="0" laneChangedFrom="0" laneChangedTo="0"/>
        <edge id="t_w" sampledSeconds="41.20" traveltime="15.44" overlapTraveltime="15.85" density="22.10" laneDensity="7.37" occupancy="3.55" waitingTime="0.00" timeLoss="5.94" speed="12.07" speedRelative="0.87" departed="0" arrived="0" entered="5" left="0" laneChangedFrom="0" laneChangedTo="0"/>
        <edge id="w_t" sampledSeconds="207.26" traveltime="113.21" overlapTraveltime="115.00" density="111.19" laneDensity="37.06" occupancy="18.50" waitingTime="174.00" timeLoss="181.58" speed="1.66" speedRelative="0.12" departed="3" arrived="0" entered="0" left="1" laneChangedFrom="0" laneChangedTo="0"/>
    </interval>
    <interval begin="280.00" end="290.00" id="1">
        <edge id="e_t" sampledSeconds="224.63" traveltime="110.06" overlapTraveltime="111.89" density="120.51" laneDensity="40.17" occupancy="20.05" waitingTime="189.00" timeLoss="196.69" speed="1.71" speedRelative="0.12" departed="3" arrived="0" entered="0" left="1" laneChangedFrom="0" laneChangedTo="0"/>
        <edge id="n_t" sampledSeconds="125.93" traveltime="29.44" overlapTraveltime="30.16" density="67.56" laneDensity="22.52" occupancy="11.10" waitingTime="17.00" timeLoss="66.77" speed="6.35" speedRelative="0.46" departed="3" arrived="0" entered="0" left="5" laneChangedFrom="0" laneChangedTo="0"/>
        <edge id="s_t" sampledSeconds="134.04" traveltime="31.83" overlapTraveltime="32.56" density="71.91" laneDensity="23.97" occupancy="11.82" waitingTime="27.00" timeLoss="73.78" speed="5.88" speedRelative="0.42" departed="3" arrived="0" entered="0" left="5" laneChangedFrom="0" laneChangedTo="0"/>
        <edge id="t_e" sampledSeconds="61.34" traveltime="14.04" overlapTraveltime="14.39" density="32.91" laneDensity="10.97" occupancy="5.31" waitingTime="0.00" timeLoss="4.68" speed="13.30" speedRelative="0.96" departed="0" arrived="4" entered="5" left="0" laneChangedFrom="0" laneChangedTo="0"/>
        <edge id="t_n" sampledSeconds="16.81" traveltime="14.54" overlapTraveltime="14.93" density="9.02" laneDensity="3.01" occupancy="1.47" waitingTime="0.00" timeLoss="1.92" speed="12.82" speedRelative="0.92" departed="0" arrived="1" entered="1" left="0" laneChangedFrom="0" laneChangedTo="0"/>
        <edge id="t_s" sampledSeconds="13.32" traveltime="14.80" overlapTraveltime="15.16" density="7.15" laneDensity="2.38" occupancy="1.14" waitingTime="0.00" timeLoss="1.52" speed="12.62" speedRelative="0.91" departed="0" arrived="1" entered="1" left="0" laneChangedFrom="0" laneChangedTo="0"/>
        <edge id="t_w" sampledSeconds="73.54" traveltime="15.15" overlapTraveltime="15.54" density="39.45" laneDensity="13.15" occupancy="6.41" waitingTime="0.00" timeLoss="8.18" speed="12.32" speedRelative="0.89" departed="0" arrived="5" entered="5" left="0" laneChangedFrom="0" laneChangedTo="0"/>
        <edge id="w_t" sampledSeconds="226.54" traveltime="107.60" overlapTraveltime="109.52" density="121.53" laneDensity="40.51" occupancy="20.22" waitingTime="189.00" timeLoss="197.16" speed="1.75" speedRelative="0.13" departed="3" arrived="0" entered="0" left="1" laneChangedFrom="0" laneChangedTo="0"/>
    </interval>
    <interval begin="290.00" end="300.00" id="1">
        <edge id="e_t" sampledSeconds="243.80" traveltime="125.90" overlapTraveltime="127.92" density="130.79" laneDensity="43.60" occupancy="21.76" waitingTime="210.00" timeLoss="218.93" speed="1.50" speedRelative="0.11" departed="3" arrived="0" entered="0" left="1" laneChangedFrom="0" laneChangedTo="0"/>
        <edge id="n_t" sampledSeconds="103.45" traveltime="28.22" overlapTraveltime="28.98" density="55.50" laneDensity="18.50" occupancy="9.08" waitingTime="25.00" timeLoss="54.76" speed="6.60" speedRelative="0.48" departed="3" arrived="0" entered="0" left="5" laneChangedFrom="0" laneChangedTo="0"/>
        <edge id="s_t" sampledSeconds="113.09" traveltime="32.66" overlapTraveltime="33.33" density="60.67" laneDensity="20.22" occupancy="9.95" waitingTime="36.00" timeLoss="61.22" speed="5.74" speedRelative="0.41" departed="3" arrived="0" entered="0" left="5" laneChangedFrom="0" laneChangedTo="0"/>
        <edge id="t_e" sampledSeconds="68.78" traveltime="15.79" overlapTraveltime="16.17" density="36.90" laneDensity="12.30" occupancy="5.95" waitingTime="0.00" timeLoss="6.14" speed="11.84" speedRelative="0.85" departed="0" arrived="4" entered="5" left="0" laneChangedFrom="0" laneChangedTo="0"/>
        <edge id="t_n" sampledSeconds="12.52" traveltime="14.30" overlapTraveltime="14.66" density="6.72" laneDensity="2.24" occupancy="1.08" waitingTime="0.00" timeLoss="1.64" speed="13.06" speedRelative="0.94" departed="0" arrived="1" entered="1" left="0" laneChangedFrom="0" laneChangedTo="0"/>
        <edge id="t_s" sampledSeconds="12.91" traveltime="15.77" overlapTraveltime="16.19" density="6.93" laneDensity="2.31" occupancy="1.11" waitingTime="0.00" timeLoss="1.50" speed="11.82" speedRelative="0.85" departed="0" arrived="0" entered="1" left="0" laneChangedFrom="0" laneChangedTo="0"/>
        <edge id="t_w" sampledSeconds="80.06" traveltime="15.29" overlapTraveltime="15.69" density="42.95" laneDensity="14.32" occupancy="7.01" waitingTime="0.00" timeLoss="9.10" speed="12.20" speedRelative="0.88" departed="0" arrived="3" entered="5" left="0" laneChangedFrom="0" laneChangedTo="0"/>
        <edge id="w_t" sampledSeconds="246.27" traveltime="143.53" overlapTraveltime="145.71" density="132.12" laneDensity="44.04" occupancy="21.97" waitingTime="211.00" timeLoss="219.70" speed="1.31" speedRelative="0.09" departed="3" arrived="0" entered="0" left="1" laneChangedFrom="0" laneChangedTo="0"/>
    </interval>
    <interval begin="300.00" end="310.00" id="1">
        <edge id="e_t" sampledSeconds="249.99" traveltime="173.77" overlapTraveltime="171.27" density="134.12" laneDensity="44.71" occupancy="22.21" waitingTime="209.00" timeLoss="229.54" speed="1.12" speedRelative="0.08" departed="3" arrived="0" entered="0" left="3" laneChangedFrom="0" laneChangedTo="0"/>
        <edge id="n_t" sampledSeconds="105.41" traveltime="37.76" overlapTraveltime="38.76" density="56.55" laneDensity="18.85" occupancy="9.39" waitingTime="49.00" timeLoss="67.91" speed="4.94" speedRelative="0.36" departed="3" arrived="0" entered="0" left="1" laneChangedFrom="0" laneChangedTo="0"/>
        <edge id="s_t" sampledSeconds="117.96" traveltime="42.57" overlapTraveltime="43.64" density="63.28" laneDensity="21.09" occupancy="10.50" waitingTime="68.00" timeLoss="77.25" speed="4.39" speedRelative="0.32" departed="3" arrived="0" entered="0" left="1" laneChangedFrom="0" laneChangedTo="0"/>
        <edge id="t_e" sampledSeconds="70.00" traveltime="17.23" overlapTraveltime="17.67" density="37.55" laneDensity="12.52" occupancy="6.15" waitingTime="0.00" timeLoss="10.35" speed="10.83" speedRelative="0.78" departed="0" arrived="3" entered="3" left="0" laneChangedFrom="2" laneChangedTo="2"/>
        <edge id="t_n" sampledSeconds="13.77" traveltime="14.99" overlapTraveltime="15.37" density="7.38" laneDensity="2.46" occupancy="1.18" waitingTime="0.00" timeLoss="1.74" speed="12.45" speedRelative="0.90" departed="0" arrived="1" entered="1" left="0" laneChangedFrom="0" laneChangedTo="0"/>
        <edge id="t_s" sampledSeconds="13.05" traveltime="16.88" overlapTraveltime="17.28" density="7.00" laneDensity="2.33" occupancy="1.11" waitingTime="0.00" timeLoss="1.50" speed="11.08" speedRelative="0.80" departed="0" arrived="1" entered="1" left="0" laneChangedFrom="0" laneChangedTo="0"/>
        <edge id="t_w" sampledSeconds="63.02" traveltime="14.53" overlapTraveltime="14.91" density="33.81" laneDensity="11.27" occupancy="5.49" waitingTime="0.00" timeLoss="6.54" speed="12.83" speedRelative="0.92" departed="0" arrived="7" entered="3" left="0" laneChangedFrom="0" laneChangedTo="0"/>
        <edge id="w_t" sampledSeconds="251.84" traveltime="145.10" overlapTraveltime="144.15" density="135.11" laneDensity="45.04" occupancy="22.38" waitingTime="207.00" timeLoss="225.52" speed="1.33" speedRelative="0.10" departed="3" arrived="0" entered="0" left="3" laneChangedFrom="0" laneChangedTo="0"/>
    </interval>
    <interval begin="310.00" end="320.00" id="1">
        <edge id="e_t" sampledSeconds="246.96" traveltime="55.12" overlapTraveltime="55.36" density="132.49" laneDensity="44.16" occupancy="21.93" waitingTime="131.00" timeLoss="187.43" speed="3.46" speedRelative="0.25" departed="3" arrived="0" entered="0" left="6" laneChangedFrom="0" laneChangedTo="0"/>
        <edge id="n_t" sampledSeconds="124.01" traveltime="47.55" overlapTraveltime="48.64" density="66.53" laneDensity="22.18" occupancy="11.05" waitingTime="81.00" timeLoss="89.01" speed="3.94" speedRelative="0.28" departed="3" arrived="0" entered="0" left="1" laneChangedFrom="0" laneChangedTo="0"/>
        <edge id="s_t" sampledSeconds="137.53" traveltime="55.26" overlapTraveltime="56.57" density="73.78" laneDensity="24.59" occupancy="12.25" waitingTime="91.00" timeLoss="99.06" speed="3.38" speedRelative="0.24" departed="3" arrived="0" entered="0" left="1" laneChangedFrom="0" laneChangedTo="0"/>
        <edge id="t_e" sampledSeconds="72.73" traveltime="15.62" overlapTraveltime="16.02" density="39.02" laneDensity="13.01" occupancy="6.31" waitingTime="0.00" timeLoss="7.70" speed="11.95" speedRelative="0.86" departed="0" arrived="5" entered="6" left="0" laneChangedFrom="2" laneChangedTo="2"/>
        <edge id="t_n" sampledSeconds="13.35" traveltime="14.03" overlapTraveltime="14.40" density="7.16" laneDensity="2.39" occupancy="1.16" waitingTime="0.00" timeLoss="1.53" speed="13.29" speedRelative="0.96" departed="0" arrived="1" entered="1" left="0" laneChangedFrom="0" laneChangedTo="0"/>
        <edge id="t_s" sampledSeconds="18.66" traveltime="16.93" overlapTraveltime="17.38" density="10.01" laneDensity="3.34" occupancy="1.63" waitingTime="0.00" timeLoss="2.31" speed="11.01" speedRelative="0.79" departed="0" arrived="1" entered="1" left="0" laneChangedFrom="0" laneChangedTo="0"/>
        <edge id="t_w" sampledSeconds="57.88" traveltime="14.14" overlapTraveltime="14.52" density="31.05" laneDensity="10.35" occupancy="5.04" waitingTime="0.00" timeLoss="4.66" speed="13.19" speedRelative="0.95" departed="0" arrived="2" entered="6" left="0" laneChangedFrom="0" laneChangedTo="0"/>
        <edge id="w_t" sampledSeconds="247.93" traveltime="59.16" overlapTraveltime="59.25" density="133.01" laneDensity="44.34" occupancy="22.02" waitingTime="137.00" timeLoss="191.65" speed="3.23" speedRelative="0.23" departed="3" arrived="0" entered="0" left="6" laneChangedFrom="0" laneChangedTo="0"/>
    </interval>
    <interval begin="320.00" end="330.00" id="1">
        <edge id="e_t" sampledSeconds="204.52" traveltime="51.83" overlapTraveltime="51.61" density="109.72" laneDensity="36.57" occupancy="18.15" waitingTime="125.00" timeLoss="152.98" speed="3.71" speedRelative="0.27" departed="2" arrived="0" entered="0" left="7" laneChangedFrom="0" laneChangedTo="0"/>
        <edge id="n_t" sampledSeconds="146.09" traveltime="63.61" overlapTraveltime="64.99" density="78.37" laneDensity="26.12" occupancy="13.02" waitingTime="104.00" timeLoss="110.84" speed="2.95" speedRelative="0.21" departed="0" arrived="0" entered="0" left="1" laneChangedFrom="0" laneChangedTo="0"/>
        <edge id="s_t" sampledSeconds="158.21" traveltime="57.83" overlapTraveltime="59.18" density="84.87" laneDensity="28.29" occupancy="14.10" waitingTime="110.00" timeLoss="118.61" speed="3.23" speedRelative="0.23" departed="0" arrived="0" entered="0" left="1" laneChangedFrom="0" laneChangedTo="0"/>
        <edge id="t_e" sampledSeconds="90.58" traveltime="15.07" overlapTraveltime="15.47" density="48.60" laneDensity="16.20" occupancy="7.91" waitingTime="0.00" timeLoss="8.80" speed="12.37" speedRelative="0.89" departed="0" arrived="5" entered="6" left="0" laneChangedFrom="0" laneChangedTo="0"/>
        <edge id="t_n" sampledSeconds="16.53" traveltime="14.79" overlapTraveltime="15.19" density="8.87" laneDensity="2.96" occupancy="1.44" waitingTime="0.00" timeLoss="1.97" speed="12.60" speedRelative="0.91" departed="0" arrived="0" entered="1" left="0" laneChangedFrom="0" laneChangedTo="0"/>
        <edge id="t_s" sampledSeconds="20.03" traveltime="15.30" overlapTraveltime="15.72" density="10.75" laneDensity="3.58" occupancy="1.74" waitingTime="0.00" timeLoss="2.11" speed="12.17" speedRelative="0.88" departed="0" arrived="1" entered="1" left="0" laneChangedFrom="0" laneChangedTo="0"/>
        <edge id="t_w" sampledSeconds="87.78" traveltime="15.01" overlapTraveltime="15.37" density="47.09" laneDensity="15.70" occupancy="7.65" waitingTime="0.00" timeLoss="9.01" speed="12.45" speedRelative="0.90" departed="0" arrived="6" entered="6" left="0" laneChangedFrom="0" laneChangedTo="0"/>
        <edge id="w_t" sampledSeconds="208.84" traveltime="51.48" overlapTraveltime="51.52" density="112.04" laneDensity="37.35" occupancy="18.55" waitingTime="129.00" timeLoss="153.30" speed="3.72" speedRelative="0.27" departed="2" arrived="0" entered="0" left="6" laneChangedFrom="0" laneChangedTo="0"/>
    </interval>
    <interval begin="330.00" end="340.00" id="1">
        <edge id="e_t" sampledSeconds="176.97" traveltime="66.54" overlapTraveltime="66.77" density="94.94" laneDensity="31.65" occupancy="15.75" waitingTime="139.00" timeLoss="142.87" speed="2.87" speedRelative="0.21" departed="3" arrived="0" entered="0" left="3" laneChangedFrom="0" laneChangedTo="0"/>
        <edge id="n_t" sampledSeconds="164.80" traveltime="61.29" overlapTraveltime="62.73" density="88.41" laneDensity="29.47" occupancy="14.68" waitingTime="122.00" timeLoss="128.52" speed="3.05" speedRelative="0.22" departed="3" arrived="0" entered="0" left="1" laneChangedFrom="0" laneChangedTo="0"/>
        <edge id="s_t" sampledSeconds="170.46" traveltime="71.35" overlapTraveltime="72.75" density="91.45" laneDensity="30.48" occupancy="15.21" waitingTime="132.00" timeLoss="140.54" speed="2.63" speedRelative="0.19" departed="3" arrived="0" entered="0" left="1" laneChangedFrom="0" laneChangedTo="0"/>
        <edge id="t_e" sampledSeconds="98.61" traveltime="15.81" overlapTraveltime="16.20" density="52.90" laneDensity="17.63" occupancy="8.63" waitingTime="0.00" timeLoss="14.21" speed="11.82" speedRelative="0.85" departed="0" arrived="6" entered="5" left="0" laneChangedFrom="0" laneChangedTo="0"/>
        <edge id="t_n" sampledSeconds="15.57" traveltime="14.10" overlapTraveltime="14.46" density="8.35" laneDensity="2.78" occupancy="1.32" waitingTime="0.00" timeLoss="2.03" speed="13.24" speedRelative="0.95" departed="0" arrived="2" entered="1" left="0" laneChangedFrom="0" laneChangedTo="0"/>
        <edge id="t_s" sampledSeconds="16.09" traveltime="14.95" overlapTraveltime="15.34" density="8.63" laneDensity="2.88" occupancy="1.39" waitingTime="0.00" timeLoss="2.11" speed="12.48" speedRelative="0.90" departed="0" arrived="1" entered="1" left="0" laneChangedFrom="0" laneChangedTo="0"/>
        <edge id="t_w" sampledSeconds="90.56" traveltime="15.78" overlapTraveltime="16.17" density="48.58" laneDensity="16.19" occupancy="7.92" waitingTime="0.00" timeLoss="14.39" speed="11.83" speedRelative="0.85" departed="0" arrived="4" entered="5" left="0" laneChangedFrom="0" laneChangedTo="0"/>
        <edge id="w_t" sampledSeconds="179.31" traveltime="70.80" overlapTraveltime="70.55" density="96.20" laneDensity="32.07" occupancy="15.94" waitingTime="138.00" timeLoss="143.04" speed="2.71" speedRelative="0.20" departed="3" arrived="0" entered="0" left="4" laneChangedFrom="0" laneChangedTo="0"/>
    </interval>
    <interval begin="340.00" end="350.00" id="1">
        <edge id="e_t" sampledSeconds="179.55" traveltime="72.51" overlapTraveltime="72.85" density="96.33" laneDensity="32.11" occupancy="15.90" waitingTime="117.00" timeLoss="145.43" speed="2.63" speedRelative="0.19" departed="3" arrived="0" entered="0" left="4" laneChangedFrom="0" laneChangedTo="0"/>
        <edge id="n_t" sampledSeconds="180.66" traveltime="81.17" overlapTraveltime="82.65" density="96.92" laneDensity="32.31" occupancy="16.12" waitingTime="142.00" timeLoss="151.30" speed="2.32" speedRelative="0.17" departed="3" arrived="0" entered="0" left="1" laneChangedFrom="0" laneChangedTo="0"/>
        <edge id="s_t" sampledSeconds="191.76" traveltime="92.68" overlapTraveltime="94.33" density="102.88" laneDensity="34.29" occupancy="17.11" waitingTime="155.00" timeLoss="162.48" speed="2.03" speedRelative="0.15" departed="3" arrived="0" entered="0" left="1" laneChangedFrom="0" laneChangedTo="0"/>
        <edge id="t_e" sampledSeconds="62.66" traveltime="15.65" overlapTraveltime="16.04" density="33.62" laneDensity="11.21" occupancy="5.49" waitingTime="0.00" timeLoss="8.61" speed="11.93" speedRelative="0.86" departed="0" arrived="6" entered="1" left="0" laneChangedFrom="0" laneChangedTo="0"/>
        <edge id="t_n" sampledSeconds="19.68" traveltime="14.13" overlapTraveltime="14.50" density="10.56" laneDensity="3.52" occupancy="1.67" waitingTime="0.00" timeLoss="2.94" speed="13.20" speedRelative="0.95" departed="0" arrived="1" entered="3" left="0" laneChangedFrom="0" laneChangedTo="0"/>
        <edge id="t_s" sampledSeconds="16.20" traveltime="14.45" overlapTraveltime="14.83" density="8.69" laneDensity="2.90" occupancy="1.37" waitingTime="0.00" timeLoss="1.85" speed="12.91" speedRelative="0.93" departed="0" arrived="2" entered="3" left="0" laneChangedFrom="0" laneChangedTo="0"/>
        <edge id="t_w" sampledSeconds="56.41" traveltime="15.11" overlapTraveltime="15.44" density="30.26" laneDensity="10.09" occupancy="4.96" waitingTime="0.00" timeLoss="7.27" speed="12.39" speedRelative="0.89" departed="0" arrived="7" entered="1" left="0" laneChangedFrom="0" laneChangedTo="0"/>
        <edge id="w_t" sampledSeconds="182.30" traveltime="65.72" overlapTraveltime="66.33" density="97.80" laneDensity="32.60" occupancy="16.14" waitingTime="116.00" timeLoss="144.02" speed="2.89" speedRelative="0.21" departed="3" arrived="0" entered="0" left="4" laneChangedFrom="0" laneChangedTo="0"/>
    </interval>
    <interval begin="350.00" end="360.00" id="1">
        <edge id="e_t" sampledSeconds="156.45" traveltime="47.06" overlapTraveltime="47.51" density="83.93" laneDensity="27.98" occupancy="13.83" waitingTime="46.00" timeLoss="109.26" speed="4.03" speedRelative="0.29" departed="1" arrived="0" entered="0" left="5" laneChangedFrom="0" laneChangedTo="0"/>
        <edge id="n_t" sampledSeconds="203.81" traveltime="91.27" overlapTraveltime="92.98" density="109.34" laneDensity="36.45" occupancy="18.19" waitingTime="165.00" timeLoss="172.83" speed="2.06" speedRelative="0.15" departed="3" arrived="0" entered="0" left="1" laneChangedFrom="0" laneChangedTo="0"/>
        <edge id="s_t" sampledSeconds="215.18" traveltime="90.80" overlapTraveltime="92.60" density="115.44" laneDensity="38.48" occupancy="19.20" waitingTime="175.00" timeLoss="183.26" speed="2.07" speedRelative="0.15" departed="3" arrived="0" entered="0" left="1" laneChangedFrom="0" laneChangedTo="0"/>
        <edge id="t_e" sampledSeconds="13.83" traveltime="13.33" overlapTraveltime="13.66" density="7.42" laneDensity="2.47" occupancy="1.16" waitingTime="0.00" timeLoss="0.89" speed="14.01" speedRelative="1.01" departed="0" arrived="3" entered="1" left="0" laneChangedFrom="0" laneChangedTo="0"/>
        <edge id="t_n" sampledSeconds="48.83" traveltime="14.00" overlapTraveltime="14.36" density="26.19" laneDensity="8.73" occupancy="4.22" waitingTime="0.00" timeLoss="4.43" speed="13.33" speedRelative="0.96" departed="0" arrived="2" entered="5" left="0" laneChangedFrom="0" laneChangedTo="0"/>
        <edge id="t_s" sampledSeconds="54.39" traveltime="14.63" overlapTraveltime="15.02" density="29.18" laneDensity="9.73" occupancy="4.74" waitingTime="0.00" timeLoss="5.31" speed="12.74" speedRelative="0.92" departed="0" arrived="0" entered="5" left="0" laneChangedFrom="0" laneChangedTo="0"/>
        <edge id="t_w" sampledSeconds="18.02" traveltime="15.13" overlapTraveltime="15.54" density="9.67" laneDensity="3.22" occupancy="1.55" waitingTime="0.00" timeLoss="2.30" speed="12.32" speedRelative="0.89" departed="0" arrived="3" entered="1" left="0" laneChangedFrom="0" laneChangedTo="0"/>
        <edge id="w_t" sampledSeconds="157.94" traveltime="50.40" overlapTraveltime="50.82" density="84.73" laneDensity="28.24" occupancy="13.95" waitingTime="47.00" timeLoss="111.93" speed="3.77" speedRelative="0.27" departed="1" arrived="0" entered="0" left="5" laneChangedFrom="0" laneChangedTo="0"/>
    </interval>
    <interval begin="360.00" end="370.00" id="1">
        <edge id="e_t" sampledSeconds="149.54" traveltime="28.29" overlapTraveltime="29.03" density="80.23" laneDensity="26.74" occupancy="13.21" waitingTime="30.00" timeLoss="78.01" speed="6.59" speedRelative="0.47" departed="5" arrived="0" entered="0" left="5" laneChangedFrom="0" laneChangedTo="0"/>
        <edge id="n_t" sampledSeconds="221.20" traveltime="110.70" overlapTraveltime="112.62" density="118.67" laneDensity="39.56" occupancy="19.74" waitingTime="185.00" timeLoss="193.63" speed="1.70" speedRelative="0.12" departed="3" arrived="0" entered="0" left="1" laneChangedFrom="0" laneChangedTo="0"/>
        <edge id="s_t" sampledSeconds="229.76" traveltime="116.52" overlapTraveltime="118.42" density="123.26" laneDensity="41.09" occupancy="20.51" waitingTime="198.00" timeLoss="202.35" speed="1.62" speedRelative="0.12" departed="3" arrived="0" entered="0" left="1" laneChangedFrom="0" laneChangedTo="0"/>
        <edge id="t_e" sampledSeconds="13.61" traveltime="17.72" overlapTraveltime="18.20" density="7.30" laneDensity="2.43" occupancy="1.18" waitingTime="0.00" timeLoss="2.10" speed="10.52" speedRelative="0.76" departed="0" arrived="0" entered="1" left="0" laneChangedFrom="0" laneChangedTo="0"/>
        <edge id="t_n" sampledSeconds="70.35" traveltime="14.96" overlapTraveltime="15.34" density="37.74" laneDensity="12.58" occupancy="6.11" waitingTime="0.00" timeLoss="6.64" speed="12.47" speedRelative="0.90" departed="0" arrived="3" entered="5" left="0" laneChangedFrom="0" laneChangedTo="0"/>
        <edge id="t_s" sampledSeconds="70.59" traveltime="14.51" overlapTraveltime="14.89" density="37.87" laneDensity="12.62" occupancy="6.18" waitingTime="0.00" timeLoss="5.22" speed="12.85" speedRelative="0.93" departed="0" arrived="5" entered="4" left="0" laneChangedFrom="0" laneChangedTo="0"/>
        <edge id="t_w" sampledSeconds="12.10" traveltime="15.85" overlapTraveltime="16.27" density="6.49" laneDensity="2.16" occupancy="1.05" waitingTime="0.00" timeLoss="1.37" speed="11.76" speedRelative="0.85" departed="0" arrived="0" entered="1" left="0" laneChangedFrom="0" laneChangedTo="0"/>
        <edge id="w_t" sampledSeconds="153.42" traveltime="27.60" overlapTraveltime="28.31" density="82.31" laneDensity="27.44" occupancy="13.56" waitingTime="30.00" timeLoss="77.56" speed="6.76" speedRelative="0.49" departed="5" arrived="0" entered="0" left="5" laneChangedFrom="0" laneChangedTo="0"/>
    </interval>
    <interval begin="370.00" end="373.00" id="1">
        <edge id="e_t" sampledSeconds="37.97" traveltime="29.54" overlapTraveltime="30.11" density="67.91" laneDensity="22.64" occupancy="11.24" waitingTime="9.00" timeLoss="20.66" speed="6.36" speedRelative="0.46" departed="1" arrived="0" entered="0" left="1" laneChangedFrom="0" laneChangedTo="0"/>
        <edge id="n_t" sampledSeconds="69.00" traveltime="163.22" overlapTraveltime="167.60" density="123.39" laneDensity="41.13" occupancy="20.57" waitingTime="60.00" timeLoss="62.83" speed="1.14" speedRelative="0.08" departed="3" arrived="0" entered="0" left="0" laneChangedFrom="0" laneChangedTo="0"/>
        <edge id="s_t" sampledSeconds="72.00" traveltime="132.29" overlapTraveltime="135.84" density="128.76" laneDensity="42.92" occupancy="21.46" waitingTime="61.00" timeLoss="64.84" speed="1.41" speedRelative="0.10" departed="3" arrived="0" entered="0" left="0" laneChangedFrom="0" laneChangedTo="0"/>
        <edge id="t_e" sampledSeconds="6.00" traveltime="14.98" overlapTraveltime="15.38" density="10.73" laneDensity="3.58" occupancy="1.79" waitingTime="0.00" timeLoss="0.33" speed="12.45" speedRelative="0.90" departed="0" arrived="0" entered="0" left="0" laneChangedFrom="0" laneChangedTo="0"/>
        <edge id="t_n" sampledSeconds="24.16" traveltime="14.58" overlapTraveltime="14.98" density="43.21" laneDensity="14.40" occupancy="7.04" waitingTime="0.00" timeLoss="2.04" speed="12.77" speedRelative="0.92" departed="0" arrived="1" entered="1" left="0" laneChangedFrom="0" laneChangedTo="0"/>
        <edge id="t_s" sampledSeconds="22.37" traveltime="15.61" overlapTraveltime="15.94" density="40.01" laneDensity="13.34" occupancy="6.33" waitingTime="0.00" timeLoss="2.25" speed="12.01" speedRelative="0.86" departed="0" arrived="2" entered="2" left="0" laneChangedFrom="0" laneChangedTo="0"/>
        <edge id="t_w" sampledSeconds="6.00" traveltime="15.61" overlapTraveltime="16.03" density="10.73" laneDensity="3.58" occupancy="1.79" waitingTime="0.00" timeLoss="0.53" speed="11.94" speedRelative="0.86" departed="0" arrived="0" entered="0" left="0" laneChangedFrom="0" laneChangedTo="0"/>
        <edge id="w_t" sampledSeconds="38.10" traveltime="26.81" overlapTraveltime="27.44" density="68.13" laneDensity="22.71" occupancy="11.23" waitingTime="9.00" timeLoss="19.29" speed="6.98" speedRelative="0.50" departed="1" arrived="0" entered="0" left="2" laneChangedFrom="0" laneChangedTo="0"/>
    </interval>
</meandata>
