_step,episode,train/epsilon,train/q_mean,train/q_abs_max,train/loss,train/grad_norm,train/pending_veh
720,1,0.8813933399577093,-0.2351801185055176,11.255517959594727,0.03900193373310795,0.0503156165794346,86
1440,2,0.8616774369886111,-0.28140984781914286,21.16983413696289,0.02285124814435322,0.05505599993953688,153
2160,3,0.8424290826649069,-0.31547958521793285,30.200557708740234,0.021256757150533507,0.06070194611998482,161
2880,4,0.8236371894023177,-0.34002280742343927,38.27056121826172,0.021728574618464336,0.0659594944704117,127
3600,5,0.8052909325507558,-0.331946624070406,41.6816520690918,0.022324497433793215,0.07213313908109234,103
4320,6,0.7873797441590279,-0.339310481502778,53.44295120239258,0.024310066792855245,0.0754477139407148,5
5040,7,0.7698933068874021,-0.32936586087776554,59.63869857788086,0.022181862439416968,0.07718021699951755,57
5760,8,0.7528215480645357,-0.3300538665925463,64.9935073852539,0.02293246118739868,0.07814619225035939,4
6480,9,0.7361546338853379,-0.3157236148706741,68.76496887207031,0.023037332428308823,0.08058375450782478,46
7200,10,0.7198829637464255,-0.3050242765289214,72.93961334228516,0.023556605509171883,0.08275004466995597,41
7920,11,0.7039971647159109,-0.28872298716257017,76.90475463867188,0.024164088224966285,0.08195840583907234,27
8640,12,0.6884880861343333,-0.2806605771390928,78.20159912109375,0.022325839128138292,0.07968944845100244,9
9360,13,0.6733467943436268,-0.2739427659867538,75.53363037109375,0.022257629736042065,0.07923811663252613,73
10080,14,0.6585645675410852,-0.2599531688416998,78.28584289550781,0.0211648251282491,0.07749539917955796,3
10800,15,0.6441328907553635,-0.25773389879614117,80.53129577636719,0.01969192163281453,0.0760127163802584,3
11520,16,0.6300434509416185,-0.24725026929130156,85.859375,0.021210167920798995,0.07865397325302992,58
12240,17,0.616288132192965,-0.24033166732018194,83.78885650634766,0.022793524498896052,0.08006470947940317,12
12960,18,0.6028590110654896,-0.23773300525628857,88.1568603515625,0.022622132532220954,0.07961578544022309,3
13680,19,0.5897483520141273,-0.2344459324868189,83.91598510742188,0.022184907257582785,0.07775335595425632,22
14400,20,0.5769486029367742,-0.22619050205167796,92.4283218383789,0.02294560459332489,0.0783799737614269,15
15120,21,0.5644523908240673,-0.23051206897944213,87.03919982910156,0.021765454747946934,0.0772726493809993,99
15840,22,0.552252517512328,-0.22490749935516052,95.09915161132812,0.021684983307366363,0.07728207032713626,0
16560,23,0.5403419555372199,-0.24701163654939995,100.12156677246094,0.022656657519271702,0.08120595933869482,98
17280,24,0.5287138440857359,-0.2300608547197448,89.72412872314453,0.024651538006017087,0.08231470844087502,41
18000,25,0.5173614850441799,-0.21937077346568307,44.94300842285156,0.023436327540871896,0.07758806526350479,1
18720,26,0.5062783391398676,-0.2210496335186892,36.49733352661133,0.024038779370150424,0.0788039093526701,0
19440,27,0.4954580221743256,-0.21752779649363624,44.30158233642578,0.02273910753493611,0.07756821179969443,6
20160,28,0.48489430134581596,-0.2067167969730993,48.96688461303711,0.022137909069877223,0.07416682049580332,4
20880,29,0.4745810916590701,-0.19876392155678735,47.9303092956543,0.022477774857866784,0.07548139995326185,0
21600,30,0.4645124524201632,-0.18952308258869582,48.04570007324219,0.022825390684495992,0.07515840312828206,1
22320,31,0.45468258381451065,-0.1876811355455882,53.863250732421875,0.023419658163200237,0.07606604327189012,0
23040,32,0.44508582356601417,-0.19530622666287753,51.46320343017578,0.023245341524792216,0.07676506625074479,0
23760,33,0.4357166436754343,-0.18683300759229396,51.61142349243164,0.02245017395050834,0.07246209975952904,0
24480,34,0.4265696472361099,-0.1868355030918287,57.10007095336914,0.020559071113045016,0.07031815863576614,3
25200,35,0.41763956532519114,-0.17955959970131516,58.41437911987305,0.021581489331179506,0.0719918600619874,0
25920,36,0.4089212539685935,-0.1829241533867187,55.37155532836914,0.020104590047170252,0.07017078336535229,2
26640,37,0.4004096911779271,-0.20091996842788326,56.38941955566406,0.023405947079623325,0.07782981533091515,17
27360,38,0.39209997405769237,-0.20978282370294135,61.64322280883789,0.022587956526290833,0.07455187744926661,8
28080,39,0.38398731598107655,-0.21647287094965578,53.13127517700195,0.021989246244872144,0.07431070049965961,77
28800,40,0.3760670438327245,-0.20682867942377925,53.80842971801758,0.021985366841221952,0.0715832046388338,3
29520,41,0.3683345953168948,-0.20580171283541454,58.70070266723633,0.02314098808403489,0.07522069741454389,1
30240,42,0.3607855163294514,-0.20610462702396842,55.57621383666992,0.023790145425785645,0.07693707903898839,2
30960,43,0.3534154583921768,-0.2031978295288152,49.942596435546875,0.023273205487445617,0.07516469495474465,0
31680,44,0.3462201761479277,-0.20529401887001264,53.8924560546875,0.02350296911819088,0.07518553442787379,1
32400,45,0.3391955249151925,-0.2045899890570177,45.220394134521484,0.024315395985548903,0.07567656884332084,5
33120,46,0.3323374583006398,-0.2056951547662417,37.26875305175781,0.024350508753882928,0.07762363637383614,0
33840,47,0.3256420258682843,-0.19751227117247053,36.04172897338867,0.021893142885851882,0.07273975287357139,0
34560,48,0.319105370863926,-0.19983942416600056,39.72889709472656,0.021353228993636245,0.07178207170218229,0
35280,49,0.31272372799355336,-0.20371534683638148,37.39964294433594,0.021678419885413153,0.07159395299386233,0
36000,50,0.3064934212544302,-0.21754597952175472,38.869354248046875,0.024077448886722173,0.07482719939822952,0
36720,51,0.3004108618176158,-0.21927976532735757,42.20701217651367,0.02311448656675768,0.07460498313626482,0
37440,52,0.29447254596070077,-0.20212861761036846,39.52851104736328,0.024291528336470948,0.07664171047250015,17
38160,53,0.28867505304956587,-0.20534649142581557,45.917057037353516,0.02465062926639803,0.07642177473236289,0
38880,54,0.28301504356800206,-0.20746347319541705,47.103492736816406,0.02420463185860879,0.07776394179090858,0
39600,55,0.27748925719405704,-0.21120092716688912,48.67915344238281,0.024957601189897913,0.07721179089405471,0
40320,56,0.27209451092199954,-0.22983813950171073,51.71585464477539,0.027234229256929313,0.08144204267818067,4
41040,57,0.2668276972288201,-0.22447727538852227,49.01943588256836,0.024338292917754085,0.07859005751088262,0
41760,58,0.2616857822842117,-0.22742774037437308,77.4054946899414,0.027802421316543282,0.0801572035299614,1
42480,59,0.2566658042029999,-0.24537335325860316,66.53153991699219,0.027704557812992588,0.08061759024599774,0
43200,60,0.2517648713390149,-0.24245754481396742,68.57852172851562,0.02781521151482593,0.08274011134635657,1
43920,61,0.2469801606194234,-0.253964615219997,80.71537017822266,0.029851433915124896,0.08421699170074944,1
44640,62,0.24230891591856074,-0.25980916631718476,75.44441223144531,0.03266133464737019,0.08762162166854573,7
45360,63,0.23774844647032617,-0.2541332048570944,79.46296691894531,0.03100175670665016,0.08761573533217112,1
46080,64,0.23329612531822724,-0.25327689628013306,81.15523529052734,0.03193451465534357,0.086705551456867,1
46800,65,0.22894938780218016,-0.25936293561632434,71.15644073486328,0.028463704889549666,0.08220134588579336,0
47520,66,0.22470573008119482,-0.25764070865180755,70.11498260498047,0.02943928392568422,0.08471071402438812,0
48240,67,0.22056270769109299,-0.2592447113349206,78.40543365478516,0.028831707562979623,0.0826294962161531,0
48960,68,0.21651793413642956,-0.2721485548342268,77.40013122558594,0.030239191699850683,0.08375448878440592,0
49680,69,0.21256907951580495,-0.26810871224022575,69.98063659667969,0.031458951032254844,0.08457906848957969,1
50400,70,0.20871386917977763,-0.2871659171457092,72.1262435913086,0.03135700877594193,0.08719734933951663,1
51120,71,0.20495008242060314,-0.2795759206223819,72.70500183105469,0.03115382051004821,0.08770993111603376,0
51840,72,0.20127555119304513,-0.2799512197367019,70.47453308105469,0.030056810449524265,0.08234540135858373,0
52560,73,0.197688158865521,-0.27966014341347745,67.6340103149414,0.028912572528416704,0.08379339288868425,1
53280,74,0.194185839000864,-0.27923114800618754,58.0227165222168,0.02990269714824131,0.08358202014739315,0
54000,75,0.19076657416599818,-0.2669642632827163,57.1911735534668,0.028996261746700232,0.08177133277834704,0
54720,76,0.18742839476984086,-0.2581367670868834,57.555904388427734,0.02729679341977721,0.07892643715410183,0
55440,77,0.18416937792876426,-0.26290174244592585,64.49322509765625,0.029405832888248065,0.08507620081719425,0
56160,78,0.1809876463589608,-0.26876718782716325,61.82143783569336,0.02885416875328196,0.08289313115852161,2
56880,79,0.1778813672950761,-0.27680215512712797,68.50975799560547,0.028981263811389605,0.08384889490747204,0
57600,80,0.17484875143448525,-0.2633943288690514,53.618534088134766,0.02857306511771943,0.08066892573454727,0
58320,81,0.17188805190660522,-0.2692364770298203,78.34278869628906,0.025670244604569032,0.07875048024579882,46
59040,82,0.16899756326664897,-0.2672586208002435,72.5361099243164,0.02453521855447131,0.07888083806675342,0
59760,83,0.1661756205132421,-0.2607968323346641,68.6117172241211,0.024341876593017432,0.07730569863019304,0
60480,84,0.16342059812933607,-0.26517741940915585,75.80225372314453,0.02426444636674003,0.07613118993920377,0
61200,85,0.16073090914586552,-0.2597772344739901,80.71307373046875,0.022142340475208282,0.07411343091840131,1
61920,86,0.15810500422760987,-0.25767789795580837,82.15486907958984,0.02271789624323396,0.07472214852201028,0
62640,87,0.15554137078073388,-0.254883570327527,82.95497131347656,0.021892701578326523,0.07353930941834631,0
63360,88,0.15303853208149149,-0.24832980322341125,79.44400787353516,0.02227911022960648,0.07187361375480476,0
64080,89,0.15059504642559202,-0.25256776716560125,89.66117095947266,0.02301226431300165,0.07625042867795047,0
64800,90,0.14820950629773894,-0.25997281240092385,81.14810180664062,0.024718614655042378,0.07849336351888875,0
65520,91,0.1458805375608619,-0.2593837251990206,78.29374694824219,0.023752369494953504,0.07829484862741083,0
66240,92,0.14360679866457593,-0.2568199215663804,79.43303680419922,0.025049773362277646,0.08084047897718846,1
66960,93,0.14138697987241122,-0.26068202613128555,81.00418853759766,0.02490311181625455,0.08158095336208741,0
67680,94,0.13921980250736876,-0.2665397992564572,77.94144439697266,0.026624274206794023,0.08280531712807715,0
68400,95,0.13710401821536702,-0.27412265417062576,90.70732116699219,0.028109726174605183,0.08709139162286496,0
69120,96,0.13503840824615546,-0.27331070200436647,91.09334564208984,0.027586045679830324,0.085619837565658,0
69840,97,0.13302178275128074,-0.2790628614731961,77.91434478759766,0.02618302271908356,0.0829369117350628,1
70560,98,0.13105298009870106,-0.2728320096102026,83.4323501586914,0.02909722819086811,0.08376016585001102,0
71280,99,0.12913086620365405,-0.2662848186161783,78.8004379272461,0.026562026363454706,0.08279026141648906,0
72000,100,0.12725433387539256,-0.24808143560464183,80.64550018310547,0.026386494526620178,0.08260936373327342,0
72720,101,0.1254223021794121,-0.25520040003789796,59.904964447021484,0.025001866842568336,0.08086982857849863,0
73440,102,0.12363371581480287,-0.25516662972254883,64.72590637207031,0.025566822206504487,0.08216652811711861,0
74160,103,0.121887544506367,-0.2617089859934317,61.06117630004883,0.02516393404867914,0.08139616325497627,7
74880,104,0.12018278241115181,-0.26417569045184386,52.8502082824707,0.025556848080466606,0.08377028829935525,0
75600,105,0.11851844753905628,-0.26348456588263314,50.816158294677734,0.02577591211625582,0.08387762202570835,1
76320,106,0.11689358118717764,-0.2703915045286218,45.91688919067383,0.025844882104300065,0.08623092093815406,0
77040,107,0.11530724738757206,-0.2727722232540449,40.24523162841797,0.02376708524211103,0.08422311591760566,0
77760,108,0.11375853236811115,-0.2800148698190848,35.17619323730469,0.026135395308503777,0.0853316201414499,0
78480,109,0.11224654402612402,-0.28489231129901277,33.63615798950195,0.025371113985763968,0.08382108200651904,2
79200,110,0.11077041141452144,-0.2918107884832554,33.02956008911133,0.026036640188249294,0.0863496964564547,0
79920,111,0.10932928424010621,-0.36583309806883335,133.26461791992188,0.03340404558241264,0.11932182985668381,105
80640,112,0.10792233237378085,-0.631075114549862,171.10081481933594,0.05563752499939356,0.19802705089872083,0
81360,113,0.10654874537237016,-0.7074468758371141,184.3766326904297,0.055340243615986155,0.20618219822645187,0
82080,114,0.10520773201178368,-0.7542044091969728,209.8439483642578,0.05396450896967306,0.20638393173511657,0
82800,115,0.10389851983124868,-0.8181666754186153,234.78297424316406,0.05815705857304339,0.22132149622258213,0
83520,116,0.10262035468835137,-0.8753012190676398,257.4507751464844,0.06171053981395542,0.22527372000687237,1
84240,117,0.10137250032463005,-0.8902709999639127,281.7201232910156,0.0616134331293223,0.22246440769587125,2
84960,118,0.10015423794146988,-1.0140102944233351,299.7947082519531,0.06297932111580545,0.24269247372220787,0
85680,119,0.09896486578605498,-1.0565827715728018,329.8898620605469,0.06257686105317488,0.23899597317601243,0
86400,120,0.09780369874713946,-1.1187474307293692,341.5853271484375,0.0669309960380714,0.24811454496035973,1
87120,121,0.09667006796040432,-1.1714540273158087,366.4083251953125,0.0749458457938292,0.2581379697554641,0
87840,122,0.0955633204231732,-1.2886099990250335,388.82763671875,0.07981190466994627,0.26997423715785973,0
88560,123,0.09448281861826469,-1.2805543198974596,412.3166809082031,0.0767637641246741,0.26213511710779536,0
89280,124,0.09342794014676488,-1.290958334112333,443.41424560546875,0.07662466623652209,0.2719745279600223,0
90000,125,0.09239807736950836,-1.3445285487506125,467.5353698730469,0.07913322236660557,0.27512570287411414,0
90720,126,0.09139263705706124,-1.4657136516852511,482.4161376953125,0.0843842558530418,0.28223236486729647,0
91440,127,0.09041104004800457,-1.4730658047729068,506.1242370605469,0.08079716789587918,0.2917155145615753,0
92160,128,0.08945272091532144,-1.5634788163213267,520.4061889648438,0.0874560030681702,0.2920396951130695,0
92880,129,0.0885171276406953,-1.6402605557400318,537.6180419921875,0.09667496534724099,0.3068762717458109,0
93600,130,0.0876037212965322,-1.6998281947854492,571.1959228515625,0.09696753383743473,0.3078177861041493,0
94320,131,0.08671197573552356,-1.667032952585982,592.4384155273438,0.10210453605525092,0.313556811798157,0
95040,132,0.08584137728757074,-1.8944705565356545,615.0811767578125,0.10226711585483927,0.33162616177255083,0
95760,133,0.08499142446389701,-1.8506303831314048,634.2545166015625,0.09792478687078175,0.3228545165206823,0
96480,134,0.08416162766817598,-1.7606293129217294,650.937255859375,0.10004730520951044,0.3063767890704589,0
97200,135,0.08335150891451061,-0.6088241439933578,588.3267211914062,0.0589609916942815,0.17185361550913916,6
97920,136,0.08256060155210024,-0.5733980491136511,548.0205688476562,0.05659779019640862,0.1673452542215172,2
98640,137,0.08178844999643665,-0.6118500167503953,534.7340087890625,0.05649292745252347,0.16660488709393476,0
99360,138,0.08103460946687496,-0.5320249290722939,556.4221801757812,0.05221376884275944,0.15456470475118195,0
100080,139,0.08029864573042757,-0.5441568037701978,565.8937377929688,0.05348184718879768,0.15294951811018917,0
100800,140,0.07958013485163393,-0.4852734866345094,546.2096557617188,0.04445289654411479,0.14273441548252272,0
101520,141,0.07887866294836209,-0.49339028546172714,565.28955078125,0.046706035258507146,0.14257118441423194,0
102240,142,0.07819382595340112,-0.5025763858937555,571.1376953125,0.04464400642480339,0.1391217461424983,0
102960,143,0.07752522938170717,-0.4937792002947794,578.4775390625,0.03899483275923154,0.13561528594129615,0
103680,144,0.07687248810316924,-0.45233622286468744,534.7639770507812,0.040001982076662695,0.12886487708633973,1
104400,145,0.07623522612076357,-0.4170031034698089,486.6829528808594,0.03446253120621097,0.11982663373411116,83
105120,146,0.0756130763539689,-0.39866818212386634,503.3802795410156,0.029658525875614336,0.11823074588448637,0
105840,147,0.07500568042731806,-0.4008298546489742,505.0408020019531,0.03250523943053041,0.11608150196779106,0
106560,148,0.07441268846396368,-0.407918329226474,513.8618774414062,0.030841012164859825,0.12158554472132689,0
107280,149,0.0738337588841395,-0.4239571455348697,535.0147094726562,0.030484956737685327,0.1209506333909101,0
108000,150,0.073268558208401,-0.40009001346511974,514.4468994140625,0.03264773557441206,0.11836361661553382,0
108720,151,0.072716760865532,-0.3756748704032766,511.8068542480469,0.02713161093059979,0.11087080896573348,9
109440,152,0.0721780490050066,-0.2483058144027988,45.0931510925293,0.0227105114448932,0.08730227916708423,0
110160,153,0.07165211231389858,-0.24653225545254018,40.80260467529297,0.021498042889288627,0.08637281983004262,0
110880,154,0.07113864783813244,-0.24860122787455718,40.74222946166992,0.022294130987009136,0.08700741100538936,96
111600,155,0.07063735980797362,-0.23623191996787984,36.775665283203125,0.020992135700847334,0.08581365164524565,99
112320,156,0.07014795946765687,-0.2323043389349348,38.965858459472656,0.020898868776566815,0.08463072116848909,43
113040,157,0.06967016490905498,-0.23909025811072854,38.119720458984375,0.022019637584324098,0.08513721652432449,63
113760,158,0.06920370090929187,-0.23634516070079473,42.814735412597656,0.019642897027046677,0.08130803065529714,0
114480,159,0.06874829877220662,-0.2463360253514515,43.411888122558594,0.020365793846172486,0.08342681397528698,0
115200,160,0.06830369617357707,-0.23776971716433765,44.52867126464844,0.01997129908995703,0.08365444090838234,2
115920,161,0.06786963701001382,-0.24059722140017484,45.790531158447266,0.02210713465287376,0.08566241140166918,0
116640,162,0.06744587125143756,-0.2367360524626242,39.61116027832031,0.019996504784568162,0.08030931352792929,0
117360,163,0.06703215479705481,-0.2374514260639747,39.92652130126953,0.02011063055963152,0.0812044622298951,0
118080,164,0.06662824933474924,-0.24931375397783187,44.68259048461914,0.021435519644809473,0.0829587350702948,0
118800,165,0.06623392220380714,-0.2393287408993476,38.81172180175781,0.019354112425935453,0.0824811371948777,0
119520,166,0.06584894626089854,-0.240847844340735,36.93524932861328,0.0196739447776862,0.08096558521243019,0
120240,167,0.06547309974923629,-0.23487466452643274,35.994083404541016,0.017782465292677647,0.07913913523467879,7
120960,168,0.06510616617083809,-0.2379004808763663,27.892656326293945,0.019442619294245053,0.07902072742063966,0
121680,169,0.06474793416181758,-0.2320220113835401,26.0834903717041,0.01736450084831126,0.07620884566050437,0
122400,170,0.06439819737063299,-0.23372877382983764,25.593463897705078,0.019448662720484813,0.07843717245074609,0
123120,171,0.0640567543392229,-0.22799904985974231,23.908527374267578,0.019426458073010307,0.07840958755308142,0
123840,172,0.06372340838696079,-0.22063637800100777,21.335037231445312,0.01785435292727521,0.074623799450799,1
124560,173,0.06339796749736167,-0.219948710501194,23.005352020263672,0.017660163822195804,0.07695634904214077,13
125280,174,0.06308024420747513,-0.2226864467995862,21.270641326904297,0.01680342981611223,0.07269568655691627,0
126000,175,0.06277005549990164,-0.22332445338575377,21.489126205444336,0.016619113844677083,0.0740364233031869,4
126720,176,0.062467222697369366,-0.22286176989889808,24.175521850585938,0.016529169401716597,0.07345405421478467,1
127440,177,0.06217157135981117,-0.21592860920354723,25.0203914642334,0.015013156360429195,0.07043314657381011,1
128160,178,0.0618829311838823,-0.2179020784381363,24.48152732849121,0.01467224817558114,0.06989620661414746,1
128880,179,0.061601135904860924,-0.21792975115693278,24.02519416809082,0.015480071906737673,0.07100751423535662,0
129600,180,0.06132602320087511,-0.22821860799772872,26.070470809936523,0.017471016733907163,0.07416887109737015,35
130320,181,0.061057434599400905,-0.22905113641172647,24.539514541625977,0.016397638368329758,0.07307558609948804,3
131040,182,0.06079521538597778,-0.2132383278467589,25.405906677246094,0.017394688589168556,0.07320332155925119,0
131760,183,0.06053921451508881,-0.22983982528870303,27.40414047241211,0.016979723545793805,0.07453657692919174,9
132480,184,0.060289284523154345,-0.23237492240344484,27.939355850219727,0.01701054019956953,0.0748011604287765,50
133200,185,0.06004528144358881,-0.23874522017108069,30.007526397705078,0.01640314665225257,0.07357292708475142,0
133920,186,0.05980706472387206,-0.2358708625141945,29.256492614746094,0.01597272375074681,0.0739904070376522,0
134640,187,0.05957449714458719,-0.2416147664292819,29.743974685668945,0.016964447781760504,0.07532427264894877,0
135360,188,0.059347444740378376,-0.2348087234215604,25.121339797973633,0.015765101550075794,0.07125355212483556,0
136080,189,0.059125776722783144,-0.23856240333989262,25.221729278564453,0.016541890383006023,0.07348058795711647,0
136800,190,0.05890936540489455,-0.23008405284749137,22.817853927612305,0.016837791637873224,0.07378252610926413,2
137520,191,0.05869808612781004,-0.22701162121569116,28.478282928466797,0.016426348511756967,0.07090302742758972,0
138240,192,0.058491817188824444,-0.2242793522050811,26.270437240600586,0.01581021460442571,0.06903312969952821,0
138960,193,0.058290439771325885,-0.219051305246022,25.58167266845703,0.015143843776766315,0.06859703419937027,0
139680,194,0.058093837876354096,-0.2254066394848956,28.004770278930664,0.01515546744291593,0.06746699198718287,0
140400,195,0.057901898255781806,-0.22545256961344018,29.118202209472656,0.01601279322575364,0.07139111895165924,0
141120,196,0.05771451034708072,-0.22218762136374912,26.049898147583008,0.01690985045198532,0.06951152163092048,0
141840,197,0.05753156620963444,-0.2240914246895247,25.69770622253418,0.016101164814285262,0.06819361648781018,0
142560,198,0.05735296046256165,-0.2318597805375854,23.90821647644043,0.016431736891455433,0.07178150315562057,0
143280,199,0.057178590224013844,-0.2300222013456126,27.707971572875977,0.018685727248440444,0.0748750350282838,0
144000,200,0.05700835505191254,-0.23516231867381268,32.13385772705078,0.017987859445889223,0.07605316118570045,0
144720,201,0.056842156886091864,-0.2339384010165102,32.595455169677734,0.0179767550129327,0.07771392509651681,0
145440,202,0.056679899991813165,-0.23546482851314876,30.33580780029297,0.01869390135915536,0.07638124693961193,0
146160,203,0.056521490904619165,-0.23897749908889335,31.352588653564453,0.01825755392977347,0.07878841779763913,2
146880,204,0.05636683837649587,-0.24398884035439955,33.90611267089844,0.01803970529904796,0.07729090872841576,0
147600,205,0.056215853323311166,-0.272201960399333,74.92882537841797,0.020595234819079957,0.09039158714779963,0
148320,206,0.0560684487734999,-0.29501820088674624,81.97109985351562,0.02191400375126654,0.09286724771890376,0
149040,207,0.05592453981796587,-0.29551948745631507,82.60648345947266,0.021276959306043057,0.09478869634266529,0
149760,208,0.0557840435611718,-0.3248090501046843,75.79396057128906,0.025932946173674684,0.10611423404318177,0
150480,209,0.05564687907338928,-0.31470460194266503,74.21202850341797,0.025397866867812504,0.10883057850102583,0
151200,210,0.05551296734408094,-0.3230015782432424,73.71592712402344,0.024510566206784764,0.1076426677328224,0
151920,211,0.05538223123638823,-0.3178007083841496,76.79135131835938,0.024701202082926303,0.10783804330923077,0
152640,212,0.05525459544269848,-0.3211950638745394,76.183349609375,0.02680146364469288,0.1132667080913153,0
153360,213,0.05512998644126556,-0.31075617093592883,88.02815246582031,0.025088568014325574,0.11002685234157575,4
154080,214,0.055008332453859395,-0.3254674167475767,86.2383041381836,0.02631454084993392,0.11000302339283129,26
154800,215,0.054889563404419695,-0.33279127325448726,85.96520233154297,0.026107082308024273,0.11412535888246364,0
155520,216,0.054773610878690177,-0.43531495134035747,420.1488952636719,0.03326954847887262,0.15585016078160455,203
156240,217,0.05466040808481012,-1.1204720147781901,587.1983642578125,0.050529095226859985,0.3102888713746021,0
156960,218,0.054549889814840345,-1.163169357387556,590.4284057617188,0.04861133395590716,0.30627197126547495,1
157680,219,0.05444199240720169,-1.168255719418327,604.10205078125,0.047770436430194727,0.30464651744502286,0
158400,220,0.05433665371000415,-1.1894780518073174,626.73291015625,0.04408295598954687,0.2983756211793257,5
159120,221,0.054233813045245674,-1.2931296676604285,657.4312133789062,0.044655453563124566,0.2983669439227217,0
159840,222,0.05413341117385997,-1.3691884410464101,671.5541381835938,0.04894411935367518,0.3094123329346379,1
160560,223,0.05403539026159315,-1.4292980009896887,687.9581298828125,0.0482651311904192,0.31992918535963527,0
161280,224,0.053939693845689626,-1.4343686656198569,709.1085205078125,0.045904105478095716,0.307057755968223,0
162000,225,0.05384626680236796,-1.5516004992028078,716.4159545898438,0.04604459700704966,0.3216990356850955,0
162720,226,0.05375505531506809,-1.616143595530755,734.7823486328125,0.047215613946253954,0.33527927992658485,1
163440,227,0.05366600684345146,-1.6015001822883883,763.3309326171875,0.04475692989944946,0.32320922173352706,0
164160,228,0.05357907009313636,-1.5644558059051632,768.4669189453125,0.04379029730755267,0.32122222491436536,0
164880,229,0.05349419498615094,-1.609668107227319,784.9757690429688,0.041553453242522666,0.32370059379479954,0
165600,230,0.053411332632086896,-1.684536209412747,803.068359375,0.042980276465985096,0.34376396169989476,3
166320,231,0.05333043529993727,-1.6044376817014483,814.6983032226562,0.040843305904288876,0.3136973309641083,5
167040,232,0.05325145639060205,-1.6546903607745966,835.110107421875,0.040475829296499594,0.322561339299298,0
167760,233,0.05317435041004582,-1.6448824781924487,848.7427978515625,0.03857355706438991,0.322285444693019,91
168480,234,0.05309907294309189,-1.7385596652204791,873.5865478515625,0.04070555008592136,0.33040648515129256,5
169200,235,0.053025580627838,-1.9586642335479458,894.7615966796875,0.044281498727893144,0.35272795437938637,32
169920,236,0.05295383113067861,-2.6414849487236802,908.984619140625,0.07317488348926418,0.40932602814088265,17
170640,237,0.05288378312191957,-2.6817143208657703,914.2728271484375,0.07448838794435789,0.42280475250445304,0
171360,238,0.052815396251971125,-2.744427867523498,921.8651733398438,0.07817074165084503,0.41410776150619816,0
172080,239,0.052748631128105385,-2.708461429530548,940.9442749023438,0.0800421241709652,0.4109770552979575,0
172800,240,0.05268344929176505,-1.239444751654648,945.2164916992188,0.059026287338605876,0.23481417716894712,0
173520,241,0.0526198131964102,-1.2274263981833227,890.0659790039062,0.058596048206608325,0.2344263206391285,0
174240,242,0.05255768618589047,-1.2730521583205296,903.297119140625,0.058663150744784315,0.23699682662780913,0
174960,243,0.05249703247333008,-1.23904458846276,907.3077392578125,0.06536452661384828,0.23345018595250117,12
175680,244,0.052437817120513604,-1.2101362473641832,919.0396728515625,0.06406654187400515,0.226235327616127,27
176400,245,0.052380006017760605,-1.2250813483571013,932.53662109375,0.07436735645816143,0.2314154296854718,2
177120,246,0.052323565864277506,-1.1823389822824133,951.2160034179688,0.06591971058547239,0.2268620954050372,1
177840,247,0.052268464148975416,-1.1881093924658166,965.4887084960938,0.05776606451383688,0.22549465427485604,6
178560,248,0.05221466913174284,-1.2073298994451762,993.4268188476562,0.06809415756401399,0.21950544227018123,16
179280,249,0.05216214982516249,-1.2751903121049206,1020.5215454101562,0.054803395190457294,0.23307993742637337,1
180000,250,0.0521108759766617,-1.2368757169590228,1017.694091796875,0.06309035543332962,0.2237462544399831,0
180720,251,0.05206081805108609,-1.332242948665387,1034.178466796875,0.06712252813320245,0.23367984547900658,0
181440,252,0.052011947213686495,-1.4265941977293954,1036.3701171875,0.06691724089452894,0.24890885862728787,0
182160,253,0.05196423531350937,-1.3158214281623561,1051.4112548828125,0.05198441803545898,0.22593569362329113,0
182880,254,0.05191765486718104,-1.2352909204239646,1080.7093505859375,0.05508912306945098,0.2188725996684904,1
183600,255,0.051872179043076554,-1.3928531405412488,1074.46435546875,0.05373203270234323,0.2326793388567037,0
184320,256,0.05182778164586387,-1.4173844274961287,1115.330322265625,0.06130570070462353,0.24111906122416257,74
185040,257,0.05178443710141469,-1.488795137157043,1134.0679931640625,0.05869720777490228,0.2537873582655771,0
185760,258,0.05174212044207299,-1.4860420569156607,1153.2947998046875,0.06737514011620079,0.24414298315532507,0
186480,259,0.05170080729227299,-0.3066791478544474,805.8031005859375,0.023897836428497816,0.10725386240519583,0
187200,260,0.051660473854498165,-0.2799442611841692,51.12967300415039,0.022785647211195383,0.10343771264370945,0
187920,261,0.05162109689557319,-0.2742374220242103,48.31024169921875,0.021234538213078243,0.10021624015902894,0
188640,262,0.05158265373328102,-0.27361927883078657,42.9501838684082,0.02056214569181773,0.09816358059437738,0
189360,263,0.05154512222329727,-0.2939949058824115,117.71622467041016,0.021332342896170708,0.10255270475625164,24
190080,264,0.051508480746434486,-0.37624551871170603,193.01571655273438,0.028091127257276742,0.13182444259938267,0
190800,265,0.05147270819618894,-0.3822333289517297,190.50047302246094,0.027857265858781628,0.13170070094315128,0
191520,266,0.051437783966582606,-0.388153920095,187.7401885986328,0.029127801666294948,0.13811639497160083,0
192240,267,0.051403687940293645,-0.3972208061358995,177.51219177246094,0.027834049415671164,0.13352363063539896,0
192960,268,0.051370400477068194,-0.4089603864484363,185.66824340820312,0.027448974573053418,0.13799641587150593,0
193680,269,0.0513379024024071,-0.40511829526060156,200.62635803222656,0.02745163468255972,0.13823589097656724,0
194400,270,0.05130617499652083,-0.40667942048360906,206.63111877441406,0.028779071549393444,0.14000925470350517,2
195120,271,0.05127519998354637,-0.4215402180122005,207.76803588867188,0.02957012445517143,0.1404747419576678,38
195840,272,0.051244959521019845,-0.43398345350805256,203.48553466796875,0.029225253753894422,0.14328916551959184,0
196560,273,0.05121543618959873,-0.42470200904127625,210.17092895507812,0.0296084548524555,0.14126624396174317,1
197280,274,0.05118661298302784,-0.4435866885094179,209.8187255859375,0.030397107528794248,0.14183772110587192,29
198000,275,0.051158473298343284,-0.42771692267722555,213.58924865722656,0.030138668645587233,0.14429522233290804,9
198720,276,0.05113100092630866,-0.42317760158330203,207.903564453125,0.028749674776594878,0.14183133095502853,5
199440,277,0.051104180042078104,-0.4414880303459035,215.88580322265625,0.03058321333341559,0.14738736658150123,0
200160,278,0.051077995196080736,-0.44322266181310016,212.52972412109375,0.02975746314170667,0.14848126639198098,0
200880,279,0.0510524313051213,-0.42545019009461005,209.2914276123047,0.030443698797737145,0.14243455913124814,0
201600,280,0.05102747364369179,-0.42768247618029515,219.7740020751953,0.028156091392480043,0.13709728365194881,19
202320,281,0.051003107835489184,-0.42617867899437745,217.83737182617188,0.028787795694531975,0.13457693809436427,5
203040,282,0.050979319845134284,-0.4416224028294285,213.29905700683594,0.02939464011368626,0.13668342944648532,3
203760,283,0.05095609597008693,-0.4289617536796464,224.32623291015625,0.025979591835089702,0.13605828319883181,0
204480,284,0.05093342283275299,-0.438659320709606,211.3479766845703,0.027230520980083384,0.13820291453351577,0
205200,285,0.050911287372778495,-0.4416049443185329,209.46109008789062,0.028048368707499726,0.13624735320918263,0
205920,286,0.05088967683952647,-0.44795747571107414,207.03256225585938,0.029055279808623404,0.1409134276625183,1
206640,287,0.05086857878473228,-0.31821402877362237,189.786865234375,0.023997716257710838,0.10703057709356976,0
207360,288,0.05084798105533301,-0.2890767478280597,36.747276306152344,0.024411156921835046,0.10333274273564004,0
208080,289,0.05082787178646705,-0.2862260945865677,42.205684661865234,0.023228351273994325,0.09904870205144915,0
208800,290,0.050808239394639534,-0.28021095192266837,42.55019760131836,0.02206374584412616,0.09690648175569044,117
209520,291,0.05078907257104996,-0.2839968353509903,41.62396240234375,0.022038253877447764,0.09604987306779043,0
210240,292,0.05077036027507801,-0.28347762937967974,38.56250762939453,0.024799377567736276,0.09937223052192065,0
210960,293,0.05075209172792383,-0.2849577860492799,37.61708450317383,0.023692437217848944,0.09901425836918255,0
211680,294,0.05073425640639917,-0.2725474519241187,34.922271728515625,0.019632926423057345,0.0922162445080984,0
212400,295,0.05071684403686571,-0.2797987017780542,29.92280387878418,0.02163128663620834,0.09435415073660099,2
213120,296,0.05069984458931716,-0.28005275544193053,38.97012710571289,0.021342709462624045,0.09452197536722654,0
213840,297,0.050683248271601734,-0.27711517384482753,36.15631103515625,0.019974650092707533,0.09114458862329937,1
214560,298,0.05066704552378157,-0.2850393366689483,33.78827667236328,0.020332253857082427,0.09162969334930596,0
215280,299,0.05065122701262592,-0.2858326833488213,31.413681030273438,0.01886272250913963,0.09060283285410455,0
216000,300,0.050635783626235026,-0.28656277135014535,33.18635559082031,0.018812972189496374,0.08825543477820853,0
216720,301,0.05062070646879132,-0.28288119776795306,31.329036712646484,0.018901223202475295,0.08570466377875871,0
217440,302,0.050605986855435256,-0.27440179286317695,35.573883056640625,0.01841383393006658,0.08722325920696473,1
218160,303,0.050591616307262575,-0.28155773027489583,31.81175994873047,0.019084458407046947,0.0885066788798819,1
218880,304,0.05057758654644019,-0.2684887196765178,31.332529067993164,0.018682256339040273,0.08826569218395484,0
219600,305,0.05056388949143799,-0.26604719968098733,28.356687545776367,0.017159473568285143,0.08548269312466598,27
220320,306,0.05055051725237356,-0.27176740204708444,32.30787658691406,0.01894926033702278,0.08740395962571104,0
221040,307,0.050537462126467494,-0.27045590517421564,33.047142028808594,0.018574387493653276,0.08535052914586332,0
221760,308,0.050524716593606314,-0.27581198908802534,31.56808090209961,0.01851553998858435,0.08584244268584168,0
222480,309,0.05051227331201069,-0.2787965862908297,29.20405387878418,0.017996758281919434,0.08540339824329647,0
223200,310,0.050500125114006394,-0.2822343264189031,29.392396926879883,0.017807900224094435,0.08516653625863707,0
223920,311,0.05048826500189549,-0.27666852256904045,30.38190460205078,0.019833526867700534,0.0885871565176381,0
224640,312,0.05047668614392548,-0.27983702243202263,33.6335563659668,0.01855960344368618,0.08636834632682924,2
225360,313,0.05046538187035405,-0.2787967586889863,30.822589874267578,0.01895227489957405,0.08838073810717711,0
226080,314,0.05045434566960707,-0.278460324752248,30.22893714904785,0.018498446899724918,0.08728616710027887,0
226800,315,0.05044357118452777,-0.2830770977255371,33.00553894042969,0.019531442153189953,0.08865494473009473,0
227520,316,0.05043305220871485,-0.2839605935331848,30.139198303222656,0.019097252085500966,0.0877878958462841,6
228240,317,0.050422782682947406,-0.28248117359148134,30.562740325927734,0.020453490590605524,0.08904482800410025,1
228960,318,0.05041275669169466,-0.2946522612331642,34.16516876220703,0.021261096017486932,0.0940326881983007,4
229680,319,0.05040296845970845,-0.27347677344870236,32.504112243652344,0.019022283167093215,0.08683560575979452,0
230400,320,0.050393412348696515,-0.28818306784249015,34.4190673828125,0.021328978078155262,0.09323488305219346,0
231120,321,0.050384082854074703,-0.2824378351577454,30.00838851928711,0.019871223224618005,0.08663452117600375,0
231840,322,0.050374974601796164,-0.28070042555530866,32.17787551879883,0.01971374058824343,0.08944605307705286,2
232560,323,0.05036608234525576,-0.29128489972402655,35.05827713012695,0.019559553166456883,0.08924585271419751,1
233280,324,0.05035740096226786,-0.305576504725549,35.98621368408203,0.021003878750424417,0.09353226681964265,87
234000,325,0.050348925452115834,-0.2980833866633475,35.154266357421875,0.019928347683000742,0.09146246651135799,0
234720,326,0.05034065093267151,-0.29993727169930934,37.5413818359375,0.019101138773354856,0.08977484305440965,1
235440,327,0.050332572637582895,-0.29429462851128646,37.556053161621094,0.018490433081266626,0.08908806638533456,1
236160,328,0.05032468591352868,-0.2870669344647063,42.809417724609375,0.01854346968935311,0.08671390501161416,13
236880,329,0.050316986217537746,-0.2936258895529641,52.26680374145508,0.01977156218037837,0.09033945286905186,0
237600,330,0.05030946911437231,-0.2895254059798188,45.23141860961914,0.019330468847409875,0.08876079934286989,0
238320,331,0.05030213027397312,-0.2834965359626545,45.36365509033203,0.018898181468668757,0.085401952587482,22
239040,332,0.050294965468965204,-0.2868520063555075,45.04477310180664,0.01857396115843181,0.08724722456600931,0
239760,333,0.050287970572222764,-0.27329338835552336,44.55221939086914,0.0177542425751906,0.08129601252472235,0
240480,334,0.0502811415544919,-0.27455604982872805,41.484073638916016,0.017020735002491467,0.08357235955643572,0
241200,335,0.050274474482069564,-0.2917120219725702,86.12702178955078,0.019972189330049635,0.08921662858532121,0
241920,336,0.050267965514537716,-0.33057175109990766,119.84383392333984,0.02201218549889745,0.10833453446005782,0
242640,337,0.0502616109025511,-0.33278147242963313,164.39251708984375,0.020816998598780223,0.10640306470708714,4
243360,338,0.05025540698567751,-0.33586114783667853,170.05274963378906,0.021288933065241305,0.10379899280249244,62
244080,339,0.05024935019028929,-0.36720467985918126,179.00184631347656,0.021974474272994687,0.12180062195855296,68
244800,340,0.050243437027504854,-0.42152158237165877,216.6289520263672,0.02242050037214843,0.13453851946008702,0
245520,341,0.05023766409117893,-0.4385591233149171,184.3657989501953,0.021661860383432617,0.13806899833855116,0
246240,342,0.05023202805594059,-0.4399852801528242,224.3005828857422,0.021013216423064782,0.13340065082949068,8
246960,343,0.05022652567527771,-0.47143690461913745,243.24151611328125,0.025795976424059418,0.14089648601495558,1
247680,344,0.050221153779666884,-0.47851002528849573,241.26199340820312,0.023894810408819467,0.1424401831942507,0
248400,345,0.05021590927474773,-0.5186278600038754,257.644287109375,0.02524220767081715,0.15172567781733556,0
249120,346,0.050210789139540406,-0.5056554233862294,293.29949951171875,0.026351182005277626,0.14412347144033347,0
249840,347,0.05020579042470546,-0.5150587210017774,293.1340026855469,0.025935502941623174,0.14404210985845162,0
250560,348,0.05020091025084495,-0.5337353505608108,295.8519592285156,0.02594796602869691,0.14303006311982042,0
251280,349,0.050196145806843805,-0.5312985762539837,312.3166198730469,0.027030161207949276,0.14661904502039155,60
252000,350,0.05019149434825054,-0.5354658941841788,316.74560546875,0.027250578081293497,0.1397156292003476,0
252720,351,0.05018695319569641,-0.5405089907762077,308.3275146484375,0.027866663745306948,0.1462615073296345,0
253440,352,0.05018251973335198,-0.583280633452038,353.1894226074219,0.031124842677511172,0.1557841216110521,1
254160,353,0.05017819140742036,-0.5576063202901019,336.9087829589844,0.028980787757447817,0.15837560838036652,0
254880,354,0.05017396572466615,-0.5716289405607515,357.3190612792969,0.03040497162049481,0.15181031064130365,0
255600,355,0.05016984025097924,-0.5552673476851648,375.52545166015625,0.028312841427072674,0.15018586794224878,12
256320,356,0.05016581260997273,-0.606561770890322,364.2149353027344,0.03165179546954783,0.15786202067716254,0
257040,357,0.05016188048161403,-0.6173074445790715,390.6335754394531,0.031909372301823974,0.1593089723545644,1
257760,358,0.05015804160088851,-0.5601141599110431,396.33575439453125,0.030900659916288632,0.14752616677433253,1
258480,359,0.05015429375649472,-0.4457502740331822,135.44908142089844,0.024772043282993966,0.12261092679368125,0
259200,360,0.05015063478957066,-0.4770859410158462,138.07611083984375,0.026829780299643367,0.13406643153996103,27
259920,361,0.05014706259245022,-0.4866544408723712,140.94435119628906,0.028490232963425417,0.13246341215239632,44
260640,362,0.0501435751074491,-0.46224641758534646,147.37533569335938,0.02709618579085347,0.1304011386146562,1
261360,363,0.050140170325679516,-0.3224578323049678,98.82342529296875,0.022935458452815916,0.09912476907225533,101
262080,364,0.05013684628589302,-0.3174695248198178,45.58186340332031,0.022104249145357042,0.09916754094107698,0
262800,365,0.050133601073350804,-0.31062588286068704,51.979339599609375,0.021561753155320832,0.09652668256053908,1
263520,366,0.05013043281872071,-0.3038595495538579,58.83775329589844,0.022096197478013994,0.0967889558006492,0
264240,367,0.05012733969700047,-0.30342204972273773,61.94968795776367,0.023349346615011906,0.09971020497485167,71
264960,368,0.05012431992646647,-0.31154512835459575,63.30776596069336,0.021626036537539525,0.09545454608224746,160
265680,369,0.05012137176764736,-0.31992887891829014,72.45099639892578,0.021863177439566547,0.09837049740211418,56
266400,370,0.05011849352232218,-0.3224124322127965,68.0292739868164,0.02171091279726372,0.09515123253481256,0
267120,371,0.05011568353254202,-0.3357240926060412,73.03861999511719,0.021050762230232875,0.09564358742338502,0
267840,372,0.05011294017967509,-0.33740480778117976,74.51921081542969,0.021934804663760587,0.0976827785372734,0
268560,373,0.05011026188347428,-0.3325913327021731,75.2916488647461,0.02254650064763458,0.09616617692324023,3
269280,374,0.050107647101166934,-0.34761772215780284,84.86864471435547,0.02517015462185049,0.1013218708181133,1
270000,375,0.05010509432656614,-0.3448709205827779,76.78025817871094,0.02747084842137863,0.10576636423874232,44
270720,376,0.050102602089203155,-0.3367352665091554,85.50968933105469,0.025921534689647766,0.10143114370293915,3
271440,377,0.050100168953480344,-0.33771296356701186,82.90235137939453,0.025641089560101842,0.10220303188285065,5
272160,378,0.05009779351784427,-0.35167073383927344,90.29522705078125,0.02716110376414791,0.10498068127263752,63
272880,379,0.05009547441397831,-0.3532288878535231,99.2521743774414,0.026376496281591243,0.10481309020736565,0
273600,380,0.05009321030601454,-0.3577317437157035,110.15583801269531,0.027633109243470243,0.10623047821637657,24
274320,381,0.050090999889764155,-0.3540965658302108,105.30555725097656,0.026490342359304326,0.10517528858811905,0
275040,382,0.05008884189196629,-0.3569398284993238,103.30888366699219,0.028705768571105888,0.10703104213397537,1
275760,383,0.05008673506955454,-0.3619191309230195,107.89752960205078,0.029253063149776104,0.10994315198622644,0
276480,384,0.05008467820894096,-0.36326469185037746,89.01879119873047,0.029500678434204827,0.10667840422182862,164
277200,385,0.050082670125316954,-0.3606055156017343,91.3625259399414,0.02868614213900097,0.1081859471095312,0
277920,386,0.05008070966197084,-0.36795995051248204,95.59788513183594,0.02843604122624836,0.1068701061161442,13
278640,387,0.05007879568962152,-0.3599579398623771,97.02200317382812,0.025895203826237573,0.10357807309677204,0
279360,388,0.05007692710576801,-0.3548407163264023,94.904296875,0.027758403965142658,0.1022968880392404,83
280080,389,0.05007510283405434,-0.35891426151825323,91.15653228759766,0.027355619278548855,0.10675230158958585,102
280800,390,0.050073321823649576,-0.36556535733656753,84.2476806640625,0.02791775246603518,0.10757239023999622,4
281520,391,0.05007158304864247,-0.3707943230556945,88.92723846435547,0.02644053507344021,0.10470329499803484,3
282240,392,0.05006988550745055,-0.3703023733157251,83.53421783447266,0.025460047301183092,0.10585320974027532,7
282960,393,0.05006822822224315,-0.36947006061673165,84.21956634521484,0.02422867152086433,0.10285598505029661,0
283680,394,0.050066610238378176,-0.36960726138204336,80.12151336669922,0.024289978653541766,0.10463546965943857,3
284400,395,0.05006503062385218,-0.36291926049937806,76.81268310546875,0.024070988178492472,0.10019372254351361,4
285120,396,0.050063488468763524,-0.3806832649020685,76.56781005859375,0.025622936011414923,0.09980533354294797,0
285840,397,0.05006198288478824,-0.36453211021920046,70.58638000488281,0.024318869618420853,0.09699721340503957,7
286560,398,0.05006051300466833,-0.3763454315976964,69.19722747802734,0.024728848521610617,0.10080524136364045,7
287280,399,0.050059077981712205,-0.3797227302980092,72.36172485351562,0.023281387648603415,0.10455241012904379,1
288000,400,0.050057676989306965,-0.3657857882893748,70.3299789428711,0.02291004219959076,0.10575610765049027,9
288720,401,0.05005630922044225,-0.36556006347139675,66.13077545166016,0.023563294707047235,0.1046259345072839,0
289440,402,0.05005497388724538,-0.36156700054804486,67.41291809082031,0.023653319425809765,0.10678726865444332,0
290160,403,0.0500536702205275,-0.35729568793127936,63.54933547973633,0.024971812786599105,0.10789562652870599,1
290880,404,0.05005239746934056,-0.3488649520609114,61.43394470214844,0.02444339271799739,0.10633272098170386,0
291600,405,0.05005115490054467,-0.3513613797724247,60.7354736328125,0.02358025950492851,0.10568678152695712,104
292320,406,0.050049941798385844,-0.3505835804881321,60.21144104003906,0.022603560432132023,0.10222985164210614,2
293040,407,0.05004875746408371,-0.3554018520646625,52.14456558227539,0.02229929436337746,0.10318538638142248,134
293760,408,0.050047601215428957,-0.3409978432373868,47.7539176940918,0.020588948481923178,0.1019446335422496,0
294480,409,0.0500464723863904,-0.3396791848871443,45.57615280151367,0.01994810325316697,0.09875175532781416,31
295200,410,0.050045370326731294,-0.34014102394382156,41.44321060180664,0.019319939117283663,0.09966113164813982,0
295920,411,0.05004429440163481,-0.3490537963393662,37.402164459228516,0.019874046759893342,0.10218674069943114,27
296640,412,0.050043243991338346,-0.3429186672800117,39.11814880371094,0.02089142667585596,0.09993876226039397,0
297360,413,0.05004221849077652,-0.3407970790647798,40.918888092041016,0.020787556895164823,0.101731239254069,0
298080,414,0.050041217309232666,-0.3371584676620033,35.184417724609375,0.021253765244910027,0.10215897280205455,0
298800,415,0.050040239869998525,-0.3485720559954643,43.36399841308594,0.02098524761046671,0.10064051426274495,0
299520,416,0.050039285610042075,-0.3500402823090553,43.07584762573242,0.021970703639413437,0.10312334606423974,0
300240,417,0.050038353979683196,-0.3430595688935783,41.40575408935547,0.022249068950542197,0.10273264607207643,7
300960,418,0.05003744444227705,-0.3376237355379595,42.86167907714844,0.021661557231305376,0.09794098072581821,18
301680,419,0.05003655647390494,-0.3408951739470164,44.729122161865234,0.0232885404562694,0.10379027056559506,0
302400,420,0.050035689563072534,-0.3600501695647836,43.95240783691406,0.023483110816192088,0.10437272975945638,0
303120,421,0.050034843210415215,-0.3535844915649957,43.711341857910156,0.024183642123858186,0.10569420043482548,0
303840,422,0.05003401692841046,-0.34239591867145563,33.717674255371094,0.023796461402768424,0.10307318224157724,0
304560,423,0.05003321024109699,-0.3352796828167306,32.819122314453125,0.023040170191476743,0.09517918086041594,0
305280,424,0.050032422683800606,-0.33423527493658994,36.39252471923828,0.022507098974407804,0.09546968821022246,0
306000,425,0.05003165380286653,-0.3374428153451946,32.76383972167969,0.02115378530611957,0.09426549786132657,1
306720,426,0.05003090315539809,-0.33972416364898284,35.041236877441406,0.02111058475452915,0.09288600041117105,0
307440,427,0.05003017030900159,-0.3413648928826054,34.36098861694336,0.02094533377433739,0.09655746515685072,0
308160,428,0.05002945484153723,-0.33415485663960376,38.277156829833984,0.021086442015560654,0.09586240555056268,0
308880,429,0.05002875634087598,-0.331785298532082,29.69038200378418,0.020565731453178967,0.09261588940086464,93
309600,430,0.05002807440466214,-0.33207048662006855,33.629371643066406,0.02186609423176075,0.09735494228338616,10
310320,431,0.050027408640081615,-0.33247182491338917,38.40931701660156,0.021594412774073944,0.09498373795973344,4
311040,432,0.050026758663635575,-0.3298750661106573,28.372032165527344,0.019646123597340193,0.09002233591292881,121
311760,433,0.05002612410091963,-0.3314442233906852,28.265676498413086,0.019355119553155317,0.0912484877044335,20
312480,434,0.05002550458640811,-0.3249593443961607,25.600858688354492,0.01711931390099279,0.08845198690736046,1
313200,435,0.05002489976324352,-0.33158048861142664,24.899599075317383,0.01957452633052728,0.09025522060433609,26
313920,436,0.05002430928303101,-0.340053051420384,25.261316299438477,0.01996120236548854,0.0901670568726129,0
314640,437,0.050023732805637634,-0.34021027802179254,24.5730037689209,0.017640865609023927,0.08557031822597815,0
315360,438,0.05002316999899648,-0.3469002035136024,21.870622634887695,0.0179894245236129,0.08423321456131008,11
316080,439,0.050022620538915374,-0.34363340048326385,22.65094757080078,0.017259325455880672,0.08663828271544642,1
316800,440,0.0500220841088901,-0.3334027033713129,24.651208877563477,0.017514011373633467,0.08476320604224585,0
317520,441,0.050021560399922144,-0.34514878483282196,23.535808563232422,0.017279270158906002,0.08420041433225076,25
318240,442,0.05002104911034065,-0.35211159042600126,24.907764434814453,0.018286601773838305,0.0886932665663254,38
318960,443,0.0500205499456287,-0.3429837499434749,27.5969181060791,0.017929275254654285,0.08459965731017291,0
319680,444,0.0500200626182536,-0.33605468502889074,26.08659553527832,0.017783489792782346,0.08519198891396323,0
320400,445,0.05001958684750132,-0.3347544876444671,25.449010848999023,0.01705378033916026,0.0842491378955957,0
321120,446,0.050019122359314744,-0.34306552066571183,24.205978393554688,0.017089135801102707,0.08532705068484776,47
321840,447,0.05001866888613584,-0.34722178040279283,24.268932342529297,0.01802436321983502,0.08575565472710878,11
322560,448,0.05001822616675152,-0.33728114583839974,24.134567260742188,0.017091272068986047,0.08170140677442153,0
323280,449,0.050017793946143176,-0.34375279994888436,23.593772888183594,0.016970471046806778,0.08351734093286925,0
324000,450,0.05001737197533978,-0.34238007463928727,22.918611526489258,0.018196429644659576,0.08265220004703022,0
324720,451,0.050016960011274494,-0.3440220995081796,22.441957473754883,0.019405387700438346,0.08763999258581963,0
325440,452,0.05001655781664462,-0.3438618832578262,22.58998680114746,0.019069220244354153,0.08544107175483885,0
326160,453,0.05001616515977494,-0.3496008661679096,23.777379989624023,0.01892114923733364,0.0863663773647406,0
326880,454,0.050015781814484225,-0.35173715777281256,21.768064498901367,0.01827702793105143,0.08543956078226782,1
327600,455,0.050015407559955,-0.3574531715777185,23.69629669189453,0.01846665834390377,0.08732728517045163,0
328320,456,0.0500150421806063,-0.35051799317200977,23.085281372070312,0.018904040356412428,0.08596198071415226,2
329040,457,0.05001468546596953,-0.3365099199944072,21.959753036499023,0.019113881536759435,0.0859863587241206,0
329760,458,0.05001433721056719,-0.33266458842489455,22.740625381469727,0.019596928719288878,0.08890020638290379,0
330480,459,0.050013997213794535,-0.3287639588945442,29.579954147338867,0.01911266071288588,0.08502958203769392,0
331200,460,0.05001366527980403,-0.34247302543371916,24.821561813354492,0.020346378130489028,0.0906745911653464,7
331920,461,0.050013341217392523,-0.3360831366231044,32.4252815246582,0.022033834865336152,0.09207024672586057,0
332640,462,0.05001302483989109,-0.3287213314945499,30.62123680114746,0.021142276196042076,0.08893197239894006,0
333360,463,0.05001271596505756,-0.33515201680776147,30.55095863342285,0.020762506155006123,0.09227825783762253,0
334080,464,0.05001241441497148,-0.3427639730067717,33.32429122924805,0.020963156224105557,0.09155847607697877,0
334800,465,0.05001212001593166,-0.33964271371563276,34.558738708496094,0.021391869490778644,0.09184272528056883,0
335520,466,0.050011832598356114,-0.3471749838027689,42.504417419433594,0.01987792355390007,0.09212532128828267,0
336240,467,0.05001155199668438,-0.34415402565565373,43.948097229003906,0.01977671711437223,0.08861925693797983,0
336960,468,0.05001127804928213,-0.34772414397448304,43.087158203125,0.019562492213056733,0.08888126988636537,1
337680,469,0.05001101059834809,-0.3477547726697392,39.278621673583984,0.0211750012382658,0.09302899789116863,0
338400,470,0.05001074948982313,-0.34222180837144456,40.760948181152344,0.020357831983387264,0.09161836541154318,0
339120,471,0.050010494573301506,-0.3499119353377157,44.356483459472656,0.023411575239475093,0.09944123445699612,22
339840,472,0.05001024570194427,-0.3446566119376156,45.461666107177734,0.022333294603999496,0.09540433784325918,0
340560,473,0.05001000273239462,-0.34573298307756584,42.21809005737305,0.021703613592479895,0.09641112725560864,0
341280,474,0.0500097655246954,-0.3422704537295633,41.08141326904297,0.021922916077245544,0.09506590388094385,0
342000,475,0.05000953394220841,-0.33360189147707486,46.64165496826172,0.020506944766222862,0.09023539662464625,0
342720,476,0.050009307851535734,-0.3452077944038643,45.99308776855469,0.02208125681871833,0.09710603433971604,5
343440,477,0.05000908712244288,-0.3465503830462694,49.744319915771484,0.020975903823273256,0.0952410225601246,0
344160,478,0.05000887162778381,-0.340890933221413,45.731170654296875,0.02018014378489978,0.09365348806346042,0
344880,479,0.05000866124342762,-0.3417924961903029,48.25687789916992,0.021379936025995347,0.09378765788601919,0
345600,480,0.05000845584818712,-0.3448166154531969,50.210052490234375,0.020584740546150393,0.09396167944909797,0
346320,481,0.05000825532374897,-0.350283541633851,51.14126205444336,0.020374053863957266,0.09516852891796992,0
347040,482,0.05000805955460554,-0.3491803904995322,49.69232177734375,0.02211812442482268,0.09790743608286398,57
347760,483,0.050007868427988406,-0.3372346300838722,43.35466003417969,0.02047149908790339,0.0925469334780549,0
348480,484,0.05000768183380334,-0.3357832600466079,46.968528747558594,0.021508072226748078,0.09625102321410345,0
349200,485,0.05000749966456693,-0.34399317974845567,41.71363067626953,0.020841714974085334,0.09600249455413884,0
349920,486,0.050007321815344674,-0.3418334085080359,41.29230499267578,0.02039276832430106,0.09498780464184367,0
350640,487,0.050007148183690495,-0.33644529725942346,39.567710876464844,0.02070035598185819,0.09528740912210196,0
351360,488,0.050006978669587754,-0.3485752839181158,40.6520881652832,0.020799576927836624,0.09534351799585339,0
352080,489,0.05000681317539165,-0.3466342296037409,40.531551361083984,0.020015560406480087,0.0942267581484177,12
352800,490,0.05000665160577294,-0.3570201313537028,38.79304885864258,0.019278204159895215,0.09560097938972628,0
353520,491,0.050006493867663065,-0.36734361872076987,41.90767288208008,0.019399780125402482,0.09474552213473039,63
354240,492,0.050006339870200506,-0.3737382931634784,38.37333679199219,0.021361698752379095,0.0970315256026677,1
354960,493,0.050006189524678474,-0.3674300340521667,39.47915267944336,0.0209349777606096,0.0961080560590037,0
355680,494,0.050006042744493794,-0.3514682466371192,33.69856643676758,0.020217299602194948,0.09304364825754116,1
356400,495,0.05000589944509701,-0.35130424650592934,34.546688079833984,0.02054936231935345,0.09312292038618276,0
357120,496,0.050005759543943706,-0.3500400262367394,39.37833023071289,0.02019226459960919,0.08979466422978374,0
357840,497,0.050005622960446965,-0.3556276606602801,39.928462982177734,0.021735202736454084,0.09330131993887739,0
358560,498,0.050005489615930904,-0.3522944173051251,44.29462432861328,0.021424209815288326,0.09345198375328133,1
359280,499,0.0500053594335854,-0.36787753003752893,39.56673812866211,0.021905139480238884,0.09669382561826044,12
360000,500,0.05000523233842183,-0.3689657642402583,46.77143478393555,0.022424114769576894,0.09821703042058895,0
360720,501,0.05000510825722985,-0.36657349111305343,44.5372428894043,0.022248060266752467,0.09375347017000119,0
361440,502,0.050004987118535266,-0.3830210086165203,39.23572540283203,0.02320194734913659,0.09888128475027366,0
362160,503,0.05000486885255885,-0.38743069467859137,39.14686965942383,0.023151237364476804,0.09965406514497267,0
362880,504,0.050004753391176125,-0.38368192348215313,42.29353332519531,0.024214166244039208,0.1016954774942456,0
363600,505,0.05000464066787814,-0.37503408336391053,46.14073944091797,0.023761520051630215,0.09869063063007262,0
364320,506,0.05000453061773316,-0.3774801836659511,45.169151306152344,0.024388013579300604,0.09872129070572555,1
365040,507,0.05000442317734926,-0.36674792371276355,44.16044616699219,0.023978115216434365,0.09790987913341571,0
365760,508,0.050004318284837805,-0.3571410092835625,45.427818298339844,0.0223976921789775,0.09622962356596772,0
366480,509,0.05000421587977782,-0.3692894958580534,49.94802474975586,0.02392888026645071,0.0976741480253016,0
367200,510,0.050004115903181136,-0.3677036770309011,49.746761322021484,0.023433305211559247,0.09800464205133418,0
367920,511,0.05000401829745849,-0.37199274038689006,53.20793151855469,0.02348573930018271,0.09757762442394677,0
368640,512,0.05000392300638628,-0.37928150525937476,49.13923645019531,0.024390072813386926,0.09964801327894546,0
369360,513,0.050003829975074215,-0.3693348651751876,53.384822845458984,0.025495539962301136,0.10294241233884047,0
370080,514,0.05000373914993369,-0.3684433893404073,54.88578414916992,0.024585026846681204,0.1017624428237064,0
370800,515,0.050003650478646904,-0.36673260685056447,56.94679260253906,0.025774174833107583,0.10229838580772695,0
371520,516,0.050003563910136745,-0.3532272516025437,58.058448791503906,0.02310728227522405,0.09483971449080855,0
372240,517,0.050003479394537365,-0.3750494621280167,51.47325897216797,0.024295408066569102,0.09874854128445602,0
372960,518,0.05000339688316544,-0.3722915147534675,51.81829833984375,0.02541509784463819,0.10082464425100221,0
373680,519,0.050003316328492135,-0.3698278796341684,48.502540588378906,0.024453980460303785,0.09969566724159651,44
374400,520,0.050003237684115735,-0.3701576130050752,47.36263656616211,0.0234518393866084,0.09944471794749714,7
375120,521,0.0500031609047349,-0.3730208680240644,44.95442199707031,0.022905417294694214,0.09850875900333954,1
375840,522,0.05000308594612259,-0.36515836887475517,47.47024154663086,0.023597848647558647,0.09532118052658108,0
376560,523,0.05000301276510057,-0.3733827475044462,46.05631637573242,0.023045626184062307,0.0938693225590719,56
377280,524,0.05000294131951454,-0.35279518196152315,42.12028121948242,0.021771498337653208,0.09311730773188173,1
378000,525,0.05000287156820988,-0.36018538551612034,47.3004035949707,0.02095575504596733,0.0932089602160785,9
378720,526,0.050002803471007905,-0.36755152421279086,43.7532958984375,0.021722331380523326,0.09571157942215601,8
379440,527,0.05000273698868274,-0.35329417188962303,48.36442565917969,0.02148300730202916,0.09272037780998896,4
380160,528,0.05000267208293872,-0.409067010672556,405.5675048828125,0.025533875873467574,0.11449793773030656,4
380880,529,0.05000260871638836,-0.4507864161498017,403.8763122558594,0.028080423466033406,0.12532726026450594,85
381600,530,0.05000254685253077,-0.4491627948358655,359.2830505371094,0.026110596424324388,0.12177218692377209,51
382320,531,0.05000248645573065,-0.44869890494479076,522.597412109375,0.026086959882619946,0.12046139582267237,4
383040,532,0.05000242749119778,-0.45759325203382306,502.4142150878906,0.02973057672918205,0.12267789678751595,3
383760,533,0.050002369924966955,-0.47574098464101555,467.6412658691406,0.027041803235220464,0.12636749229859562,0
384480,534,0.050002313723878436,-0.43722172079400884,458.81390380859375,0.026068762928156908,0.11680396425072104,0
385200,535,0.05000225885555885,-0.45411508689737984,470.8447570800781,0.028215401714906975,0.12107132477427109,1
385920,536,0.05000220528840251,-0.44904259072823655,439.9070739746094,0.0248244924448146,0.11879084939395802,0
386640,537,0.050002152991553264,-0.47658145603620344,466.7611389160156,0.02943287626047903,0.13437320031743083,156
387360,538,0.05000210193488668,-0.6266002234071493,484.62237548828125,0.03509200414668562,0.19519121620493632,0
388080,539,0.05000205208899271,-0.6319122814883789,481.7708435058594,0.03574275982650255,0.1951801263106366,43
388800,540,0.05000200342515873,-0.6822255287733343,494.42694091796875,0.03678735257174897,0.20118982162223095,4
389520,541,0.05000195591535304,-0.6487606989426745,505.7879943847656,0.03189075117972809,0.19073425895637935,0
390240,542,0.05000190953220867,-0.6812417187831468,500.97003173828125,0.034894426675681545,0.19606347910335495,0
390960,543,0.05000186424900765,-0.6949168192843597,511.6009826660156,0.033859117948385475,0.1920742768406247,0
391680,544,0.05000182003966559,-0.7054778298363089,523.2586059570312,0.03964187869310586,0.20255154739651415,3
392400,545,0.050001776878716715,-0.6735890227680404,530.449462890625,0.033120703687665,0.19313290076744224,0
393120,546,0.0500017347412991,-0.7278365519932575,532.3748779296875,0.0364023031880303,0.19951596660539508,2
393840,547,0.05000169360314044,-0.7294735597446561,528.1107788085938,0.034248993178092255,0.20700160368449158,46
394560,548,0.05000165344054401,-0.7511494631154669,539.9970092773438,0.03770359868584718,0.20054464215257514,4
395280,549,0.05000161423037505,-0.7258399290550086,540.9910278320312,0.030012927463717965,0.20039589824154974,0
396000,550,0.05000157595004742,-0.7380749588418338,558.0755004882812,0.03626402635450682,0.2038965118583292,0
396720,551,0.05000153857751059,-0.6879401785218053,537.7811279296875,0.033761001382501696,0.19943128160407975,0
397440,552,0.050001502091236945,-0.6032624860190683,249.95297241210938,0.032595240969223796,0.1863663664734405,1
398160,553,0.05000146647020938,-0.602118546412223,260.8260498046875,0.03249269545421056,0.1781915694475174,45
398880,554,0.05000143169390921,-0.6099076916153232,267.62664794921875,0.03393885042977571,0.18407021166446308,0
399600,555,0.050001397742304304,-0.6057991079986096,263.77618408203125,0.031815940753828424,0.18562657095284926,62
400320,556,0.050001364595837615,-0.5995429690306385,277.20733642578125,0.0336265879207834,0.17910952639455596,12
401040,557,0.05000133223541586,-0.6190828319638968,275.4691467285156,0.030674662761804132,0.17955979231434563,152
401760,558,0.050001300642398536,-0.6188908567031225,283.6928405761719,0.03026371187232952,0.1774139578298976,0
402480,559,0.0500012697985872,-0.6414113043497006,283.2781677246094,0.034029665751020524,0.19006820424563356,4
403200,560,0.05000123968621495,-0.6391253876189391,283.01361083984375,0.035454350219839,0.18719769157469274,0
403920,561,0.05000121028793624,-0.39967468885911833,263.52288818359375,0.029306867165885504,0.12015039474548152,2
404640,562,0.050001181586816844,-0.3939219320399894,166.9023895263672,0.028009597732064625,0.1165889229832424,0
405360,563,0.050001153566324126,-0.3931462409802609,159.855224609375,0.02810864778811164,0.11877695406373176,47
406080,564,0.0500011262103175,-0.394790379020075,153.46421813964844,0.02827919043160768,0.11771437674760818,1
406800,565,0.05000109950303916,-0.38942151067571507,158.78982543945312,0.027465730007194603,0.11931161859797107,21
407520,566,0.05000107342910497,-0.39058823802818854,148.2639617919922,0.027026474440450934,0.1173539386027389,1
408240,567,0.05000104797349562,-0.38911424916651516,146.5131072998047,0.026626742318492488,0.11869755976109041,0
408960,568,0.05000102312154797,-0.4016838749870658,145.27284240722656,0.02783936579928397,0.11985059613879356,0
409680,569,0.050000998858946634,-0.38603656145019666,145.8572540283203,0.027225684652027363,0.1171192889722685,0
410400,570,0.05000097517171566,-0.38250322954522237,139.69131469726562,0.027833632240071893,0.11696193668370446,0
411120,571,0.05000095204621056,-0.3850706448364589,136.9829864501953,0.027894431050420585,0.11892101222183556,1
411840,572,0.0500009294691104,-0.3869443891983893,133.81668090820312,0.026822250911370953,0.1198528246436682,32
412560,573,0.050000907427410146,-0.3891109480833014,140.77810668945312,0.025639496687896706,0.1167888575932011,0
413280,574,0.050000885908413166,-0.39409672742088636,146.06179809570312,0.027813124827581408,0.1209222117982184,85
414000,575,0.050000864899723926,-0.40540781863447695,137.80030822753906,0.027060518758985887,0.11841830256291562,0
414720,576,0.050000844389240844,-0.3906837212749653,140.13693237304688,0.026705890909134826,0.11344853768176917,0
415440,577,0.05000082436514931,-0.40110016042987506,134.86404418945312,0.02423297406397372,0.11633274263133192,0
416160,578,0.050000804815914894,-0.3837289279119836,143.2642822265625,0.023749457845406143,0.11066836619284004,0
416880,579,0.0500007857302767,-0.40760006656249365,143.02438354492188,0.02475934584427806,0.11456379597075284,0
417600,580,0.05000076709724086,-0.3980467904566063,140.13931274414062,0.02597880694277895,0.11596998820443534,7
418320,581,0.05000074890607425,-0.3952806935956081,140.78492736816406,0.027545802177984215,0.11744012066111383,0
419040,582,0.050000731146298244,-0.36283450712346366,135.193115234375,0.025089370879545134,0.10820422778940864,0
419760,583,0.050000713807682715,-0.34144189852393336,55.797550201416016,0.024091230341420872,0.10099582146439287,0
420480,584,0.05000069688024015,-0.3399544798872537,62.6426887512207,0.02447592747193994,0.10480504064406786,51
421200,585,0.050000680354219874,-0.3452790926521023,57.179988861083984,0.024862891028492918,0.10395323784194059,0
421920,586,0.050000664220102436,-0.3494495418750577,62.3516960144043,0.02298901283955072,0.10208713258099225,72
422640,587,0.050000648468594144,-0.35837691949887407,63.271846771240234,0.0234548718003983,0.10071405608258728,0
423360,588,0.050000633090621686,-0.3643258528163036,56.26055145263672,0.023011309302334363,0.101898365185803,0
424080,589,0.05000061807732693,-0.359763745073643,51.0097541809082,0.023155522488781975,0.10079084898138212,2
424800,590,0.05000060342006181,-0.3634021820500493,52.260581970214844,0.02384093390816512,0.10181237062335842,1
425520,591,0.050000589110383326,-0.3648342582707604,55.93916320800781,0.0239376903991797,0.10129687963829687,0
426240,592,0.050000575140048714,-0.37231417826066415,53.58548355102539,0.024572547351837986,0.10329869370907545,0
426960,593,0.05000056150101067,-0.3745431922583116,60.97514343261719,0.02405807790087743,0.10476422699737466,0
427680,594,0.05000054818541273,-0.37656804147279926,59.52483367919922,0.023629924693927426,0.10163876481561197,0
428400,595,0.05000053518558475,-0.37139488452424607,64.46729278564453,0.0264533466783986,0.10423894668929279,0
429120,596,0.050000522494038455,-0.36875972994085815,65.8487548828125,0.027646259488473234,0.10768239919820594,0
429840,597,0.05000051010346318,-0.38134658257994386,68.37188720703125,0.02509802532780062,0.10676300808942567,0
430560,598,0.0500004980067216,-0.3772367517153422,66.94998931884766,0.027540844817607043,0.10776554631431484,4
431280,599,0.05000048619684566,-0.37767862441639105,70.87622833251953,0.027585070632954335,0.11525816385530763,121
432000,600,0.05000047466703255,-0.39612947625832423,70.90886688232422,0.03267809598748701,0.14022029264467872,0
432720,601,0.05000046341064077,-0.4183852608005206,70.24480438232422,0.0323220770472997,0.15147652621639685,30
433440,602,0.05000045242118634,-0.4153953369706869,69.53115844726562,0.032781782281300464,0.15491287162682663,0
434160,603,0.05000044169233901,-0.4342355540022254,80.94403839111328,0.033430562819962185,0.15479075113932292,0
434880,604,0.05000043121791868,-0.42692883575542107,78.99173736572266,0.03158881962105321,0.14926058860081765,0
435600,605,0.0500004209918918,-0.43827567810399665,79.59380340576172,0.031081669234360256,0.15384915104756752,0
436320,606,0.05000041100836789,-0.4403880028468039,70.32749938964844,0.031621999067526003,0.15146544275080992,0
437040,607,0.05000040126159616,-0.4387192963105109,74.7801513671875,0.03064582409553825,0.15314646043762978,0
437760,608,0.05000039174596221,-0.44723932105633946,65.537353515625,0.03211041265005608,0.15604042303231028,0
438480,609,0.05000038245598476,-0.4379636965692043,83.29967498779297,0.02995794358220236,0.15566800574047698,0
439200,610,0.05000037338631253,-0.42954819488028684,82.2213134765625,0.029638285584062233,0.15222960073604352,0
439920,611,0.050000364531721145,-0.45311653568512866,77.91789245605469,0.030827591765167504,0.1501186991006964,0
440640,612,0.050000355887110104,-0.4448618451754252,76.62538146972656,0.031619751114986785,0.15578288883488212,0
441360,613,0.050000347447499885,-0.4507477823851837,74.26911163330078,0.031534497006214225,0.15897962608788577,0
442080,614,0.05000033920802903,-0.46252359725120995,70.73462677001953,0.030086640067747795,0.15534110555114847,0
442800,615,0.050000331163951375,-0.44688549453599585,68.46327209472656,0.02838244419641948,0.1449661310037805,2
443520,616,0.05000032331063332,-0.4339117549566759,65.8056869506836,0.027946322212099202,0.14791980575149258,0
444240,617,0.05000031564355112,-0.4398235470470455,70.28439331054688,0.027301170030841603,0.14324001653326882,14
444960,618,0.050000308158288334,-0.43783760230160423,66.20198822021484,0.026689580102942676,0.14859303989602873,0
445680,619,0.050000300850533246,-0.43192724415825473,63.21636199951172,0.025726433639970816,0.148904409363038,0
446400,620,0.05000029371607638,-0.4405238250477446,59.7450065612793,0.027061170296575357,0.14849879501594437,0
447120,621,0.050000286750808094,-0.4216268165037036,62.73166275024414,0.025114338299802814,0.1394924445129517,0
447840,622,0.05000027995071621,-0.4104020630940795,68.80882263183594,0.026269141477759047,0.13694096551690665,2
448560,623,0.05000027331188367,-0.3880341889129745,42.97218704223633,0.023190870346378588,0.11703801196482447,0
449280,624,0.050000266830486334,-0.3844311368548208,43.00151443481445,0.021257939644500665,0.11132138863516351,0
450000,625,0.05000026050279073,-0.37325670143796336,40.479190826416016,0.020577931732178614,0.09464871071848191,0
450720,626,0.05000025432515195,-0.36843584148834146,39.124874114990234,0.019397947086933223,0.09064155405956424,8
451440,627,0.05000024829401148,-0.3743910549001561,46.68287658691406,0.019526801792380866,0.09314492866396903,0
452160,628,0.05000024240589522,-0.3675248444080353,37.185298919677734,0.018684710854237587,0.09056387714679456,0
452880,629,0.05000023665741147,-0.36174989762819476,38.44641876220703,0.01969015305722779,0.09207219480692098,28
453600,630,0.05000023104524892,-0.37076478335592483,41.77444076538086,0.019746908396256105,0.09278833239804954,5
454320,631,0.05000022556617483,-0.3648251140076253,35.24110794067383,0.0184253188234935,0.09148965802612818,0
455040,632,0.05000022021703309,-0.3760116386951672,38.003360748291016,0.020042565676137908,0.09535877493003177,1
455760,633,0.050000214994742456,-0.3685413897037506,40.48871612548828,0.019758977497824366,0.09405686296522617,10
456480,634,0.05000020989629473,-0.36338755105518633,44.59210968017578,0.021655780446275863,0.09468097842246707,0
457200,635,0.05000020491875308,-0.3636760065952937,47.256534576416016,0.021348293393384666,0.09417631736853056,0
457920,636,0.050000200059250294,-0.35382562795033057,45.80084228515625,0.020509880388433682,0.09226479283016589,0
458640,637,0.050000195314987166,-0.3526924806543522,43.288047790527344,0.019471662389534888,0.09073028248838252,0
459360,638,0.05000019068323087,-0.35238709415619573,41.68159103393555,0.01862444265409269,0.08884722327865247,0
460080,639,0.05000018616131339,-0.35766964683102237,43.10211944580078,0.02018298057939521,0.09144138499007871,23
460800,640,0.05000018174662997,-0.35675667733367944,48.34888458251953,0.020479923374174782,0.09269058480600102,1
461520,641,0.050000177436637636,-0.3626745308852858,46.83126449584961,0.020983445157374565,0.09308293835363454,1
462240,642,0.050000173228853716,-0.3704133153375652,43.59148406982422,0.02084027284824212,0.09550205166451634,0
462960,643,0.0500001691208544,-0.37088256004369924,47.4979133605957,0.022424680746270395,0.09691001356113702,0
463680,644,0.05000016511027337,-0.3676867195715507,43.40085983276367,0.024004254192146215,0.09803988349158317,0
464400,645,0.05000016119480043,-0.37035053455167344,42.14212417602539,0.024831186436252515,0.10132957301878681,12
465120,646,0.050000157372180144,-0.3703488433526622,44.33724594116211,0.02256614181290691,0.09656126438640059,0
465840,647,0.050000153640210585,-0.36362439644419486,45.54690933227539,0.023785996139243554,0.10099107543937862,3
466560,648,0.050000149996742044,-0.3795360796774427,49.5094108581543,0.023990243692080387,0.10294597164676007,0
467280,649,0.05000014643967576,-0.37716110112766427,46.794918060302734,0.023643269673953506,0.10122120066856345,0
468000,650,0.05000014296696279,-0.3733854702570372,43.7219123840332,0.02382550824598487,0.10277157727008064,0
468720,651,0.050000139576602744,-0.3602556871664193,41.19511795043945,0.023012921112078605,0.098545010936343,0
469440,652,0.050000136266642674,-0.3534460849646065,46.61961364746094,0.0230278002067482,0.10025797328756501,1
470160,653,0.050000133035175955,-0.366917079500854,43.18763732910156,0.023361113117183172,0.10363755646782617,58
470880,654,0.05000012988034118,-0.3578570940014389,43.943878173828125,0.02301767865202338,0.10164936766183624,0
471600,655,0.05000012680032107,-0.3736900213898884,112.4965591430664,0.024652561229918823,0.10466727728748487,0
472320,656,0.050000123793341456,-0.4277084144660168,121.84033966064453,0.028621958939280982,0.12831805682637626,0
473040,657,0.05000012085767023,-0.41919690016657113,114.59241485595703,0.025950692830277452,0.1217613466316834,3
473760,658,0.05000011799161636,-0.4190407984993524,120.73377227783203,0.02621930378760832,0.12562182948976341,0
474480,659,0.05000011519352892,-0.41810426749289037,120.41172790527344,0.02577476839554341,0.12355417088708943,1
475200,660,0.05000011246179614,-0.435666490222017,121.03829193115234,0.02632157295787086,0.126032024078692,0
475920,661,0.05000010979484447,-0.44182427341325414,118.1030044555664,0.025187026208893966,0.12406160391142798,0
476640,662,0.05000010719113766,-0.4471355575447281,118.09223937988281,0.02544594119147708,0.12699873418961133,0
477360,663,0.05000010464917591,-0.4507183185468117,121.5031509399414,0.024679670713602615,0.12717255954630674,0
478080,664,0.05000010216749498,-0.4519150583487418,129.84524536132812,0.02538733863443162,0.12819961534243904,1
478800,665,0.05000009974466535,-0.44928846889071994,124.6773910522461,0.026000122196597253,0.12746048153947212,1
479520,666,0.050000097379291404,-0.466096448753443,128.48028564453125,0.02699050538956524,0.12783790739356643,1
480240,667,0.050000095070010624,-0.4564842137818535,129.5845947265625,0.025346645130937557,0.12715837866481808,3
480960,668,0.0500000928154928,-0.4660139851686027,136.45645141601562,0.026888159625296896,0.12600980468042608,0
481680,669,0.05000009061443927,-0.475317290922006,134.25851440429688,0.02737101785314735,0.13071559963023496,35
482400,670,0.050000088465582154,-0.45506583218359287,140.32383728027344,0.026737102505608668,0.12915253716314004,0
483120,671,0.05000008636768366,-0.4717070134770539,140.5942840576172,0.027879031561800122,0.13077418622302098,1
483840,672,0.05000008431953534,-0.4510125218787127,139.3538055419922,0.027773122544426265,0.13028281789479984,0
484560,673,0.05000008231995741,-0.4441633475323518,142.26458740234375,0.02612319585961005,0.1279475034499127,0
485280,674,0.050000080367798044,-0.4509398097586301,145.55868530273438,0.024811044142633264,0.12137953220452699,1
486000,675,0.05000007846193276,-0.4633306499156687,149.5725860595703,0.026833051370825464,0.13204229129478334,1
486720,676,0.05000007660126371,-0.4442604515494572,149.53561401367188,0.024869214827130136,0.12631954156224512,0
487440,677,0.050000074784719115,-0.43260653145197364,151.5833740234375,0.02389007866149768,0.12258580159395933,0
488160,678,0.050000073011252574,-0.4203959782090452,152.89768981933594,0.02432084806447771,0.12139333948079083,94
488880,679,0.050000071279842545,-0.3478629260427422,109.29212188720703,0.02298595387546811,0.09944801798814701,5
489600,680,0.050000069589491665,-0.3596065788012412,82.18135833740234,0.022014421047222437,0.09689710272941739,87
490320,681,0.05000006793922626,-0.368380297989481,81.27925872802734,0.02338257752255433,0.10338197615928948,5
491040,682,0.050000066328095734,-0.3602952872092525,81.10173797607422,0.02156010324025475,0.0996397010749206,2
491760,683,0.05000006475517202,-0.35837390234486927,83.7986831665039,0.021864740626834748,0.09879219439398083,7
492480,684,0.05000006321954908,-0.3568789118486974,77.73323059082031,0.0203109929131137,0.09655186772449977,0
493200,685,0.05000006172034234,-0.3501000498731931,60.79179763793945,0.02067571904384143,0.09381918790750206,0
493920,686,0.05000006025668823,-0.3585230626993709,69.67333984375,0.020090670418641012,0.09219193676641832,12
494640,687,0.05000005882774364,-0.34754666810234386,68.0511474609375,0.01907136648078449,0.0922749939478106,0
495360,688,0.05000005743268545,-0.3409309836725394,67.50604248046875,0.02037396830209117,0.0932039812569403,0
496080,689,0.05000005607071008,-0.3409513767187794,65.88587188720703,0.01872961728950031,0.08949378650738961,0
496800,690,0.05000005474103299,-0.3408461814125379,62.93638229370117,0.02006987537541944,0.09131080727351623,0
497520,691,0.05000005344288824,-0.3508970687372817,66.75636291503906,0.020759365588148487,0.09536942597478629,0
498240,692,0.050000052175528074,-0.35125266317692067,65.94071197509766,0.01954663514576775,0.09255581768229604,0
498960,693,0.05000005093822246,-0.40189616007523404,383.1430969238281,0.0230601061369978,0.11125844207902749,0
499680,694,0.05000004973025867,-0.6441382414557868,610.033203125,0.04001120035245549,0.18541365182803324,0
500400,695,0.05000004855094088,-0.7061528723893894,577.106689453125,0.034840127169768996,0.18693956919790555,1
501120,696,0.05000004739958978,-0.7825550622617204,610.219482421875,0.035030271638242995,0.19352465560918466,0
501840,697,0.05000004627554215,-0.77263213182903,655.265625,0.03460777737814674,0.19368490566396052,0
502560,698,0.05000004517815051,-0.768559864598016,693.775390625,0.03537136314051976,0.19157102457506375,1
503280,699,0.050000044106782736,-0.8355400554421876,750.552734375,0.03662064265647334,0.19608143870201375,5
504000,700,0.05000004306082169,-0.8633836895848314,755.6770629882812,0.03475783055748454,0.20455687606138073,0
504720,701,0.05000004203966486,-0.8385432298398681,768.0286254882812,0.0363966888712538,0.21287898926012633,0
505440,702,0.05000004104272405,-0.8269053537398576,745.8858032226562,0.04018200447543576,0.21040191466195715,12
506160,703,0.05000004006942498,-0.8734301127907302,731.2738037109375,0.038289694298873654,0.21912709692907,0
506880,704,0.05000003911920701,-0.8439349209061927,691.4642333984375,0.03849060393145515,0.21973356713489112,2
507600,705,0.05000003819152278,-0.8254251180423631,681.9193725585938,0.03685065289319027,0.21698292485283066,0
508320,706,0.05000003728583792,-0.8341777033276028,673.4961547851562,0.03803738233723885,0.22028227956034244,0
509040,707,0.05000003640163074,-0.8064958280366328,653.861328125,0.03955436780912957,0.22435100175854233,0
509760,708,0.050000035538391906,-0.8111158628637593,661.9766845703125,0.04009805489493172,0.2188283531823092,0
510480,709,0.05000003469562416,-0.7834772071076764,648.8479614257812,0.03870448886753163,0.2210037533400787,3
511200,710,0.05000003387284206,-0.7952554190531373,637.8386840820312,0.036512210100449416,0.21455034899732306,0
511920,711,0.05000003306957165,-0.8177240645616419,623.6689453125,0.03738695069494295,0.2231758188456297,0
512640,712,0.050000032285350236,-0.7559818627105819,632.2200927734375,0.03680227305319729,0.20728714290695885,0
513360,713,0.05000003151972607,-0.7392749499736561,622.645263671875,0.03602243040643063,0.2042399544812118,0
514080,714,0.05000003077225813,-0.7765379245496459,605.2514038085938,0.035552679882837564,0.2102915943031096,0
514800,715,0.050000030042515874,-0.756516403849754,586.662109375,0.03705023147372736,0.2086728514999979,0
515520,716,0.05000002933007893,-0.6837908426920573,582.6582641601562,0.036019808070462504,0.1934882881714859,0
516240,717,0.05000002863453693,-0.41794342916044924,574.6780395507812,0.027881528796731597,0.12622043806024724,0
516960,718,0.05000002795548921,-0.4101373600256112,57.32162857055664,0.026718239302701677,0.12675317777838144,0
517680,719,0.05000002729254462,-0.4118279101947943,55.68309783935547,0.027744104736484587,0.12529216868182022,0
518400,720,0.0500000266453213,-0.4150712829497125,53.93154525756836,0.02825901460989068,0.12601238572193932,0
519120,721,0.050000026013446414,-0.41672549796187214,55.62751007080078,0.028735488631840174,0.1302983575914469,0
519840,722,0.050000025396556,-0.399275608940257,58.74038314819336,0.025664918606182457,0.12393108428093708,0
520560,723,0.0500000247942947,-0.405653813895252,60.757747650146484,0.02640648638642031,0.126859240176984,0
521280,724,0.0500000242063156,-0.39403187978184884,62.265140533447266,0.026130173295516416,0.11740575865842402,0
522000,725,0.050000023632280004,-0.3579788496096929,23.149667739868164,0.02248645775414641,0.0956202224517862,1
522720,726,0.050000023071857254,-0.35107372247924407,26.658435821533203,0.021961965437933235,0.09432277506372581,0
523440,727,0.05000002252472454,-0.3573756450166305,25.929807662963867,0.023863107520446646,0.09791158229992207,0
524160,728,0.05000002199056668,-0.35546557657006717,24.572521209716797,0.02353922205155767,0.09805577835585508,3
524880,729,0.050000021469076,-0.3543273980418841,30.813634872436523,0.02454382008484875,0.0991702340129349,0
525600,730,0.0500000209599521,-0.3592987422934837,31.29552459716797,0.024340320582753823,0.09789518955318878,0
526320,731,0.050000020462901716,-0.3617225212355455,30.669591903686523,0.02580946324839412,0.10075119354813877,42
527040,732,0.050000019977638525,-0.3625854918733239,34.89210510253906,0.02516345967936407,0.10145375208877441,0
527760,733,0.050000019503883004,-0.36434372740073334,30.41645050048828,0.025599805559452054,0.10194330596520255,0
528480,734,0.05000001904136226,-0.3533252085869511,34.29926300048828,0.024522289621300944,0.09890458696884,1
529200,735,0.050000018589809875,-0.3527578921367725,35.17293167114258,0.02372045783769055,0.09703962439412459,0
529920,736,0.05000001814896573,-0.3614362298200528,35.77885437011719,0.024709617672488093,0.10208015193800546,0
530640,737,0.05000001771857589,-0.35498690102249386,35.39615249633789,0.024755525545656888,0.09891741770940522,0
531360,738,0.050000017298392437,-0.34726448771026397,33.48933792114258,0.023417755833522985,0.10206111210087936,1
532080,739,0.050000016888173335,-0.3554068790541755,33.61177062988281,0.024141268906694473,0.09880288547267102,3
532800,740,0.05000001648768229,-0.3585484590795305,35.06184005737305,0.023304296865373747,0.09671362983062863,2
533520,741,0.05000001609668861,-0.36029393393546344,34.1812629699707,0.02463699519915584,0.09711876990687517,0
534240,742,0.05000001571496706,-0.36141195775320134,33.51395034790039,0.02428696324932389,0.10074077765716033,28
534960,743,0.050000015342297775,-0.36436531013912626,34.43145751953125,0.023812600430392194,0.09890360165283912,0
535680,744,0.05000001497846607,-0.3615490258774824,35.42620086669922,0.022856918451402128,0.09801804006824064,0
536400,745,0.05000001462326238,-0.3768905669864681,34.350067138671875,0.021751125705810004,0.09997743498275263,0
537120,746,0.05000001427648209,-0.3915718563935823,34.037471771240234,0.02390475296997465,0.09919795689897405,0
537840,747,0.05000001393792545,-0.38897381851242646,35.124794006347656,0.02426442381644544,0.09771444610992654,0
538560,748,0.05000001360739744,-0.3899005740053124,35.37112808227539,0.022668287064071695,0.09528136660034457,0
539280,749,0.05000001328470767,-0.3801506383551492,30.100088119506836,0.020921527391247866,0.09084788506281459,0
540000,750,0.05000001296967026,-0.37624936590178143,31.3304500579834,0.020542933381835205,0.08998137531129437,0
540720,751,0.05000001266210373,-0.38759004475755826,30.40053939819336,0.02065625484748226,0.09253864172173457,0
541440,752,0.05000001236183093,-0.3859485424020224,32.180137634277344,0.020513731864856607,0.09271885869610641,0
542160,753,0.05000001206867888,-0.3887167415064242,31.49051284790039,0.018620397242840328,0.08878722419289665,0
542880,754,0.050000011782478725,-0.3912354076074229,30.08013916015625,0.020748397149954044,0.08994096656743851,1
543600,755,0.05000001150306561,-0.38407144035316176,31.730716705322266,0.019999372600836472,0.090164974052459,0
544320,756,0.05000001123027857,-0.37740751730485095,36.23878479003906,0.02022091678680024,0.09287341098921995,0
545040,757,0.050000010963960485,-0.37402897727572254,37.8546142578125,0.020059122418105188,0.0936200984624318,0
545760,758,0.050000010703957945,-0.3698297772349583,37.37099838256836,0.022492230949703502,0.09313598821560541,1
546480,759,0.05000001045012118,-0.3807225691775481,40.86705017089844,0.021445132672023547,0.09448686175100092,0
547200,760,0.05000001020230397,-0.38609854941152866,43.367401123046875,0.020726707163945927,0.09297801623534825,0
547920,761,0.05000000996036357,-0.3733342153744565,46.02207565307617,0.0201316853883327,0.09165581351715243,5
548640,762,0.05000000972416062,-0.3891782929086023,46.64044952392578,0.0226730590713689,0.0962518184678629,1
549360,763,0.05000000949355905,-0.4044088192698028,61.48841857910156,0.02401599505683407,0.10425139765979516,0
550080,764,0.050000009268426036,-0.3961350151648124,58.75105667114258,0.02365463324709304,0.10414889285133945,0
550800,765,0.050000009048631895,-0.39494582205596895,54.136802673339844,0.022036597698752304,0.09826465418510553,5
551520,766,0.050000008834050015,-0.382091316063371,54.8786735534668,0.021876116219532882,0.1013520571636036,0
552240,767,0.05000000862455679,-0.3846860342969497,49.80574417114258,0.02264967018628441,0.10123767419459505,0
552960,768,0.05000000842003154,-0.3987340661593609,59.95980453491211,0.024083300181276475,0.10354806718209551,58
553680,769,0.05000000822035647,-0.40012084243612156,61.76909637451172,0.022831651709242982,0.10344913326617744,1
554400,770,0.05000000802541655,-0.39697868641879824,63.632232666015625,0.023600362409100246,0.10360856076392035,0
555120,771,0.050000007835099496,-0.39584907266414826,61.930816650390625,0.026226202083893844,0.12825227382127197,65
555840,772,0.05000000764929567,-0.4052056469230188,66.39482879638672,0.02723465266495219,0.1432812386761523,0
556560,773,0.05000000746789805,-0.4017956799930996,58.244171142578125,0.02606159916597082,0.13768629685768652,1
557280,774,0.05000000729080215,-0.42054233486867615,71.1585922241211,0.025347374390306262,0.14083457065021826,22
558000,775,0.050000007117905955,-0.42106761448085306,66.82139587402344,0.026603318484073196,0.14294576653693286,0
558720,776,0.05000000694910987,-0.4237902791549762,65.3976821899414,0.025944952218560503,0.13992956961349895,0
559440,777,0.05000000678431666,-0.43942958261403775,68.03351593017578,0.027029275600863104,0.14165709462379003,1
560160,778,0.0500000066234314,-0.44129996583279635,69.3529281616211,0.026923738760847804,0.1403939308107106,4
560880,779,0.05000000646636143,-0.43711467047946323,70.5374984741211,0.026489542546591513,0.13840771381639771,0
561600,780,0.05000000631301626,-0.45182964236785966,70.13838195800781,0.026112012603132624,0.140156230972045,0
562320,781,0.050000006163307555,-0.4480243812832567,68.64179229736328,0.02577995518626671,0.1363324662256572,0
563040,782,0.050000006017149094,-0.4597813299132718,74.37812805175781,0.026004895562719968,0.13968360038060282,0
563760,783,0.050000005874456674,-0.4491064632932345,71.8366470336914,0.025149018151407493,0.13320673466660082,0
564480,784,0.0500000057351481,-0.44407054705338345,72.06919860839844,0.026580946483106042,0.13677747815381736,2
565200,785,0.05000000559914314,-0.4247187151056197,66.47715759277344,0.025464688956789258,0.13852704785143335,5
565920,786,0.050000005466363434,-0.4156159452473124,48.79240417480469,0.025149212737354296,0.13508179735185372,2
566640,787,0.0500000053367325,-0.41408797185868024,50.20677185058594,0.023339898940240446,0.12661460357873391,0
567360,788,0.050000005210175676,-0.4174859554817279,49.00996780395508,0.022893575374392742,0.12973283003601763,0
568080,789,0.05000000508662006,-0.4164764833326141,40.74915313720703,0.02260038732007767,0.1327428278280422,1
568800,790,0.05000000496599447,-0.4204455971303913,44.9183235168457,0.023852000650691076,0.13218836589043753,0
569520,791,0.05000000484822944,-0.4247382550396853,44.17097854614258,0.02468914291837589,0.13131858691469664,0
570240,792,0.05000000473325712,-0.41664570404423606,42.969791412353516,0.02503724855697429,0.13086975890263502,0
570960,793,0.05000000462101129,-0.4239984020797743,51.59126663208008,0.02442177196127078,0.13137458488086445,0
571680,794,0.05000000451142728,-0.4037493763698472,46.66142654418945,0.023506067683532212,0.11687117608833231,16
572400,795,0.05000000440444199,-0.38333391818321416,41.79749298095703,0.022811354701116216,0.09898148263390694,0
573120,796,0.050000004299993774,-0.38973693338533244,65.42073822021484,0.02402734635947531,0.10424585157694916,24
573840,797,0.050000004198022474,-0.41140658230417304,74.5461654663086,0.025545375660456355,0.11955062538747573,99
574560,798,0.05000000409846935,-0.4158565263160401,88.41060638427734,0.026185301577950466,0.11592308857685162,6
575280,799,0.050000004001277056,-0.4356452527352505,78.73502349853516,0.026805889126262628,0.12242189815474881,3
576000,800,0.05000000390638961,-0.43084480135391157,76.53022003173828,0.027701159736413197,0.12607360515329574,3
