<?xml version="1.0" encoding="UTF-8"?>

<!-- generated on 2025-06-24 16:57:25 by Eclipse SUMO libsumo Version 1.19.0
<configuration xmlns:xsi="http://www.w3.org/2001/XMLSchema-instance" xsi:noNamespaceSchemaLocation="http://sumo.dlr.de/xsd/libsumoConfiguration.xsd">

    <input>
        <net-file value="./nets/syc/1x1/Equal_entries_140_CT/syc_4phases.net.xml"/>
        <route-files value="./nets/syc/1x1/Equal_entries_140_CT/equal_entries_140_54_15-85-TC.rou.xml"/>
        <additional-files value="./nets/syc/1x1/Equal_entries_140_CT/1x1_outputs.add.xml"/>
    </input>

    <output>
        <fcd-output value="./nets/syc/1x1/Equal_entries_140_CT/output/fcd_output.xml"/>
        <tripinfo-output value="./nets/syc/1x1/Equal_entries_140_CT/output/tripinfo.out.xml"/>
    </output>

    <time>
        <begin value="0"/>
        <end value="1000"/>
    </time>

    <processing>
        <time-to-teleport value="-1"/>
        <waiting-time-memory value="1000"/>
        <max-depart-delay value="-1"/>
    </processing>

    <random_number>
        <seed value="0"/>
    </random_number>

</configuration>
-->

<meandata xmlns:xsi="http://www.w3.org/2001/XMLSchema-instance" xsi:noNamespaceSchemaLocation="http://sumo.dlr.de/xsd/meandata_file.xsd">
    <interval begin="0.00" end="10.00" id="1">
        <edge id="e_t" sampledSeconds="51.00" traveltime="14.52" overlapTraveltime="14.90" density="27.36" laneDensity="9.12" occupancy="4.56" waitingTime="0.00" timeLoss="3.36" speed="12.84" speedRelative="0.92" departed="6" arrived="0" entered="0" left="0" laneChangedFrom="0" laneChangedTo="0"/>
        <edge id="n_t" sampledSeconds="51.00" traveltime="14.48" overlapTraveltime="14.87" density="27.36" laneDensity="9.12" occupancy="4.56" waitingTime="0.00" timeLoss="5.30" speed="12.87" speedRelative="0.93" departed="6" arrived="0" entered="0" left="0" laneChangedFrom="0" laneChangedTo="0"/>
        <edge id="s_t" sampledSeconds="51.00" traveltime="14.59" overlapTraveltime="14.99" density="27.36" laneDensity="9.12" occupancy="4.56" waitingTime="0.00" timeLoss="4.52" speed="12.77" speedRelative="0.92" departed="6" arrived="0" entered="0" left="0" laneChangedFrom="0" laneChangedTo="0"/>
        <edge id="t_e" sampledSeconds="0.00" departed="0" arrived="0" entered="0" left="0" laneChangedFrom="0" laneChangedTo="0"/>
        <edge id="t_n" sampledSeconds="0.00" departed="0" arrived="0" entered="0" left="0" laneChangedFrom="0" laneChangedTo="0"/>
        <edge id="t_s" sampledSeconds="0.00" departed="0" arrived="0" entered="0" left="0" laneChangedFrom="0" laneChangedTo="0"/>
        <edge id="t_w" sampledSeconds="0.00" departed="0" arrived="0" entered="0" left="0" laneChangedFrom="0" laneChangedTo="0"/>
        <edge id="w_t" sampledSeconds="51.00" traveltime="14.91" overlapTraveltime="15.31" density="27.36" laneDensity="9.12" occupancy="4.56" waitingTime="0.00" timeLoss="3.28" speed="12.50" speedRelative="0.90" departed="6" arrived="0" entered="0" left="0" laneChangedFrom="0" laneChangedTo="0"/>
    </interval>
    <interval begin="10.00" end="20.00" id="1">
        <edge id="e_t" sampledSeconds="47.56" traveltime="20.18" overlapTraveltime="20.91" density="25.52" laneDensity="8.51" occupancy="4.16" waitingTime="4.00" timeLoss="13.14" speed="9.15" speedRelative="0.66" departed="0" arrived="0" entered="0" left="3" laneChangedFrom="0" laneChangedTo="0"/>
        <edge id="n_t" sampledSeconds="52.62" traveltime="21.96" overlapTraveltime="22.83" density="28.23" laneDensity="9.41" occupancy="4.58" waitingTime="5.00" timeLoss="20.24" speed="8.38" speedRelative="0.60" departed="0" arrived="0" entered="0" left="4" laneChangedFrom="0" laneChangedTo="0"/>
        <edge id="s_t" sampledSeconds="51.43" traveltime="21.30" overlapTraveltime="22.49" density="27.59" laneDensity="9.20" occupancy="4.47" waitingTime="2.00" timeLoss="17.72" speed="8.51" speedRelative="0.61" departed="0" arrived="0" entered="0" left="3" laneChangedFrom="0" laneChangedTo="0"/>
        <edge id="t_e" sampledSeconds="8.29" traveltime="18.11" overlapTraveltime="18.60" density="4.45" laneDensity="1.48" occupancy="0.65" waitingTime="0.00" timeLoss="2.38" speed="10.29" speedRelative="0.74" departed="0" arrived="0" entered="3" left="0" laneChangedFrom="0" laneChangedTo="0"/>
        <edge id="t_n" sampledSeconds="5.88" traveltime="16.43" overlapTraveltime="16.87" density="3.16" laneDensity="1.05" occupancy="0.47" waitingTime="0.00" timeLoss="1.78" speed="11.34" speedRelative="0.82" departed="0" arrived="0" entered="2" left="0" laneChangedFrom="0" laneChangedTo="0"/>
        <edge id="t_s" sampledSeconds="5.86" traveltime="18.07" overlapTraveltime="18.55" density="3.14" laneDensity="1.05" occupancy="0.46" waitingTime="0.00" timeLoss="1.83" speed="10.32" speedRelative="0.74" departed="0" arrived="0" entered="2" left="0" laneChangedFrom="0" laneChangedTo="0"/>
        <edge id="t_w" sampledSeconds="7.60" traveltime="17.00" overlapTraveltime="17.45" density="4.08" laneDensity="1.36" occupancy="0.59" waitingTime="0.00" timeLoss="1.80" speed="10.97" speedRelative="0.79" departed="0" arrived="0" entered="3" left="0" laneChangedFrom="0" laneChangedTo="0"/>
        <edge id="w_t" sampledSeconds="49.02" traveltime="20.11" overlapTraveltime="20.87" density="26.30" laneDensity="8.77" occupancy="4.29" waitingTime="3.00" timeLoss="12.99" speed="9.17" speedRelative="0.66" departed="0" arrived="0" entered="0" left="3" laneChangedFrom="0" laneChangedTo="0"/>
    </interval>
    <interval begin="20.00" end="30.00" id="1">
        <edge id="e_t" sampledSeconds="30.00" traveltime="2715.53" overlapTraveltime="2788.37" density="16.09" laneDensity="5.36" occupancy="2.68" waitingTime="27.00" timeLoss="29.80" speed="0.07" speedRelative="0.00" departed="0" arrived="0" entered="0" left="0" laneChangedFrom="0" laneChangedTo="0"/>
        <edge id="n_t" sampledSeconds="20.07" traveltime="100000.00" overlapTraveltime="6750.36" density="10.77" laneDensity="3.59" occupancy="1.79" waitingTime="20.00" timeLoss="20.02" speed="0.03" speedRelative="0.00" departed="0" arrived="0" entered="0" left="0" laneChangedFrom="0" laneChangedTo="0"/>
        <edge id="s_t" sampledSeconds="21.71" traveltime="898.80" overlapTraveltime="445.81" density="11.65" laneDensity="3.88" occupancy="1.90" waitingTime="18.00" timeLoss="20.99" speed="0.43" speedRelative="0.03" departed="0" arrived="0" entered="0" left="1" laneChangedFrom="0" laneChangedTo="0"/>
        <edge id="t_e" sampledSeconds="46.89" traveltime="14.92" overlapTraveltime="15.29" density="25.16" laneDensity="8.39" occupancy="4.13" waitingTime="0.00" timeLoss="4.44" speed="12.51" speedRelative="0.90" departed="0" arrived="1" entered="2" left="0" laneChangedFrom="0" laneChangedTo="0"/>
        <edge id="t_n" sampledSeconds="18.00" traveltime="14.15" overlapTraveltime="14.49" density="9.66" laneDensity="3.22" occupancy="1.59" waitingTime="0.00" timeLoss="1.23" speed="13.21" speedRelative="0.95" departed="0" arrived="1" entered="0" left="0" laneChangedFrom="0" laneChangedTo="0"/>
        <edge id="t_s" sampledSeconds="19.54" traveltime="14.25" overlapTraveltime="14.61" density="10.48" laneDensity="3.49" occupancy="1.73" waitingTime="0.00" timeLoss="1.54" speed="13.10" speedRelative="0.94" departed="0" arrived="1" entered="0" left="0" laneChangedFrom="0" laneChangedTo="0"/>
        <edge id="t_w" sampledSeconds="44.42" traveltime="13.94" overlapTraveltime="14.31" density="23.83" laneDensity="7.94" occupancy="3.93" waitingTime="0.00" timeLoss="4.14" speed="13.37" speedRelative="0.96" departed="0" arrived="1" entered="2" left="0" laneChangedFrom="0" laneChangedTo="0"/>
        <edge id="w_t" sampledSeconds="30.00" traveltime="1058.67" overlapTraveltime="1087.06" density="16.09" laneDensity="5.36" occupancy="2.68" waitingTime="28.00" timeLoss="29.48" speed="0.18" speedRelative="0.01" departed="0" arrived="0" entered="0" left="0" laneChangedFrom="0" laneChangedTo="0"/>
    </interval>
    <interval begin="30.00" end="40.00" id="1">
        <edge id="e_t" sampledSeconds="54.00" traveltime="28.19" overlapTraveltime="28.95" density="28.97" laneDensity="9.66" occupancy="4.83" waitingTime="30.00" timeLoss="31.00" speed="6.61" speedRelative="0.48" departed="3" arrived="0" entered="0" left="0" laneChangedFrom="0" laneChangedTo="0"/>
        <edge id="n_t" sampledSeconds="44.00" traveltime="25.50" overlapTraveltime="26.19" density="23.61" laneDensity="7.87" occupancy="3.93" waitingTime="20.00" timeLoss="20.89" speed="7.31" speedRelative="0.53" departed="3" arrived="0" entered="0" left="0" laneChangedFrom="0" laneChangedTo="0"/>
        <edge id="s_t" sampledSeconds="44.00" traveltime="24.83" overlapTraveltime="25.49" density="23.61" laneDensity="7.87" occupancy="3.93" waitingTime="20.00" timeLoss="21.05" speed="7.51" speedRelative="0.54" departed="3" arrived="0" entered="0" left="0" laneChangedFrom="0" laneChangedTo="0"/>
        <edge id="t_e" sampledSeconds="23.68" traveltime="15.58" overlapTraveltime="15.91" density="12.70" laneDensity="4.23" occupancy="2.05" waitingTime="0.00" timeLoss="2.91" speed="12.03" speedRelative="0.87" departed="0" arrived="4" entered="0" left="0" laneChangedFrom="0" laneChangedTo="0"/>
        <edge id="t_n" sampledSeconds="6.76" traveltime="16.35" overlapTraveltime="16.79" density="3.63" laneDensity="1.21" occupancy="0.58" waitingTime="0.00" timeLoss="0.49" speed="11.40" speedRelative="0.82" departed="0" arrived="1" entered="0" left="0" laneChangedFrom="0" laneChangedTo="0"/>
        <edge id="t_s" sampledSeconds="5.00" traveltime="14.73" overlapTraveltime="15.11" density="2.68" laneDensity="0.89" occupancy="0.44" waitingTime="0.00" timeLoss="0.14" speed="12.67" speedRelative="0.91" departed="0" arrived="1" entered="0" left="0" laneChangedFrom="0" laneChangedTo="0"/>
        <edge id="t_w" sampledSeconds="19.37" traveltime="13.31" overlapTraveltime="13.70" density="10.39" laneDensity="3.46" occupancy="1.68" waitingTime="0.00" timeLoss="1.85" speed="13.97" speedRelative="1.01" departed="0" arrived="4" entered="0" left="0" laneChangedFrom="0" laneChangedTo="0"/>
        <edge id="w_t" sampledSeconds="54.00" traveltime="31.88" overlapTraveltime="32.74" density="28.97" laneDensity="9.66" occupancy="4.83" waitingTime="30.00" timeLoss="31.15" speed="5.85" speedRelative="0.42" departed="3" arrived="0" entered="0" left="0" laneChangedFrom="0" laneChangedTo="0"/>
    </interval>
    <interval begin="40.00" end="50.00" id="1">
        <edge id="e_t" sampledSeconds="56.77" traveltime="64.30" overlapTraveltime="64.93" density="30.46" laneDensity="10.15" occupancy="5.04" waitingTime="37.00" timeLoss="45.37" speed="2.95" speedRelative="0.21" departed="0" arrived="0" entered="0" left="1" laneChangedFrom="0" laneChangedTo="0"/>
        <edge id="n_t" sampledSeconds="42.86" traveltime="37.51" overlapTraveltime="37.92" density="22.99" laneDensity="7.66" occupancy="3.77" waitingTime="23.00" timeLoss="26.61" speed="5.05" speedRelative="0.36" departed="0" arrived="0" entered="0" left="2" laneChangedFrom="0" laneChangedTo="0"/>
        <edge id="s_t" sampledSeconds="43.28" traveltime="39.45" overlapTraveltime="39.91" density="23.22" laneDensity="7.74" occupancy="3.80" waitingTime="23.00" timeLoss="28.22" speed="4.80" speedRelative="0.35" departed="0" arrived="0" entered="0" left="2" laneChangedFrom="0" laneChangedTo="0"/>
        <edge id="t_e" sampledSeconds="4.05" traveltime="19.71" overlapTraveltime="20.24" density="2.17" laneDensity="0.72" occupancy="0.31" waitingTime="0.00" timeLoss="1.38" speed="9.46" speedRelative="0.68" departed="0" arrived="0" entered="2" left="0" laneChangedFrom="0" laneChangedTo="0"/>
        <edge id="t_n" sampledSeconds="2.56" traveltime="22.08" overlapTraveltime="22.67" density="1.37" laneDensity="0.46" occupancy="0.19" waitingTime="0.00" timeLoss="1.05" speed="8.44" speedRelative="0.61" departed="0" arrived="0" entered="1" left="0" laneChangedFrom="0" laneChangedTo="0"/>
        <edge id="t_s" sampledSeconds="2.12" traveltime="20.69" overlapTraveltime="21.24" density="1.14" laneDensity="0.38" occupancy="0.16" waitingTime="0.00" timeLoss="0.72" speed="9.01" speedRelative="0.65" departed="0" arrived="0" entered="1" left="0" laneChangedFrom="0" laneChangedTo="0"/>
        <edge id="t_w" sampledSeconds="4.43" traveltime="18.36" overlapTraveltime="18.86" density="2.38" laneDensity="0.79" occupancy="0.34" waitingTime="0.00" timeLoss="1.42" speed="10.15" speedRelative="0.73" departed="0" arrived="0" entered="2" left="0" laneChangedFrom="0" laneChangedTo="0"/>
        <edge id="w_t" sampledSeconds="57.18" traveltime="51.58" overlapTraveltime="52.45" density="30.68" laneDensity="10.23" occupancy="5.08" waitingTime="33.00" timeLoss="41.00" speed="3.65" speedRelative="0.26" departed="0" arrived="0" entered="0" left="1" laneChangedFrom="0" laneChangedTo="0"/>
    </interval>
    <interval begin="50.00" end="60.00" id="1">
        <edge id="e_t" sampledSeconds="50.00" overlapTraveltime="100000.00" density="26.82" laneDensity="8.94" occupancy="4.47" waitingTime="50.00" timeLoss="50.00" speed="0.00" speedRelative="0.00" departed="0" arrived="0" entered="0" left="0" laneChangedFrom="0" laneChangedTo="0"/>
        <edge id="n_t" sampledSeconds="30.00" traveltime="100000.00" overlapTraveltime="100000.00" density="16.09" laneDensity="5.36" occupancy="2.68" waitingTime="30.00" timeLoss="30.00" speed="0.00" speedRelative="0.00" departed="0" arrived="0" entered="0" left="0" laneChangedFrom="0" laneChangedTo="0"/>
        <edge id="s_t" sampledSeconds="30.00" traveltime="100000.00" overlapTraveltime="100000.00" density="16.09" laneDensity="5.36" occupancy="2.68" waitingTime="30.00" timeLoss="30.00" speed="0.00" speedRelative="0.00" departed="0" arrived="0" entered="0" left="0" laneChangedFrom="0" laneChangedTo="0"/>
        <edge id="t_e" sampledSeconds="20.00" traveltime="14.01" overlapTraveltime="14.38" density="10.73" laneDensity="3.58" occupancy="1.79" waitingTime="0.00" timeLoss="1.13" speed="13.31" speedRelative="0.96" departed="0" arrived="0" entered="0" left="0" laneChangedFrom="0" laneChangedTo="0"/>
        <edge id="t_n" sampledSeconds="10.00" traveltime="13.97" overlapTraveltime="14.34" density="5.36" laneDensity="1.79" occupancy="0.89" waitingTime="0.00" timeLoss="0.67" speed="13.34" speedRelative="0.96" departed="0" arrived="0" entered="0" left="0" laneChangedFrom="0" laneChangedTo="0"/>
        <edge id="t_s" sampledSeconds="10.00" traveltime="14.22" overlapTraveltime="14.61" density="5.36" laneDensity="1.79" occupancy="0.89" waitingTime="0.00" timeLoss="0.43" speed="13.11" speedRelative="0.94" departed="0" arrived="0" entered="0" left="0" laneChangedFrom="0" laneChangedTo="0"/>
        <edge id="t_w" sampledSeconds="20.00" traveltime="13.38" overlapTraveltime="13.74" density="10.73" laneDensity="3.58" occupancy="1.79" waitingTime="0.00" timeLoss="1.09" speed="13.93" speedRelative="1.00" departed="0" arrived="0" entered="0" left="0" laneChangedFrom="0" laneChangedTo="0"/>
        <edge id="w_t" sampledSeconds="50.00" traveltime="100000.00" overlapTraveltime="100000.00" density="26.82" laneDensity="8.94" occupancy="4.47" waitingTime="50.00" timeLoss="50.00" speed="0.00" speedRelative="0.00" departed="0" arrived="0" entered="0" left="0" laneChangedFrom="0" laneChangedTo="0"/>
    </interval>
    <interval begin="60.00" end="70.00" id="1">
        <edge id="e_t" sampledSeconds="74.00" traveltime="52.13" overlapTraveltime="53.53" density="39.70" laneDensity="13.23" occupancy="6.62" waitingTime="50.00" timeLoss="51.34" speed="3.58" speedRelative="0.26" departed="3" arrived="0" entered="0" left="0" laneChangedFrom="0" laneChangedTo="0"/>
        <edge id="n_t" sampledSeconds="54.00" traveltime="33.07" overlapTraveltime="33.95" density="28.97" laneDensity="9.66" occupancy="4.83" waitingTime="30.00" timeLoss="31.14" speed="5.64" speedRelative="0.41" departed="3" arrived="0" entered="0" left="0" laneChangedFrom="0" laneChangedTo="0"/>
        <edge id="s_t" sampledSeconds="54.00" traveltime="35.17" overlapTraveltime="36.11" density="28.97" laneDensity="9.66" occupancy="4.83" waitingTime="30.00" timeLoss="31.42" speed="5.30" speedRelative="0.38" departed="3" arrived="0" entered="0" left="0" laneChangedFrom="0" laneChangedTo="0"/>
        <edge id="t_e" sampledSeconds="5.75" traveltime="14.22" overlapTraveltime="14.54" density="3.08" laneDensity="1.03" occupancy="0.49" waitingTime="0.00" timeLoss="0.30" speed="13.16" speedRelative="0.95" departed="0" arrived="2" entered="0" left="0" laneChangedFrom="0" laneChangedTo="0"/>
        <edge id="t_n" sampledSeconds="2.66" traveltime="13.60" overlapTraveltime="14.00" density="1.43" laneDensity="0.48" occupancy="0.22" waitingTime="0.00" timeLoss="0.12" speed="13.67" speedRelative="0.98" departed="0" arrived="1" entered="0" left="0" laneChangedFrom="0" laneChangedTo="0"/>
        <edge id="t_s" sampledSeconds="3.00" traveltime="14.04" overlapTraveltime="14.47" density="1.61" laneDensity="0.54" occupancy="0.26" waitingTime="0.00" timeLoss="0.10" speed="13.22" speedRelative="0.95" departed="0" arrived="1" entered="0" left="0" laneChangedFrom="0" laneChangedTo="0"/>
        <edge id="t_w" sampledSeconds="4.31" traveltime="13.63" overlapTraveltime="13.93" density="2.31" laneDensity="0.77" occupancy="0.35" waitingTime="0.00" timeLoss="0.23" speed="13.74" speedRelative="0.99" departed="0" arrived="2" entered="0" left="0" laneChangedFrom="0" laneChangedTo="0"/>
        <edge id="w_t" sampledSeconds="74.00" traveltime="43.57" overlapTraveltime="44.74" density="39.70" laneDensity="13.23" occupancy="6.62" waitingTime="50.00" timeLoss="51.01" speed="4.28" speedRelative="0.31" departed="3" arrived="0" entered="0" left="0" laneChangedFrom="0" laneChangedTo="0"/>
    </interval>
    <interval begin="70.00" end="80.00" id="1">
        <edge id="e_t" sampledSeconds="69.89" traveltime="46.34" overlapTraveltime="46.94" density="37.49" laneDensity="12.50" occupancy="6.08" waitingTime="35.00" timeLoss="44.95" speed="4.08" speedRelative="0.29" departed="0" arrived="0" entered="0" left="4" laneChangedFrom="0" laneChangedTo="0"/>
        <edge id="n_t" sampledSeconds="59.02" traveltime="50.35" overlapTraveltime="51.35" density="31.66" laneDensity="10.55" occupancy="5.23" waitingTime="34.00" timeLoss="41.62" speed="3.73" speedRelative="0.27" departed="0" arrived="0" entered="0" left="1" laneChangedFrom="0" laneChangedTo="0"/>
        <edge id="s_t" sampledSeconds="56.90" traveltime="44.82" overlapTraveltime="45.74" density="30.53" laneDensity="10.18" occupancy="5.05" waitingTime="30.00" timeLoss="37.64" speed="4.18" speedRelative="0.30" departed="0" arrived="0" entered="0" left="1" laneChangedFrom="0" laneChangedTo="0"/>
        <edge id="t_e" sampledSeconds="6.75" traveltime="17.48" overlapTraveltime="17.95" density="3.62" laneDensity="1.21" occupancy="0.53" waitingTime="0.00" timeLoss="1.64" speed="10.66" speedRelative="0.77" departed="0" arrived="0" entered="3" left="0" laneChangedFrom="0" laneChangedTo="0"/>
        <edge id="t_n" sampledSeconds="0.00" departed="0" arrived="0" entered="0" left="0" laneChangedFrom="0" laneChangedTo="0"/>
        <edge id="t_s" sampledSeconds="4.58" traveltime="16.11" overlapTraveltime="16.55" density="2.46" laneDensity="0.82" occupancy="0.38" waitingTime="0.00" timeLoss="1.35" speed="11.57" speedRelative="0.83" departed="0" arrived="0" entered="1" left="0" laneChangedFrom="0" laneChangedTo="0"/>
        <edge id="t_w" sampledSeconds="3.78" traveltime="15.77" overlapTraveltime="16.19" density="2.03" laneDensity="0.68" occupancy="0.28" waitingTime="0.00" timeLoss="0.75" speed="11.82" speedRelative="0.85" departed="0" arrived="0" entered="3" left="0" laneChangedFrom="0" laneChangedTo="0"/>
        <edge id="w_t" sampledSeconds="64.11" traveltime="53.09" overlapTraveltime="52.59" density="34.39" laneDensity="11.46" occupancy="5.59" waitingTime="38.00" timeLoss="46.38" speed="3.64" speedRelative="0.26" departed="0" arrived="0" entered="0" left="4" laneChangedFrom="0" laneChangedTo="0"/>
    </interval>
    <interval begin="80.00" end="90.00" id="1">
        <edge id="e_t" sampledSeconds="40.00" traveltime="22292.24" overlapTraveltime="22890.21" density="21.46" laneDensity="7.15" occupancy="3.58" waitingTime="39.00" timeLoss="39.97" speed="0.01" speedRelative="0.00" departed="0" arrived="0" entered="0" left="0" laneChangedFrom="0" laneChangedTo="0"/>
        <edge id="n_t" sampledSeconds="48.82" traveltime="8820.31" overlapTraveltime="1556.78" density="26.19" laneDensity="8.73" occupancy="4.31" waitingTime="47.00" timeLoss="48.21" speed="0.12" speedRelative="0.01" departed="0" arrived="0" entered="0" left="1" laneChangedFrom="0" laneChangedTo="0"/>
        <edge id="s_t" sampledSeconds="48.77" traveltime="7958.70" overlapTraveltime="1527.56" density="26.17" laneDensity="8.72" occupancy="4.31" waitingTime="47.00" timeLoss="48.11" speed="0.13" speedRelative="0.01" departed="0" arrived="0" entered="0" left="1" laneChangedFrom="0" laneChangedTo="0"/>
        <edge id="t_e" sampledSeconds="39.18" traveltime="14.37" overlapTraveltime="14.75" density="21.02" laneDensity="7.01" occupancy="3.49" waitingTime="0.00" timeLoss="3.04" speed="12.98" speedRelative="0.93" departed="0" arrived="0" entered="1" left="0" laneChangedFrom="0" laneChangedTo="0"/>
        <edge id="t_n" sampledSeconds="9.28" traveltime="18.72" overlapTraveltime="19.23" density="4.98" laneDensity="1.66" occupancy="0.79" waitingTime="0.00" timeLoss="1.43" speed="9.96" speedRelative="0.72" departed="0" arrived="0" entered="1" left="0" laneChangedFrom="0" laneChangedTo="0"/>
        <edge id="t_s" sampledSeconds="8.78" traveltime="11.82" overlapTraveltime="12.14" density="4.71" laneDensity="1.57" occupancy="0.77" waitingTime="0.00" timeLoss="0.34" speed="15.77" speedRelative="1.14" departed="0" arrived="1" entered="0" left="0" laneChangedFrom="0" laneChangedTo="0"/>
        <edge id="t_w" sampledSeconds="38.97" traveltime="14.57" overlapTraveltime="14.96" density="20.91" laneDensity="6.97" occupancy="3.44" waitingTime="0.00" timeLoss="3.44" speed="12.79" speedRelative="0.92" departed="0" arrived="0" entered="1" left="0" laneChangedFrom="0" laneChangedTo="0"/>
        <edge id="w_t" sampledSeconds="40.00" traveltime="100000.00" overlapTraveltime="100000.00" density="21.46" laneDensity="7.15" occupancy="3.58" waitingTime="40.00" timeLoss="40.00" speed="0.00" speedRelative="0.00" departed="0" arrived="0" entered="0" left="0" laneChangedFrom="0" laneChangedTo="0"/>
    </interval>
    <interval begin="90.00" end="100.00" id="1">
        <edge id="e_t" sampledSeconds="64.00" traveltime="38.03" overlapTraveltime="39.05" density="34.33" laneDensity="11.44" occupancy="5.72" waitingTime="40.00" timeLoss="41.09" speed="4.90" speedRelative="0.35" departed="3" arrived="0" entered="0" left="0" laneChangedFrom="0" laneChangedTo="0"/>
        <edge id="n_t" sampledSeconds="64.00" traveltime="42.30" overlapTraveltime="43.44" density="34.33" laneDensity="11.44" occupancy="5.72" waitingTime="40.00" timeLoss="41.41" speed="4.41" speedRelative="0.32" departed="3" arrived="0" entered="0" left="0" laneChangedFrom="0" laneChangedTo="0"/>
        <edge id="s_t" sampledSeconds="64.00" traveltime="38.10" overlapTraveltime="39.12" density="34.33" laneDensity="11.44" occupancy="5.72" waitingTime="40.00" timeLoss="41.07" speed="4.89" speedRelative="0.35" departed="3" arrived="0" entered="0" left="0" laneChangedFrom="0" laneChangedTo="0"/>
        <edge id="t_e" sampledSeconds="22.50" traveltime="14.89" overlapTraveltime="15.27" density="12.07" laneDensity="4.02" occupancy="1.95" waitingTime="0.00" timeLoss="1.57" speed="12.53" speedRelative="0.90" departed="0" arrived="4" entered="1" left="0" laneChangedFrom="0" laneChangedTo="0"/>
        <edge id="t_n" sampledSeconds="8.96" traveltime="16.83" overlapTraveltime="17.31" density="4.81" laneDensity="1.60" occupancy="0.78" waitingTime="0.00" timeLoss="0.54" speed="11.06" speedRelative="0.80" departed="0" arrived="1" entered="0" left="0" laneChangedFrom="0" laneChangedTo="0"/>
        <edge id="t_s" sampledSeconds="0.00" departed="0" arrived="0" entered="0" left="0" laneChangedFrom="0" laneChangedTo="0"/>
        <edge id="t_w" sampledSeconds="25.91" traveltime="15.49" overlapTraveltime="15.82" density="13.90" laneDensity="4.63" occupancy="2.25" waitingTime="0.00" timeLoss="1.73" speed="12.10" speedRelative="0.87" departed="0" arrived="4" entered="1" left="0" laneChangedFrom="0" laneChangedTo="0"/>
        <edge id="w_t" sampledSeconds="64.00" traveltime="40.25" overlapTraveltime="41.33" density="34.33" laneDensity="11.44" occupancy="5.72" waitingTime="40.00" timeLoss="41.34" speed="4.63" speedRelative="0.33" departed="3" arrived="0" entered="0" left="0" laneChangedFrom="0" laneChangedTo="0"/>
    </interval>
    <interval begin="100.00" end="110.00" id="1">
        <edge id="e_t" sampledSeconds="67.99" traveltime="63.09" overlapTraveltime="64.03" density="36.47" laneDensity="12.16" occupancy="6.04" waitingTime="46.00" timeLoss="52.53" speed="2.99" speedRelative="0.22" departed="0" arrived="0" entered="0" left="1" laneChangedFrom="0" laneChangedTo="0"/>
        <edge id="n_t" sampledSeconds="67.83" traveltime="53.36" overlapTraveltime="53.90" density="36.39" laneDensity="12.13" occupancy="5.99" waitingTime="43.00" timeLoss="48.01" speed="3.55" speedRelative="0.26" departed="0" arrived="0" entered="0" left="2" laneChangedFrom="0" laneChangedTo="0"/>
        <edge id="s_t" sampledSeconds="67.24" traveltime="61.17" overlapTraveltime="61.34" density="36.07" laneDensity="12.02" occupancy="5.94" waitingTime="45.00" timeLoss="50.51" speed="3.12" speedRelative="0.22" departed="0" arrived="0" entered="0" left="2" laneChangedFrom="0" laneChangedTo="0"/>
        <edge id="t_e" sampledSeconds="6.99" traveltime="15.15" overlapTraveltime="15.58" density="3.75" laneDensity="1.25" occupancy="0.60" waitingTime="0.00" timeLoss="0.45" speed="12.29" speedRelative="0.88" departed="0" arrived="1" entered="1" left="0" laneChangedFrom="0" laneChangedTo="0"/>
        <edge id="t_n" sampledSeconds="1.34" traveltime="24.56" overlapTraveltime="25.22" density="0.72" laneDensity="0.24" occupancy="0.09" waitingTime="0.00" timeLoss="0.57" speed="7.59" speedRelative="0.55" departed="0" arrived="0" entered="1" left="0" laneChangedFrom="0" laneChangedTo="0"/>
        <edge id="t_s" sampledSeconds="4.83" traveltime="16.07" overlapTraveltime="16.50" density="2.59" laneDensity="0.86" occupancy="0.40" waitingTime="0.00" timeLoss="1.52" speed="11.60" speedRelative="0.84" departed="0" arrived="0" entered="1" left="0" laneChangedFrom="0" laneChangedTo="0"/>
        <edge id="t_w" sampledSeconds="8.17" traveltime="16.01" overlapTraveltime="16.40" density="4.38" laneDensity="1.46" occupancy="0.70" waitingTime="0.00" timeLoss="0.45" speed="11.67" speedRelative="0.84" departed="0" arrived="1" entered="1" left="0" laneChangedFrom="0" laneChangedTo="0"/>
        <edge id="w_t" sampledSeconds="64.65" traveltime="55.64" overlapTraveltime="56.38" density="34.68" laneDensity="11.56" occupancy="5.75" waitingTime="40.00" timeLoss="46.16" speed="3.39" speedRelative="0.24" departed="0" arrived="0" entered="0" left="1" laneChangedFrom="0" laneChangedTo="0"/>
    </interval>
    <interval begin="110.00" end="120.00" id="1">
        <edge id="e_t" sampledSeconds="60.00" overlapTraveltime="100000.00" density="32.19" laneDensity="10.73" occupancy="5.36" waitingTime="60.00" timeLoss="60.00" speed="0.00" speedRelative="0.00" departed="0" arrived="0" entered="0" left="0" laneChangedFrom="0" laneChangedTo="0"/>
        <edge id="n_t" sampledSeconds="50.00" overlapTraveltime="100000.00" density="26.82" laneDensity="8.94" occupancy="4.47" waitingTime="50.00" timeLoss="50.00" speed="0.00" speedRelative="0.00" departed="0" arrived="0" entered="0" left="0" laneChangedFrom="0" laneChangedTo="0"/>
        <edge id="s_t" sampledSeconds="50.00" overlapTraveltime="100000.00" density="26.82" laneDensity="8.94" occupancy="4.47" waitingTime="50.00" timeLoss="50.00" speed="0.00" speedRelative="0.00" departed="0" arrived="0" entered="0" left="0" laneChangedFrom="0" laneChangedTo="0"/>
        <edge id="t_e" sampledSeconds="18.79" traveltime="16.23" overlapTraveltime="16.66" density="10.08" laneDensity="3.36" occupancy="1.63" waitingTime="0.00" timeLoss="1.60" speed="11.49" speedRelative="0.83" departed="0" arrived="0" entered="1" left="0" laneChangedFrom="0" laneChangedTo="0"/>
        <edge id="t_n" sampledSeconds="10.00" traveltime="15.45" overlapTraveltime="15.87" density="5.36" laneDensity="1.79" occupancy="0.89" waitingTime="0.00" timeLoss="0.82" speed="12.06" speedRelative="0.87" departed="0" arrived="0" entered="0" left="0" laneChangedFrom="0" laneChangedTo="0"/>
        <edge id="t_s" sampledSeconds="8.44" traveltime="11.63" overlapTraveltime="11.94" density="4.53" laneDensity="1.51" occupancy="0.74" waitingTime="0.00" timeLoss="0.45" speed="16.03" speedRelative="1.15" departed="0" arrived="1" entered="0" left="0" laneChangedFrom="0" laneChangedTo="0"/>
        <edge id="t_w" sampledSeconds="19.90" traveltime="16.20" overlapTraveltime="16.63" density="10.68" laneDensity="3.56" occupancy="1.73" waitingTime="0.00" timeLoss="2.15" speed="11.51" speedRelative="0.83" departed="0" arrived="0" entered="1" left="0" laneChangedFrom="0" laneChangedTo="0"/>
        <edge id="w_t" sampledSeconds="60.00" traveltime="10633.99" overlapTraveltime="10919.24" density="32.19" laneDensity="10.73" occupancy="5.36" waitingTime="56.00" timeLoss="59.90" speed="0.02" speedRelative="0.00" departed="0" arrived="0" entered="0" left="0" laneChangedFrom="0" laneChangedTo="0"/>
    </interval>
    <interval begin="120.00" end="130.00" id="1">
        <edge id="e_t" sampledSeconds="81.00" traveltime="54.48" overlapTraveltime="55.94" density="43.45" laneDensity="14.48" occupancy="7.24" waitingTime="60.00" timeLoss="60.77" speed="3.42" speedRelative="0.25" departed="3" arrived="0" entered="0" left="0" laneChangedFrom="0" laneChangedTo="0"/>
        <edge id="n_t" sampledSeconds="71.00" traveltime="52.86" overlapTraveltime="54.28" density="38.09" laneDensity="12.70" occupancy="6.35" waitingTime="50.00" timeLoss="51.00" speed="3.53" speedRelative="0.25" departed="3" arrived="0" entered="0" left="0" laneChangedFrom="0" laneChangedTo="0"/>
        <edge id="s_t" sampledSeconds="71.00" traveltime="44.58" overlapTraveltime="45.77" density="38.09" laneDensity="12.70" occupancy="6.35" waitingTime="50.00" timeLoss="50.87" speed="4.18" speedRelative="0.30" departed="3" arrived="0" entered="0" left="0" laneChangedFrom="0" laneChangedTo="0"/>
        <edge id="t_e" sampledSeconds="14.00" traveltime="15.77" overlapTraveltime="16.17" density="7.51" laneDensity="2.50" occupancy="1.22" waitingTime="0.00" timeLoss="0.82" speed="11.83" speedRelative="0.85" departed="0" arrived="2" entered="0" left="0" laneChangedFrom="0" laneChangedTo="0"/>
        <edge id="t_n" sampledSeconds="4.85" traveltime="14.96" overlapTraveltime="15.33" density="2.60" laneDensity="0.87" occupancy="0.42" waitingTime="0.00" timeLoss="0.24" speed="12.49" speedRelative="0.90" departed="0" arrived="1" entered="0" left="0" laneChangedFrom="0" laneChangedTo="0"/>
        <edge id="t_s" sampledSeconds="0.00" departed="0" arrived="0" entered="0" left="0" laneChangedFrom="0" laneChangedTo="0"/>
        <edge id="t_w" sampledSeconds="12.30" traveltime="14.98" overlapTraveltime="15.40" density="6.60" laneDensity="2.20" occupancy="1.06" waitingTime="0.00" timeLoss="0.41" speed="12.43" speedRelative="0.89" departed="0" arrived="2" entered="0" left="0" laneChangedFrom="0" laneChangedTo="0"/>
        <edge id="w_t" sampledSeconds="81.00" traveltime="56.77" overlapTraveltime="58.30" density="43.45" laneDensity="14.48" occupancy="7.24" waitingTime="60.00" timeLoss="61.04" speed="3.28" speedRelative="0.24" departed="3" arrived="0" entered="0" left="0" laneChangedFrom="0" laneChangedTo="0"/>
    </interval>
    <interval begin="130.00" end="140.00" id="1">
        <edge id="e_t" sampledSeconds="87.67" traveltime="73.70" overlapTraveltime="74.68" density="47.03" laneDensity="15.68" occupancy="7.80" waitingTime="62.00" timeLoss="70.60" speed="2.56" speedRelative="0.18" departed="0" arrived="0" entered="0" left="1" laneChangedFrom="0" laneChangedTo="0"/>
        <edge id="n_t" sampledSeconds="77.93" traveltime="55.81" overlapTraveltime="56.29" density="41.81" laneDensity="13.94" occupancy="6.90" waitingTime="52.00" timeLoss="56.27" speed="3.40" speedRelative="0.24" departed="0" arrived="0" entered="0" left="2" laneChangedFrom="0" laneChangedTo="0"/>
        <edge id="s_t" sampledSeconds="73.68" traveltime="64.66" overlapTraveltime="64.54" density="39.53" laneDensity="13.18" occupancy="6.53" waitingTime="54.00" timeLoss="58.27" speed="2.97" speedRelative="0.21" departed="0" arrived="0" entered="0" left="2" laneChangedFrom="0" laneChangedTo="0"/>
        <edge id="t_e" sampledSeconds="1.54" traveltime="24.66" overlapTraveltime="25.32" density="0.82" laneDensity="0.27" occupancy="0.10" waitingTime="0.00" timeLoss="0.72" speed="7.56" speedRelative="0.54" departed="0" arrived="0" entered="1" left="0" laneChangedFrom="0" laneChangedTo="0"/>
        <edge id="t_n" sampledSeconds="1.67" traveltime="25.26" overlapTraveltime="25.94" density="0.90" laneDensity="0.30" occupancy="0.11" waitingTime="0.00" timeLoss="0.82" speed="7.38" speedRelative="0.53" departed="0" arrived="0" entered="1" left="0" laneChangedFrom="0" laneChangedTo="0"/>
        <edge id="t_s" sampledSeconds="1.83" traveltime="24.83" overlapTraveltime="25.49" density="0.98" laneDensity="0.33" occupancy="0.13" waitingTime="0.00" timeLoss="0.87" speed="7.51" speedRelative="0.54" departed="0" arrived="0" entered="1" left="0" laneChangedFrom="0" laneChangedTo="0"/>
        <edge id="t_w" sampledSeconds="2.77" traveltime="14.58" overlapTraveltime="14.97" density="1.49" laneDensity="0.50" occupancy="0.20" waitingTime="0.00" timeLoss="0.58" speed="12.78" speedRelative="0.92" departed="0" arrived="0" entered="2" left="0" laneChangedFrom="0" laneChangedTo="0"/>
        <edge id="w_t" sampledSeconds="87.56" traveltime="70.19" overlapTraveltime="71.17" density="46.98" laneDensity="15.66" occupancy="7.80" waitingTime="64.00" timeLoss="68.63" speed="2.69" speedRelative="0.19" departed="0" arrived="0" entered="0" left="1" laneChangedFrom="0" laneChangedTo="0"/>
    </interval>
    <interval begin="140.00" end="150.00" id="1">
        <edge id="e_t" sampledSeconds="80.00" traveltime="100000.00" overlapTraveltime="100000.00" density="42.92" laneDensity="14.31" occupancy="7.15" waitingTime="80.00" timeLoss="80.00" speed="0.00" speedRelative="0.00" departed="0" arrived="0" entered="0" left="0" laneChangedFrom="0" laneChangedTo="0"/>
        <edge id="n_t" sampledSeconds="60.00" traveltime="100000.00" overlapTraveltime="100000.00" density="32.19" laneDensity="10.73" occupancy="5.36" waitingTime="60.00" timeLoss="60.00" speed="0.00" speedRelative="0.00" departed="0" arrived="0" entered="0" left="0" laneChangedFrom="0" laneChangedTo="0"/>
        <edge id="s_t" sampledSeconds="60.00" overlapTraveltime="100000.00" density="32.19" laneDensity="10.73" occupancy="5.36" waitingTime="60.00" timeLoss="60.00" speed="0.00" speedRelative="0.00" departed="0" arrived="0" entered="0" left="0" laneChangedFrom="0" laneChangedTo="0"/>
        <edge id="t_e" sampledSeconds="18.81" traveltime="14.88" overlapTraveltime="15.28" density="10.09" laneDensity="3.36" occupancy="1.66" waitingTime="0.00" timeLoss="1.75" speed="12.52" speedRelative="0.90" departed="0" arrived="0" entered="1" left="0" laneChangedFrom="0" laneChangedTo="0"/>
        <edge id="t_n" sampledSeconds="10.00" traveltime="13.89" overlapTraveltime="14.26" density="5.36" laneDensity="1.79" occupancy="0.89" waitingTime="0.00" timeLoss="0.76" speed="13.42" speedRelative="0.97" departed="0" arrived="0" entered="0" left="0" laneChangedFrom="0" laneChangedTo="0"/>
        <edge id="t_s" sampledSeconds="10.00" traveltime="14.01" overlapTraveltime="14.39" density="5.36" laneDensity="1.79" occupancy="0.89" waitingTime="0.00" timeLoss="0.72" speed="13.30" speedRelative="0.96" departed="0" arrived="0" entered="0" left="0" laneChangedFrom="0" laneChangedTo="0"/>
        <edge id="t_w" sampledSeconds="20.00" traveltime="13.71" overlapTraveltime="14.05" density="10.73" laneDensity="3.58" occupancy="1.77" waitingTime="0.00" timeLoss="1.46" speed="13.62" speedRelative="0.98" departed="0" arrived="1" entered="0" left="0" laneChangedFrom="0" laneChangedTo="0"/>
        <edge id="w_t" sampledSeconds="80.00" traveltime="31556.20" overlapTraveltime="32402.66" density="42.92" laneDensity="14.31" occupancy="7.15" waitingTime="78.00" timeLoss="79.96" speed="0.01" speedRelative="0.00" departed="0" arrived="0" entered="0" left="0" laneChangedFrom="0" laneChangedTo="0"/>
    </interval>
    <interval begin="150.00" end="160.00" id="1">
        <edge id="e_t" sampledSeconds="101.00" traveltime="62.53" overlapTraveltime="64.21" density="54.18" laneDensity="18.06" occupancy="9.03" waitingTime="80.00" timeLoss="81.06" speed="2.98" speedRelative="0.21" departed="3" arrived="0" entered="0" left="0" laneChangedFrom="0" laneChangedTo="0"/>
        <edge id="n_t" sampledSeconds="81.00" traveltime="57.80" overlapTraveltime="59.35" density="43.45" laneDensity="14.48" occupancy="7.24" waitingTime="60.00" timeLoss="61.10" speed="3.23" speedRelative="0.23" departed="3" arrived="0" entered="0" left="0" laneChangedFrom="0" laneChangedTo="0"/>
        <edge id="s_t" sampledSeconds="81.00" traveltime="46.41" overlapTraveltime="47.66" density="43.45" laneDensity="14.48" occupancy="7.24" waitingTime="60.00" timeLoss="60.98" speed="4.02" speedRelative="0.29" departed="3" arrived="0" entered="0" left="0" laneChangedFrom="0" laneChangedTo="0"/>
        <edge id="t_e" sampledSeconds="10.33" traveltime="14.20" overlapTraveltime="14.59" density="5.54" laneDensity="1.85" occupancy="0.89" waitingTime="0.00" timeLoss="0.42" speed="13.12" speedRelative="0.94" departed="0" arrived="2" entered="0" left="0" laneChangedFrom="0" laneChangedTo="0"/>
        <edge id="t_n" sampledSeconds="3.00" traveltime="13.69" overlapTraveltime="14.06" density="1.61" laneDensity="0.54" occupancy="0.27" waitingTime="0.00" timeLoss="0.19" speed="13.61" speedRelative="0.98" departed="0" arrived="1" entered="0" left="0" laneChangedFrom="0" laneChangedTo="0"/>
        <edge id="t_s" sampledSeconds="3.00" traveltime="13.50" overlapTraveltime="13.84" density="1.61" laneDensity="0.54" occupancy="0.27" waitingTime="0.00" timeLoss="0.11" speed="13.83" speedRelative="1.00" departed="0" arrived="1" entered="0" left="0" laneChangedFrom="0" laneChangedTo="0"/>
        <edge id="t_w" sampledSeconds="6.00" traveltime="15.29" overlapTraveltime="15.65" density="3.22" laneDensity="1.07" occupancy="0.52" waitingTime="0.00" timeLoss="0.31" speed="12.23" speedRelative="0.88" departed="0" arrived="1" entered="0" left="0" laneChangedFrom="0" laneChangedTo="0"/>
        <edge id="w_t" sampledSeconds="101.00" traveltime="69.75" overlapTraveltime="71.62" density="54.18" laneDensity="18.06" occupancy="9.03" waitingTime="80.00" timeLoss="80.67" speed="2.67" speedRelative="0.19" departed="3" arrived="0" entered="0" left="0" laneChangedFrom="0" laneChangedTo="0"/>
    </interval>
    <interval begin="160.00" end="170.00" id="1">
        <edge id="e_t" sampledSeconds="106.06" traveltime="108.55" overlapTraveltime="109.25" density="56.90" laneDensity="18.97" occupancy="9.45" waitingTime="85.00" timeLoss="93.39" speed="1.75" speedRelative="0.13" departed="0" arrived="0" entered="0" left="1" laneChangedFrom="0" laneChangedTo="0"/>
        <edge id="n_t" sampledSeconds="89.44" traveltime="69.19" overlapTraveltime="69.40" density="47.98" laneDensity="15.99" occupancy="7.93" waitingTime="65.00" timeLoss="69.13" speed="2.76" speedRelative="0.20" departed="0" arrived="0" entered="0" left="2" laneChangedFrom="0" laneChangedTo="0"/>
        <edge id="s_t" sampledSeconds="82.82" traveltime="87.95" overlapTraveltime="86.82" density="44.43" laneDensity="14.81" occupancy="7.34" waitingTime="65.00" timeLoss="70.85" speed="2.20" speedRelative="0.16" departed="0" arrived="0" entered="0" left="2" laneChangedFrom="0" laneChangedTo="0"/>
        <edge id="t_e" sampledSeconds="3.59" traveltime="19.02" overlapTraveltime="19.53" density="1.92" laneDensity="0.64" occupancy="0.29" waitingTime="0.00" timeLoss="1.45" speed="9.80" speedRelative="0.71" departed="0" arrived="0" entered="1" left="0" laneChangedFrom="0" laneChangedTo="0"/>
        <edge id="t_n" sampledSeconds="3.29" traveltime="19.38" overlapTraveltime="19.90" density="1.77" laneDensity="0.59" occupancy="0.26" waitingTime="0.00" timeLoss="1.29" speed="9.62" speedRelative="0.69" departed="0" arrived="0" entered="1" left="0" laneChangedFrom="0" laneChangedTo="0"/>
        <edge id="t_s" sampledSeconds="0.08" traveltime="33.44" overlapTraveltime="34.34" density="0.04" laneDensity="0.01" occupancy="0.00" waitingTime="0.00" timeLoss="0.05" speed="5.57" speedRelative="0.40" departed="0" arrived="0" entered="1" left="0" laneChangedFrom="0" laneChangedTo="0"/>
        <edge id="t_w" sampledSeconds="1.06" traveltime="14.50" overlapTraveltime="14.89" density="0.57" laneDensity="0.19" occupancy="0.08" waitingTime="0.00" timeLoss="0.18" speed="12.86" speedRelative="0.93" departed="0" arrived="0" entered="1" left="0" laneChangedFrom="0" laneChangedTo="0"/>
        <edge id="w_t" sampledSeconds="109.19" traveltime="95.19" overlapTraveltime="96.33" density="58.58" laneDensity="19.53" occupancy="9.72" waitingTime="88.00" timeLoss="91.92" speed="1.99" speedRelative="0.14" departed="0" arrived="0" entered="0" left="1" laneChangedFrom="0" laneChangedTo="0"/>
    </interval>
    <interval begin="170.00" end="180.00" id="1">
        <edge id="e_t" sampledSeconds="121.00" traveltime="76.19" overlapTraveltime="78.24" density="64.91" laneDensity="21.64" occupancy="10.82" waitingTime="100.00" timeLoss="101.04" speed="2.45" speedRelative="0.18" departed="3" arrived="0" entered="0" left="0" laneChangedFrom="0" laneChangedTo="0"/>
        <edge id="n_t" sampledSeconds="91.00" traveltime="58.62" overlapTraveltime="60.19" density="48.82" laneDensity="16.27" occupancy="8.14" waitingTime="70.00" timeLoss="70.88" speed="3.18" speedRelative="0.23" departed="3" arrived="0" entered="0" left="0" laneChangedFrom="0" laneChangedTo="0"/>
        <edge id="s_t" sampledSeconds="91.00" traveltime="67.02" overlapTraveltime="68.82" density="48.82" laneDensity="16.27" occupancy="8.14" waitingTime="70.00" timeLoss="71.21" speed="2.78" speedRelative="0.20" departed="3" arrived="0" entered="0" left="0" laneChangedFrom="0" laneChangedTo="0"/>
        <edge id="t_e" sampledSeconds="17.82" traveltime="13.79" overlapTraveltime="14.13" density="9.56" laneDensity="3.19" occupancy="1.56" waitingTime="0.00" timeLoss="1.31" speed="13.55" speedRelative="0.98" departed="0" arrived="1" entered="1" left="0" laneChangedFrom="0" laneChangedTo="0"/>
        <edge id="t_n" sampledSeconds="10.00" traveltime="12.54" overlapTraveltime="12.87" density="5.36" laneDensity="1.79" occupancy="0.89" waitingTime="0.00" timeLoss="0.59" speed="14.87" speedRelative="1.07" departed="0" arrived="0" entered="0" left="0" laneChangedFrom="0" laneChangedTo="0"/>
        <edge id="t_s" sampledSeconds="10.00" traveltime="16.34" overlapTraveltime="16.78" density="5.36" laneDensity="1.79" occupancy="0.87" waitingTime="0.00" timeLoss="1.07" speed="11.41" speedRelative="0.82" departed="0" arrived="0" entered="0" left="0" laneChangedFrom="0" laneChangedTo="0"/>
        <edge id="t_w" sampledSeconds="19.61" traveltime="14.60" overlapTraveltime="14.99" density="10.52" laneDensity="3.51" occupancy="1.71" waitingTime="0.00" timeLoss="1.89" speed="12.77" speedRelative="0.92" departed="0" arrived="0" entered="1" left="0" laneChangedFrom="0" laneChangedTo="0"/>
        <edge id="w_t" sampledSeconds="121.00" traveltime="75.24" overlapTraveltime="77.26" density="64.91" laneDensity="21.64" occupancy="10.82" waitingTime="100.00" timeLoss="101.10" speed="2.48" speedRelative="0.18" departed="3" arrived="0" entered="0" left="0" laneChangedFrom="0" laneChangedTo="0"/>
    </interval>
    <interval begin="180.00" end="190.00" id="1">
        <edge id="e_t" sampledSeconds="146.73" traveltime="61.62" overlapTraveltime="62.85" density="78.72" laneDensity="26.24" occupancy="13.09" waitingTime="106.00" timeLoss="114.01" speed="3.05" speedRelative="0.22" departed="3" arrived="0" entered="0" left="1" laneChangedFrom="0" laneChangedTo="0"/>
        <edge id="n_t" sampledSeconds="117.20" traveltime="44.53" overlapTraveltime="45.37" density="62.88" laneDensity="20.96" occupancy="10.41" waitingTime="76.00" timeLoss="81.36" speed="4.22" speedRelative="0.30" departed="3" arrived="0" entered="0" left="2" laneChangedFrom="0" laneChangedTo="0"/>
        <edge id="s_t" sampledSeconds="117.97" traveltime="41.90" overlapTraveltime="42.77" density="63.29" laneDensity="21.10" occupancy="10.48" waitingTime="72.00" timeLoss="78.54" speed="4.48" speedRelative="0.32" departed="3" arrived="0" entered="0" left="2" laneChangedFrom="0" laneChangedTo="0"/>
        <edge id="t_e" sampledSeconds="9.38" traveltime="16.63" overlapTraveltime="17.08" density="5.03" laneDensity="1.68" occupancy="0.81" waitingTime="0.00" timeLoss="0.79" speed="11.21" speedRelative="0.81" departed="0" arrived="1" entered="2" left="0" laneChangedFrom="0" laneChangedTo="0"/>
        <edge id="t_n" sampledSeconds="4.47" traveltime="17.51" overlapTraveltime="17.48" density="2.40" laneDensity="0.80" occupancy="0.35" waitingTime="0.00" timeLoss="1.43" speed="10.95" speedRelative="0.79" departed="0" arrived="1" entered="1" left="0" laneChangedFrom="0" laneChangedTo="0"/>
        <edge id="t_s" sampledSeconds="8.40" traveltime="16.79" overlapTraveltime="17.23" density="4.50" laneDensity="1.50" occupancy="0.72" waitingTime="0.00" timeLoss="1.33" speed="11.11" speedRelative="0.80" departed="0" arrived="1" entered="1" left="0" laneChangedFrom="0" laneChangedTo="0"/>
        <edge id="t_w" sampledSeconds="10.11" traveltime="15.91" overlapTraveltime="16.26" density="5.42" laneDensity="1.81" occupancy="0.85" waitingTime="0.00" timeLoss="1.14" speed="11.77" speedRelative="0.85" departed="0" arrived="2" entered="2" left="0" laneChangedFrom="0" laneChangedTo="0"/>
        <edge id="w_t" sampledSeconds="148.01" traveltime="59.59" overlapTraveltime="60.89" density="79.41" laneDensity="26.47" occupancy="13.20" waitingTime="109.00" timeLoss="116.02" speed="3.14" speedRelative="0.23" departed="3" arrived="0" entered="0" left="1" laneChangedFrom="0" laneChangedTo="0"/>
    </interval>
    <interval begin="190.00" end="200.00" id="1">
        <edge id="e_t" sampledSeconds="148.63" traveltime="152.21" overlapTraveltime="153.06" density="79.74" laneDensity="26.58" occupancy="13.25" waitingTime="128.00" timeLoss="133.50" speed="1.25" speedRelative="0.09" departed="0" arrived="0" entered="0" left="1" laneChangedFrom="0" laneChangedTo="0"/>
        <edge id="n_t" sampledSeconds="105.82" traveltime="97.73" overlapTraveltime="96.92" density="56.77" laneDensity="18.92" occupancy="9.41" waitingTime="85.00" timeLoss="89.89" speed="1.97" speedRelative="0.14" departed="0" arrived="0" entered="0" left="2" laneChangedFrom="0" laneChangedTo="0"/>
        <edge id="s_t" sampledSeconds="108.90" traveltime="98.91" overlapTraveltime="98.36" density="58.42" laneDensity="19.47" occupancy="9.67" waitingTime="86.00" timeLoss="92.06" speed="1.95" speedRelative="0.14" departed="0" arrived="0" entered="0" left="2" laneChangedFrom="0" laneChangedTo="0"/>
        <edge id="t_e" sampledSeconds="20.00" traveltime="14.91" overlapTraveltime="15.31" density="10.73" laneDensity="3.58" occupancy="1.76" waitingTime="0.00" timeLoss="1.60" speed="12.50" speedRelative="0.90" departed="0" arrived="0" entered="0" left="0" laneChangedFrom="0" laneChangedTo="0"/>
        <edge id="t_n" sampledSeconds="10.59" traveltime="12.53" overlapTraveltime="12.85" density="5.68" laneDensity="1.89" occupancy="0.90" waitingTime="0.00" timeLoss="0.82" speed="14.89" speedRelative="1.07" departed="0" arrived="1" entered="1" left="0" laneChangedFrom="0" laneChangedTo="0"/>
        <edge id="t_s" sampledSeconds="11.36" traveltime="14.11" overlapTraveltime="14.49" density="6.10" laneDensity="2.03" occupancy="0.98" waitingTime="0.00" timeLoss="1.25" speed="13.21" speedRelative="0.95" departed="0" arrived="0" entered="1" left="0" laneChangedFrom="0" laneChangedTo="0"/>
        <edge id="t_w" sampledSeconds="23.61" traveltime="15.00" overlapTraveltime="15.40" density="12.67" laneDensity="4.22" occupancy="2.07" waitingTime="0.00" timeLoss="3.00" speed="12.43" speedRelative="0.89" departed="0" arrived="0" entered="1" left="0" laneChangedFrom="0" laneChangedTo="0"/>
        <edge id="w_t" sampledSeconds="148.00" traveltime="172.88" overlapTraveltime="173.01" density="79.40" laneDensity="26.47" occupancy="13.20" waitingTime="131.00" timeLoss="135.95" speed="1.11" speedRelative="0.08" departed="0" arrived="0" entered="0" left="1" laneChangedFrom="0" laneChangedTo="0"/>
    </interval>
    <interval begin="200.00" end="210.00" id="1">
        <edge id="e_t" sampledSeconds="140.00" traveltime="100000.00" overlapTraveltime="100000.00" density="75.11" laneDensity="25.04" occupancy="12.52" waitingTime="140.00" timeLoss="140.00" speed="0.00" speedRelative="0.00" departed="0" arrived="0" entered="0" left="0" laneChangedFrom="0" laneChangedTo="0"/>
        <edge id="n_t" sampledSeconds="90.05" overlapTraveltime="36447.35" density="48.31" laneDensity="16.10" occupancy="8.05" waitingTime="90.00" timeLoss="90.00" speed="0.01" speedRelative="0.00" departed="0" arrived="0" entered="0" left="0" laneChangedFrom="0" laneChangedTo="0"/>
        <edge id="s_t" sampledSeconds="90.08" overlapTraveltime="46316.83" density="48.33" laneDensity="16.11" occupancy="8.05" waitingTime="90.00" timeLoss="90.05" speed="0.00" speedRelative="0.00" departed="0" arrived="0" entered="0" left="0" laneChangedFrom="0" laneChangedTo="0"/>
        <edge id="t_e" sampledSeconds="26.73" traveltime="16.17" overlapTraveltime="16.57" density="14.34" laneDensity="4.78" occupancy="2.32" waitingTime="0.00" timeLoss="2.57" speed="11.55" speedRelative="0.83" departed="0" arrived="2" entered="2" left="0" laneChangedFrom="0" laneChangedTo="0"/>
        <edge id="t_n" sampledSeconds="10.00" traveltime="15.40" overlapTraveltime="15.81" density="5.36" laneDensity="1.79" occupancy="0.89" waitingTime="0.00" timeLoss="1.04" speed="12.10" speedRelative="0.87" departed="0" arrived="0" entered="0" left="0" laneChangedFrom="0" laneChangedTo="0"/>
        <edge id="t_s" sampledSeconds="12.00" traveltime="14.58" overlapTraveltime="14.96" density="6.44" laneDensity="2.15" occupancy="1.07" waitingTime="0.00" timeLoss="0.91" speed="12.80" speedRelative="0.92" departed="0" arrived="1" entered="0" left="0" laneChangedFrom="0" laneChangedTo="0"/>
        <edge id="t_w" sampledSeconds="27.70" traveltime="13.67" overlapTraveltime="14.02" density="14.86" laneDensity="4.95" occupancy="2.42" waitingTime="0.00" timeLoss="1.73" speed="13.65" speedRelative="0.98" departed="0" arrived="3" entered="1" left="0" laneChangedFrom="0" laneChangedTo="0"/>
        <edge id="w_t" sampledSeconds="140.00" overlapTraveltime="100000.00" density="75.11" laneDensity="25.04" occupancy="12.52" waitingTime="140.00" timeLoss="140.00" speed="0.00" speedRelative="0.00" departed="0" arrived="0" entered="0" left="0" laneChangedFrom="0" laneChangedTo="0"/>
    </interval>
    <interval begin="210.00" end="220.00" id="1">
        <edge id="e_t" sampledSeconds="161.00" traveltime="99.48" overlapTraveltime="102.15" density="86.37" laneDensity="28.79" occupancy="14.40" waitingTime="140.00" timeLoss="141.20" speed="1.87" speedRelative="0.13" departed="3" arrived="0" entered="0" left="0" laneChangedFrom="0" laneChangedTo="0"/>
        <edge id="n_t" sampledSeconds="111.00" traveltime="70.46" overlapTraveltime="72.35" density="59.55" laneDensity="19.85" occupancy="9.92" waitingTime="90.00" timeLoss="91.32" speed="2.65" speedRelative="0.19" departed="3" arrived="0" entered="0" left="0" laneChangedFrom="0" laneChangedTo="0"/>
        <edge id="s_t" sampledSeconds="111.00" traveltime="73.64" overlapTraveltime="75.62" density="59.55" laneDensity="19.85" occupancy="9.92" waitingTime="90.00" timeLoss="91.11" speed="2.53" speedRelative="0.18" departed="3" arrived="0" entered="0" left="0" laneChangedFrom="0" laneChangedTo="0"/>
        <edge id="t_e" sampledSeconds="16.90" traveltime="15.94" overlapTraveltime="16.36" density="9.07" laneDensity="3.02" occupancy="1.49" waitingTime="0.00" timeLoss="0.89" speed="11.70" speedRelative="0.84" departed="0" arrived="2" entered="0" left="0" laneChangedFrom="0" laneChangedTo="0"/>
        <edge id="t_n" sampledSeconds="5.00" traveltime="14.27" overlapTraveltime="14.65" density="2.68" laneDensity="0.89" occupancy="0.44" waitingTime="0.00" timeLoss="0.16" speed="13.07" speedRelative="0.94" departed="0" arrived="1" entered="0" left="0" laneChangedFrom="0" laneChangedTo="0"/>
        <edge id="t_s" sampledSeconds="4.00" traveltime="14.44" overlapTraveltime="14.82" density="2.15" laneDensity="0.72" occupancy="0.36" waitingTime="0.00" timeLoss="0.21" speed="12.91" speedRelative="0.93" departed="0" arrived="1" entered="0" left="0" laneChangedFrom="0" laneChangedTo="0"/>
        <edge id="t_w" sampledSeconds="6.56" traveltime="14.72" overlapTraveltime="15.11" density="3.52" laneDensity="1.17" occupancy="0.57" waitingTime="0.00" timeLoss="0.34" speed="12.66" speedRelative="0.91" departed="0" arrived="1" entered="0" left="0" laneChangedFrom="0" laneChangedTo="0"/>
        <edge id="w_t" sampledSeconds="161.00" traveltime="98.95" overlapTraveltime="101.60" density="86.37" laneDensity="28.79" occupancy="14.40" waitingTime="140.00" timeLoss="141.23" speed="1.88" speedRelative="0.14" departed="3" arrived="0" entered="0" left="0" laneChangedFrom="0" laneChangedTo="0"/>
    </interval>
    <interval begin="220.00" end="230.00" id="1">
        <edge id="e_t" sampledSeconds="155.96" traveltime="146.36" overlapTraveltime="139.50" density="83.67" laneDensity="27.89" occupancy="13.79" waitingTime="115.00" timeLoss="139.51" speed="1.37" speedRelative="0.10" departed="0" arrived="0" entered="0" left="4" laneChangedFrom="0" laneChangedTo="0"/>
        <edge id="n_t" sampledSeconds="117.87" traveltime="120.71" overlapTraveltime="121.46" density="63.23" laneDensity="21.08" occupancy="10.50" waitingTime="97.00" timeLoss="104.25" speed="1.58" speedRelative="0.11" departed="0" arrived="0" entered="0" left="1" laneChangedFrom="0" laneChangedTo="0"/>
        <edge id="s_t" sampledSeconds="118.45" traveltime="113.35" overlapTraveltime="114.28" density="63.55" laneDensity="21.18" occupancy="10.55" waitingTime="97.00" timeLoss="103.10" speed="1.67" speedRelative="0.12" departed="0" arrived="0" entered="0" left="1" laneChangedFrom="0" laneChangedTo="0"/>
        <edge id="t_e" sampledSeconds="0.84" traveltime="29.99" overlapTraveltime="30.79" density="0.45" laneDensity="0.15" occupancy="0.04" waitingTime="0.00" timeLoss="0.46" speed="6.22" speedRelative="0.45" departed="0" arrived="0" entered="1" left="0" laneChangedFrom="0" laneChangedTo="0"/>
        <edge id="t_n" sampledSeconds="7.31" traveltime="17.18" overlapTraveltime="17.64" density="3.92" laneDensity="1.31" occupancy="0.57" waitingTime="0.00" timeLoss="1.63" speed="10.85" speedRelative="0.78" departed="0" arrived="0" entered="3" left="0" laneChangedFrom="0" laneChangedTo="0"/>
        <edge id="t_s" sampledSeconds="8.33" traveltime="17.59" overlapTraveltime="18.06" density="4.47" laneDensity="1.49" occupancy="0.67" waitingTime="0.00" timeLoss="2.17" speed="10.60" speedRelative="0.76" departed="0" arrived="0" entered="3" left="0" laneChangedFrom="0" laneChangedTo="0"/>
        <edge id="t_w" sampledSeconds="1.46" traveltime="25.76" overlapTraveltime="26.45" density="0.79" laneDensity="0.26" occupancy="0.10" waitingTime="0.00" timeLoss="0.71" speed="7.24" speedRelative="0.52" departed="0" arrived="0" entered="1" left="0" laneChangedFrom="0" laneChangedTo="0"/>
        <edge id="w_t" sampledSeconds="155.01" traveltime="139.65" overlapTraveltime="133.75" density="83.16" laneDensity="27.72" occupancy="13.70" waitingTime="116.00" timeLoss="137.77" speed="1.43" speedRelative="0.10" departed="0" arrived="0" entered="0" left="4" laneChangedFrom="0" laneChangedTo="0"/>
    </interval>
    <interval begin="230.00" end="240.00" id="1">
        <edge id="e_t" sampledSeconds="116.78" traveltime="108.83" overlapTraveltime="107.77" density="62.65" laneDensity="20.88" occupancy="10.37" waitingTime="62.00" timeLoss="101.72" speed="1.78" speedRelative="0.13" departed="0" arrived="0" entered="0" left="2" laneChangedFrom="0" laneChangedTo="0"/>
        <edge id="n_t" sampledSeconds="109.11" traveltime="2815.33" overlapTraveltime="1722.55" density="58.53" laneDensity="19.51" occupancy="9.70" waitingTime="104.00" timeLoss="108.29" speed="0.11" speedRelative="0.01" departed="0" arrived="0" entered="0" left="1" laneChangedFrom="0" laneChangedTo="0"/>
        <edge id="s_t" sampledSeconds="108.87" traveltime="2870.20" overlapTraveltime="1739.24" density="58.40" laneDensity="19.47" occupancy="9.68" waitingTime="104.00" timeLoss="107.88" speed="0.11" speedRelative="0.01" departed="0" arrived="0" entered="0" left="1" laneChangedFrom="0" laneChangedTo="0"/>
        <edge id="t_e" sampledSeconds="10.00" traveltime="15.69" overlapTraveltime="16.11" density="5.36" laneDensity="1.79" occupancy="0.89" waitingTime="0.00" timeLoss="1.22" speed="11.88" speedRelative="0.86" departed="0" arrived="0" entered="0" left="0" laneChangedFrom="0" laneChangedTo="0"/>
        <edge id="t_n" sampledSeconds="47.44" traveltime="16.22" overlapTraveltime="16.64" density="25.45" laneDensity="8.48" occupancy="4.15" waitingTime="0.00" timeLoss="4.23" speed="11.50" speedRelative="0.83" departed="0" arrived="1" entered="3" left="0" laneChangedFrom="0" laneChangedTo="0"/>
        <edge id="t_s" sampledSeconds="46.94" traveltime="15.93" overlapTraveltime="16.33" density="25.18" laneDensity="8.39" occupancy="4.11" waitingTime="0.00" timeLoss="6.08" speed="11.72" speedRelative="0.84" departed="0" arrived="1" entered="3" left="0" laneChangedFrom="0" laneChangedTo="0"/>
        <edge id="t_w" sampledSeconds="10.00" traveltime="14.45" overlapTraveltime="14.84" density="5.36" laneDensity="1.79" occupancy="0.89" waitingTime="0.00" timeLoss="0.78" speed="12.90" speedRelative="0.93" departed="0" arrived="0" entered="0" left="0" laneChangedFrom="0" laneChangedTo="0"/>
        <edge id="w_t" sampledSeconds="115.47" traveltime="111.21" overlapTraveltime="109.92" density="61.95" laneDensity="20.65" occupancy="10.26" waitingTime="64.00" timeLoss="100.34" speed="1.74" speedRelative="0.13" departed="0" arrived="0" entered="0" left="2" laneChangedFrom="0" laneChangedTo="0"/>
    </interval>
    <interval begin="240.00" end="250.00" id="1">
        <edge id="e_t" sampledSeconds="128.00" traveltime="96.48" overlapTraveltime="99.06" density="68.67" laneDensity="22.89" occupancy="11.44" waitingTime="95.00" timeLoss="109.94" speed="1.93" speedRelative="0.14" departed="3" arrived="0" entered="0" left="0" laneChangedFrom="0" laneChangedTo="0"/>
        <edge id="n_t" sampledSeconds="97.00" traveltime="43.34" overlapTraveltime="43.23" density="52.04" laneDensity="17.35" occupancy="8.54" waitingTime="31.00" timeLoss="64.61" speed="4.43" speedRelative="0.32" departed="3" arrived="0" entered="0" left="5" laneChangedFrom="0" laneChangedTo="0"/>
        <edge id="s_t" sampledSeconds="95.27" traveltime="38.82" overlapTraveltime="38.89" density="51.11" laneDensity="17.04" occupancy="8.39" waitingTime="31.00" timeLoss="62.23" speed="4.92" speedRelative="0.35" departed="3" arrived="0" entered="0" left="5" laneChangedFrom="0" laneChangedTo="0"/>
        <edge id="t_e" sampledSeconds="5.00" traveltime="14.45" overlapTraveltime="14.84" density="2.68" laneDensity="0.89" occupancy="0.44" waitingTime="0.00" timeLoss="0.24" speed="12.89" speedRelative="0.93" departed="0" arrived="1" entered="0" left="0" laneChangedFrom="0" laneChangedTo="0"/>
        <edge id="t_n" sampledSeconds="62.59" traveltime="18.07" overlapTraveltime="18.54" density="33.58" laneDensity="11.19" occupancy="5.46" waitingTime="0.00" timeLoss="6.50" speed="10.32" speedRelative="0.74" departed="0" arrived="3" entered="5" left="0" laneChangedFrom="1" laneChangedTo="1"/>
        <edge id="t_s" sampledSeconds="59.90" traveltime="17.03" overlapTraveltime="17.48" density="32.14" laneDensity="10.71" occupancy="5.24" waitingTime="0.00" timeLoss="9.35" speed="10.95" speedRelative="0.79" departed="0" arrived="2" entered="5" left="0" laneChangedFrom="2" laneChangedTo="2"/>
        <edge id="t_w" sampledSeconds="3.83" traveltime="13.80" overlapTraveltime="14.15" density="2.06" laneDensity="0.69" occupancy="0.33" waitingTime="0.00" timeLoss="0.13" speed="13.52" speedRelative="0.97" departed="0" arrived="1" entered="0" left="0" laneChangedFrom="0" laneChangedTo="0"/>
        <edge id="w_t" sampledSeconds="128.00" traveltime="87.59" overlapTraveltime="89.94" density="68.67" laneDensity="22.89" occupancy="11.44" waitingTime="98.00" timeLoss="110.15" speed="2.13" speedRelative="0.15" departed="3" arrived="0" entered="0" left="0" laneChangedFrom="0" laneChangedTo="0"/>
    </interval>
    <interval begin="250.00" end="260.00" id="1">
        <edge id="e_t" sampledSeconds="139.13" traveltime="115.43" overlapTraveltime="116.58" density="74.64" laneDensity="24.88" occupancy="12.41" waitingTime="113.00" timeLoss="121.64" speed="1.64" speedRelative="0.12" departed="0" arrived="0" entered="0" left="1" laneChangedFrom="0" laneChangedTo="0"/>
        <edge id="n_t" sampledSeconds="72.48" traveltime="32.38" overlapTraveltime="33.39" density="38.89" laneDensity="12.96" occupancy="6.36" waitingTime="14.00" timeLoss="41.27" speed="5.73" speedRelative="0.41" departed="0" arrived="0" entered="0" left="3" laneChangedFrom="0" laneChangedTo="0"/>
        <edge id="s_t" sampledSeconds="72.28" traveltime="35.67" overlapTraveltime="36.75" density="38.78" laneDensity="12.93" occupancy="6.33" waitingTime="14.00" timeLoss="45.41" speed="5.21" speedRelative="0.38" departed="0" arrived="0" entered="0" left="3" laneChangedFrom="0" laneChangedTo="0"/>
        <edge id="t_e" sampledSeconds="3.46" traveltime="15.67" overlapTraveltime="16.09" density="1.86" laneDensity="0.62" occupancy="0.28" waitingTime="0.00" timeLoss="0.52" speed="11.90" speedRelative="0.86" departed="0" arrived="0" entered="2" left="0" laneChangedFrom="0" laneChangedTo="0"/>
        <edge id="t_n" sampledSeconds="67.04" traveltime="18.52" overlapTraveltime="18.99" density="35.97" laneDensity="11.99" occupancy="5.89" waitingTime="0.00" timeLoss="12.19" speed="10.08" speedRelative="0.73" departed="0" arrived="3" entered="2" left="0" laneChangedFrom="2" laneChangedTo="2"/>
        <edge id="t_s" sampledSeconds="63.61" traveltime="15.68" overlapTraveltime="16.09" density="34.13" laneDensity="11.38" occupancy="5.56" waitingTime="0.00" timeLoss="5.87" speed="11.89" speedRelative="0.86" departed="0" arrived="5" entered="2" left="0" laneChangedFrom="0" laneChangedTo="0"/>
        <edge id="t_w" sampledSeconds="4.02" traveltime="16.88" overlapTraveltime="17.34" density="2.15" laneDensity="0.72" occupancy="0.30" waitingTime="0.00" timeLoss="0.73" speed="11.04" speedRelative="0.79" departed="0" arrived="0" entered="2" left="0" laneChangedFrom="0" laneChangedTo="0"/>
        <edge id="w_t" sampledSeconds="138.53" traveltime="131.45" overlapTraveltime="132.41" density="74.32" laneDensity="24.77" occupancy="12.35" waitingTime="117.00" timeLoss="124.50" speed="1.45" speedRelative="0.10" departed="0" arrived="0" entered="0" left="1" laneChangedFrom="0" laneChangedTo="0"/>
    </interval>
    <interval begin="260.00" end="270.00" id="1">
        <edge id="e_t" sampledSeconds="130.00" traveltime="100000.00" overlapTraveltime="100000.00" density="69.74" laneDensity="23.25" occupancy="11.62" waitingTime="130.00" timeLoss="130.00" speed="0.00" speedRelative="0.00" departed="0" arrived="0" entered="0" left="0" laneChangedFrom="0" laneChangedTo="0"/>
        <edge id="n_t" sampledSeconds="49.01" traveltime="1065.69" overlapTraveltime="705.43" density="26.29" laneDensity="8.76" occupancy="4.32" waitingTime="42.00" timeLoss="48.11" speed="0.27" speedRelative="0.02" departed="0" arrived="0" entered="0" left="1" laneChangedFrom="0" laneChangedTo="0"/>
        <edge id="s_t" sampledSeconds="48.93" traveltime="1711.01" overlapTraveltime="920.12" density="26.25" laneDensity="8.75" occupancy="4.32" waitingTime="44.00" timeLoss="48.23" speed="0.21" speedRelative="0.01" departed="0" arrived="0" entered="0" left="1" laneChangedFrom="0" laneChangedTo="0"/>
        <edge id="t_e" sampledSeconds="27.99" traveltime="14.82" overlapTraveltime="15.21" density="15.01" laneDensity="5.00" occupancy="2.46" waitingTime="0.00" timeLoss="2.33" speed="12.58" speedRelative="0.91" departed="0" arrived="0" entered="1" left="0" laneChangedFrom="0" laneChangedTo="0"/>
        <edge id="t_n" sampledSeconds="39.91" traveltime="16.30" overlapTraveltime="16.67" density="21.41" laneDensity="7.14" occupancy="3.49" waitingTime="0.00" timeLoss="5.83" speed="11.48" speedRelative="0.83" departed="0" arrived="5" entered="0" left="0" laneChangedFrom="0" laneChangedTo="0"/>
        <edge id="t_s" sampledSeconds="31.09" traveltime="15.75" overlapTraveltime="16.17" density="16.68" laneDensity="5.56" occupancy="2.72" waitingTime="0.00" timeLoss="2.51" speed="11.84" speedRelative="0.85" departed="0" arrived="4" entered="0" left="0" laneChangedFrom="0" laneChangedTo="0"/>
        <edge id="t_w" sampledSeconds="29.02" traveltime="14.55" overlapTraveltime="14.94" density="15.57" laneDensity="5.19" occupancy="2.58" waitingTime="0.00" timeLoss="2.43" speed="12.81" speedRelative="0.92" departed="0" arrived="0" entered="1" left="0" laneChangedFrom="0" laneChangedTo="0"/>
        <edge id="w_t" sampledSeconds="130.00" overlapTraveltime="100000.00" density="69.74" laneDensity="23.25" occupancy="11.62" waitingTime="130.00" timeLoss="130.00" speed="0.00" speedRelative="0.00" departed="0" arrived="0" entered="0" left="0" laneChangedFrom="0" laneChangedTo="0"/>
    </interval>
    <interval begin="270.00" end="280.00" id="1">
        <edge id="e_t" sampledSeconds="148.00" traveltime="111.01" overlapTraveltime="113.99" density="79.40" laneDensity="26.47" occupancy="13.23" waitingTime="130.00" timeLoss="130.96" speed="1.68" speedRelative="0.12" departed="3" arrived="0" entered="0" left="0" laneChangedFrom="0" laneChangedTo="0"/>
        <edge id="n_t" sampledSeconds="35.72" traveltime="19.25" overlapTraveltime="19.94" density="19.17" laneDensity="6.39" occupancy="3.09" waitingTime="1.00" timeLoss="12.09" speed="9.60" speedRelative="0.69" departed="3" arrived="0" entered="0" left="4" laneChangedFrom="0" laneChangedTo="0"/>
        <edge id="s_t" sampledSeconds="38.40" traveltime="21.05" overlapTraveltime="21.71" density="20.60" laneDensity="6.87" occupancy="3.32" waitingTime="1.00" timeLoss="15.00" speed="8.82" speedRelative="0.63" departed="3" arrived="0" entered="0" left="4" laneChangedFrom="0" laneChangedTo="0"/>
        <edge id="t_e" sampledSeconds="13.00" traveltime="14.39" overlapTraveltime="14.77" density="6.97" laneDensity="2.32" occupancy="1.16" waitingTime="0.00" timeLoss="0.57" speed="12.95" speedRelative="0.93" departed="0" arrived="3" entered="0" left="0" laneChangedFrom="0" laneChangedTo="0"/>
        <edge id="t_n" sampledSeconds="24.61" traveltime="14.88" overlapTraveltime="15.28" density="13.20" laneDensity="4.40" occupancy="2.11" waitingTime="0.00" timeLoss="3.58" speed="12.53" speedRelative="0.90" departed="0" arrived="1" entered="4" left="0" laneChangedFrom="0" laneChangedTo="0"/>
        <edge id="t_s" sampledSeconds="25.82" traveltime="13.89" overlapTraveltime="14.26" density="13.85" laneDensity="4.62" occupancy="2.21" waitingTime="0.00" timeLoss="2.38" speed="13.42" speedRelative="0.97" departed="0" arrived="1" entered="5" left="0" laneChangedFrom="0" laneChangedTo="0"/>
        <edge id="t_w" sampledSeconds="11.78" traveltime="13.91" overlapTraveltime="14.26" density="6.32" laneDensity="2.11" occupancy="1.00" waitingTime="0.00" timeLoss="0.61" speed="13.42" speedRelative="0.97" departed="0" arrived="3" entered="0" left="0" laneChangedFrom="0" laneChangedTo="0"/>
        <edge id="w_t" sampledSeconds="148.00" traveltime="115.27" overlapTraveltime="118.36" density="79.40" laneDensity="26.47" occupancy="13.23" waitingTime="130.00" timeLoss="130.89" speed="1.62" speedRelative="0.12" departed="3" arrived="0" entered="0" left="0" laneChangedFrom="0" laneChangedTo="0"/>
    </interval>
    <interval begin="280.00" end="290.00" id="1">
        <edge id="e_t" sampledSeconds="158.84" traveltime="150.38" overlapTraveltime="151.34" density="85.21" laneDensity="28.40" occupancy="14.17" waitingTime="138.00" timeLoss="144.49" speed="1.26" speedRelative="0.09" departed="0" arrived="0" entered="0" left="1" laneChangedFrom="0" laneChangedTo="0"/>
        <edge id="n_t" sampledSeconds="25.62" traveltime="15.67" overlapTraveltime="16.36" density="13.74" laneDensity="4.58" occupancy="2.25" waitingTime="0.00" timeLoss="3.70" speed="11.70" speedRelative="0.84" departed="0" arrived="0" entered="0" left="2" laneChangedFrom="0" laneChangedTo="0"/>
        <edge id="s_t" sampledSeconds="27.52" traveltime="16.17" overlapTraveltime="17.05" density="14.77" laneDensity="4.92" occupancy="2.39" waitingTime="0.00" timeLoss="4.56" speed="11.22" speedRelative="0.81" departed="0" arrived="0" entered="0" left="2" laneChangedFrom="0" laneChangedTo="0"/>
        <edge id="t_e" sampledSeconds="0.00" departed="0" arrived="0" entered="0" left="0" laneChangedFrom="0" laneChangedTo="0"/>
        <edge id="t_n" sampledSeconds="43.88" traveltime="16.77" overlapTraveltime="17.16" density="23.54" laneDensity="7.85" occupancy="3.86" waitingTime="0.00" timeLoss="10.66" speed="11.15" speedRelative="0.80" departed="0" arrived="1" entered="2" left="0" laneChangedFrom="0" laneChangedTo="0"/>
        <edge id="t_s" sampledSeconds="43.65" traveltime="14.17" overlapTraveltime="14.53" density="23.42" laneDensity="7.81" occupancy="3.86" waitingTime="0.00" timeLoss="3.94" speed="13.17" speedRelative="0.95" departed="0" arrived="3" entered="0" left="0" laneChangedFrom="0" laneChangedTo="0"/>
        <edge id="t_w" sampledSeconds="4.08" traveltime="16.82" overlapTraveltime="17.27" density="2.19" laneDensity="0.73" occupancy="0.33" waitingTime="0.00" timeLoss="1.59" speed="11.08" speedRelative="0.80" departed="0" arrived="0" entered="2" left="0" laneChangedFrom="0" laneChangedTo="0"/>
        <edge id="w_t" sampledSeconds="160.00" traveltime="145.84" overlapTraveltime="149.75" density="85.84" laneDensity="28.61" occupancy="14.31" waitingTime="139.00" timeLoss="144.47" speed="1.28" speedRelative="0.09" departed="0" arrived="0" entered="0" left="0" laneChangedFrom="0" laneChangedTo="0"/>
    </interval>
    <interval begin="290.00" end="300.00" id="1">
        <edge id="e_t" sampledSeconds="150.00" overlapTraveltime="100000.00" density="80.47" laneDensity="26.82" occupancy="13.41" waitingTime="150.00" timeLoss="150.00" speed="0.00" speedRelative="0.00" departed="0" arrived="0" entered="0" left="0" laneChangedFrom="0" laneChangedTo="0"/>
        <edge id="n_t" sampledSeconds="10.18" traveltime="2396.36" overlapTraveltime="848.24" density="5.46" laneDensity="1.82" occupancy="0.90" waitingTime="8.00" timeLoss="9.96" speed="0.23" speedRelative="0.02" departed="0" arrived="0" entered="0" left="0" laneChangedFrom="0" laneChangedTo="0"/>
        <edge id="s_t" sampledSeconds="10.00" traveltime="3740.82" overlapTraveltime="3841.16" density="5.36" laneDensity="1.79" occupancy="0.89" waitingTime="9.00" timeLoss="9.96" speed="0.05" speedRelative="0.00" departed="0" arrived="0" entered="0" left="0" laneChangedFrom="0" laneChangedTo="0"/>
        <edge id="t_e" sampledSeconds="17.28" traveltime="16.13" overlapTraveltime="16.56" density="9.27" laneDensity="3.09" occupancy="1.48" waitingTime="0.00" timeLoss="2.35" speed="11.55" speedRelative="0.83" departed="0" arrived="0" entered="2" left="0" laneChangedFrom="0" laneChangedTo="0"/>
        <edge id="t_n" sampledSeconds="28.29" traveltime="15.28" overlapTraveltime="15.59" density="15.18" laneDensity="5.06" occupancy="2.50" waitingTime="0.00" timeLoss="4.84" speed="12.28" speedRelative="0.88" departed="0" arrived="4" entered="0" left="0" laneChangedFrom="0" laneChangedTo="0"/>
        <edge id="t_s" sampledSeconds="15.13" traveltime="16.34" overlapTraveltime="16.77" density="8.11" laneDensity="2.70" occupancy="1.30" waitingTime="0.00" timeLoss="1.28" speed="11.41" speedRelative="0.82" departed="0" arrived="2" entered="1" left="0" laneChangedFrom="0" laneChangedTo="0"/>
        <edge id="t_w" sampledSeconds="18.43" traveltime="11.51" overlapTraveltime="11.79" density="9.89" laneDensity="3.30" occupancy="1.63" waitingTime="0.00" timeLoss="0.80" speed="16.23" speedRelative="1.17" departed="0" arrived="1" entered="0" left="0" laneChangedFrom="0" laneChangedTo="0"/>
        <edge id="w_t" sampledSeconds="151.06" traveltime="51086.24" overlapTraveltime="5211.86" density="81.04" laneDensity="27.01" occupancy="13.46" waitingTime="150.00" timeLoss="150.12" speed="0.04" speedRelative="0.00" departed="0" arrived="0" entered="0" left="1" laneChangedFrom="0" laneChangedTo="0"/>
    </interval>
    <interval begin="300.00" end="310.00" id="1">
        <edge id="e_t" sampledSeconds="168.00" traveltime="139.97" overlapTraveltime="143.73" density="90.13" laneDensity="30.04" occupancy="15.02" waitingTime="150.00" timeLoss="150.92" speed="1.33" speedRelative="0.10" departed="3" arrived="0" entered="0" left="0" laneChangedFrom="0" laneChangedTo="0"/>
        <edge id="n_t" sampledSeconds="28.00" traveltime="20.85" overlapTraveltime="21.41" density="15.02" laneDensity="5.01" occupancy="2.50" waitingTime="10.00" timeLoss="10.74" speed="8.94" speedRelative="0.64" departed="3" arrived="0" entered="0" left="0" laneChangedFrom="0" laneChangedTo="0"/>
        <edge id="s_t" sampledSeconds="28.00" traveltime="23.17" overlapTraveltime="23.79" density="15.02" laneDensity="5.01" occupancy="2.50" waitingTime="10.00" timeLoss="10.75" speed="8.04" speedRelative="0.58" departed="3" arrived="0" entered="0" left="0" laneChangedFrom="0" laneChangedTo="0"/>
        <edge id="t_e" sampledSeconds="14.35" traveltime="14.61" overlapTraveltime="15.00" density="7.70" laneDensity="2.57" occupancy="1.25" waitingTime="0.00" timeLoss="0.64" speed="12.76" speedRelative="0.92" departed="0" arrived="2" entered="0" left="0" laneChangedFrom="0" laneChangedTo="0"/>
        <edge id="t_n" sampledSeconds="4.43" traveltime="13.72" overlapTraveltime="14.14" density="2.37" laneDensity="0.79" occupancy="0.38" waitingTime="0.00" timeLoss="0.17" speed="13.53" speedRelative="0.97" departed="0" arrived="1" entered="0" left="0" laneChangedFrom="0" laneChangedTo="0"/>
        <edge id="t_s" sampledSeconds="8.93" traveltime="16.06" overlapTraveltime="16.51" density="4.79" laneDensity="1.60" occupancy="0.78" waitingTime="0.00" timeLoss="0.40" speed="11.60" speedRelative="0.83" departed="0" arrived="1" entered="0" left="0" laneChangedFrom="0" laneChangedTo="0"/>
        <edge id="t_w" sampledSeconds="2.49" traveltime="12.05" overlapTraveltime="12.40" density="1.34" laneDensity="0.45" occupancy="0.21" waitingTime="0.00" timeLoss="0.07" speed="15.43" speedRelative="1.11" departed="0" arrived="1" entered="0" left="0" laneChangedFrom="0" laneChangedTo="0"/>
        <edge id="w_t" sampledSeconds="168.00" traveltime="124.31" overlapTraveltime="127.64" density="90.13" laneDensity="30.04" occupancy="15.02" waitingTime="150.00" timeLoss="150.80" speed="1.50" speedRelative="0.11" departed="3" arrived="0" entered="0" left="0" laneChangedFrom="0" laneChangedTo="0"/>
    </interval>
    <interval begin="310.00" end="320.00" id="1">
        <edge id="e_t" sampledSeconds="178.89" traveltime="161.34" overlapTraveltime="162.55" density="95.97" laneDensity="31.99" occupancy="15.96" waitingTime="155.00" timeLoss="162.59" speed="1.18" speedRelative="0.08" departed="0" arrived="0" entered="0" left="1" laneChangedFrom="0" laneChangedTo="0"/>
        <edge id="n_t" sampledSeconds="36.89" traveltime="23.17" overlapTraveltime="23.93" density="19.79" laneDensity="6.60" occupancy="3.23" waitingTime="11.00" timeLoss="15.92" speed="8.00" speedRelative="0.58" departed="0" arrived="0" entered="0" left="2" laneChangedFrom="0" laneChangedTo="0"/>
        <edge id="s_t" sampledSeconds="39.97" traveltime="24.24" overlapTraveltime="25.09" density="21.44" laneDensity="7.15" occupancy="3.53" waitingTime="12.00" timeLoss="15.77" speed="7.63" speedRelative="0.55" departed="0" arrived="0" entered="0" left="1" laneChangedFrom="0" laneChangedTo="0"/>
        <edge id="t_e" sampledSeconds="0.00" departed="0" arrived="0" entered="0" left="0" laneChangedFrom="0" laneChangedTo="0"/>
        <edge id="t_n" sampledSeconds="0.44" traveltime="30.16" overlapTraveltime="30.96" density="0.24" laneDensity="0.08" occupancy="0.01" waitingTime="0.00" timeLoss="0.25" speed="6.18" speedRelative="0.45" departed="0" arrived="0" entered="1" left="0" laneChangedFrom="0" laneChangedTo="0"/>
        <edge id="t_s" sampledSeconds="2.66" traveltime="19.32" overlapTraveltime="19.84" density="1.43" laneDensity="0.48" occupancy="0.21" waitingTime="0.00" timeLoss="1.08" speed="9.65" speedRelative="0.69" departed="0" arrived="0" entered="1" left="0" laneChangedFrom="0" laneChangedTo="0"/>
        <edge id="t_w" sampledSeconds="1.45" traveltime="25.08" overlapTraveltime="25.75" density="0.78" laneDensity="0.26" occupancy="0.09" waitingTime="0.00" timeLoss="0.75" speed="7.43" speedRelative="0.54" departed="0" arrived="0" entered="1" left="0" laneChangedFrom="0" laneChangedTo="0"/>
        <edge id="w_t" sampledSeconds="176.77" traveltime="184.91" overlapTraveltime="185.43" density="94.84" laneDensity="31.61" occupancy="15.77" waitingTime="159.00" timeLoss="164.17" speed="1.03" speedRelative="0.07" departed="0" arrived="0" entered="0" left="1" laneChangedFrom="0" laneChangedTo="0"/>
    </interval>
    <interval begin="320.00" end="330.00" id="1">
        <edge id="e_t" sampledSeconds="170.00" traveltime="100000.00" overlapTraveltime="100000.00" density="91.20" laneDensity="30.40" occupancy="15.20" waitingTime="170.00" timeLoss="170.00" speed="0.00" speedRelative="0.00" departed="0" arrived="0" entered="0" left="0" laneChangedFrom="0" laneChangedTo="0"/>
        <edge id="n_t" sampledSeconds="20.00" traveltime="100000.00" overlapTraveltime="100000.00" density="10.73" laneDensity="3.58" occupancy="1.79" waitingTime="20.00" timeLoss="20.00" speed="0.00" speedRelative="0.00" departed="0" arrived="0" entered="0" left="0" laneChangedFrom="0" laneChangedTo="0"/>
        <edge id="s_t" sampledSeconds="22.12" traveltime="392.00" overlapTraveltime="278.77" density="11.86" laneDensity="3.95" occupancy="1.95" waitingTime="20.00" timeLoss="20.53" speed="0.69" speedRelative="0.05" departed="0" arrived="0" entered="0" left="1" laneChangedFrom="0" laneChangedTo="0"/>
        <edge id="t_e" sampledSeconds="18.38" traveltime="15.18" overlapTraveltime="15.59" density="9.86" laneDensity="3.29" occupancy="1.59" waitingTime="0.00" timeLoss="1.85" speed="12.28" speedRelative="0.88" departed="0" arrived="0" entered="2" left="0" laneChangedFrom="0" laneChangedTo="0"/>
        <edge id="t_n" sampledSeconds="10.00" traveltime="14.98" overlapTraveltime="15.38" density="5.36" laneDensity="1.79" occupancy="0.89" waitingTime="0.00" timeLoss="1.03" speed="12.44" speedRelative="0.90" departed="0" arrived="0" entered="0" left="0" laneChangedFrom="0" laneChangedTo="0"/>
        <edge id="t_s" sampledSeconds="10.00" traveltime="12.06" overlapTraveltime="12.38" density="5.36" laneDensity="1.79" occupancy="0.89" waitingTime="0.00" timeLoss="0.45" speed="15.46" speedRelative="1.11" departed="0" arrived="0" entered="0" left="0" laneChangedFrom="0" laneChangedTo="0"/>
        <edge id="t_w" sampledSeconds="15.26" traveltime="14.48" overlapTraveltime="14.87" density="8.19" laneDensity="2.73" occupancy="1.34" waitingTime="0.00" timeLoss="1.10" speed="12.87" speedRelative="0.93" departed="0" arrived="0" entered="1" left="0" laneChangedFrom="0" laneChangedTo="0"/>
        <edge id="w_t" sampledSeconds="170.00" overlapTraveltime="100000.00" density="91.20" laneDensity="30.40" occupancy="15.20" waitingTime="170.00" timeLoss="170.00" speed="0.00" speedRelative="0.00" departed="0" arrived="0" entered="0" left="0" laneChangedFrom="0" laneChangedTo="0"/>
    </interval>
    <interval begin="330.00" end="340.00" id="1">
        <edge id="e_t" sampledSeconds="188.00" traveltime="155.01" overlapTraveltime="159.17" density="100.86" laneDensity="33.62" occupancy="16.81" waitingTime="170.00" timeLoss="170.74" speed="1.20" speedRelative="0.09" departed="3" arrived="0" entered="0" left="0" laneChangedFrom="0" laneChangedTo="0"/>
        <edge id="n_t" sampledSeconds="38.00" traveltime="33.91" overlapTraveltime="34.81" density="20.39" laneDensity="6.80" occupancy="3.40" waitingTime="20.00" timeLoss="21.09" speed="5.50" speedRelative="0.40" departed="3" arrived="0" entered="0" left="0" laneChangedFrom="0" laneChangedTo="0"/>
        <edge id="s_t" sampledSeconds="38.00" traveltime="33.33" overlapTraveltime="34.22" density="20.39" laneDensity="6.80" occupancy="3.40" waitingTime="20.00" timeLoss="21.03" speed="5.59" speedRelative="0.40" departed="3" arrived="0" entered="0" left="0" laneChangedFrom="0" laneChangedTo="0"/>
        <edge id="t_e" sampledSeconds="11.79" traveltime="14.28" overlapTraveltime="14.68" density="6.32" laneDensity="2.11" occupancy="1.03" waitingTime="0.00" timeLoss="0.47" speed="13.04" speedRelative="0.94" departed="0" arrived="2" entered="0" left="0" laneChangedFrom="0" laneChangedTo="0"/>
        <edge id="t_n" sampledSeconds="4.88" traveltime="14.20" overlapTraveltime="14.54" density="2.62" laneDensity="0.87" occupancy="0.42" waitingTime="0.00" timeLoss="0.25" speed="13.17" speedRelative="0.95" departed="0" arrived="1" entered="0" left="0" laneChangedFrom="0" laneChangedTo="0"/>
        <edge id="t_s" sampledSeconds="0.75" traveltime="12.49" overlapTraveltime="12.83" density="0.40" laneDensity="0.13" occupancy="0.05" waitingTime="0.00" timeLoss="0.06" speed="14.92" speedRelative="1.07" departed="0" arrived="1" entered="0" left="0" laneChangedFrom="0" laneChangedTo="0"/>
        <edge id="t_w" sampledSeconds="12.77" traveltime="16.17" overlapTraveltime="16.50" density="6.85" laneDensity="2.28" occupancy="1.13" waitingTime="0.00" timeLoss="0.60" speed="11.60" speedRelative="0.84" departed="0" arrived="1" entered="0" left="0" laneChangedFrom="0" laneChangedTo="0"/>
        <edge id="w_t" sampledSeconds="188.00" traveltime="133.25" overlapTraveltime="136.83" density="100.86" laneDensity="33.62" occupancy="16.81" waitingTime="170.00" timeLoss="170.96" speed="1.40" speedRelative="0.10" departed="3" arrived="0" entered="0" left="0" laneChangedFrom="0" laneChangedTo="0"/>
    </interval>
