<?xml version="1.0" encoding="UTF-8"?>

<!-- generated on 2025-06-24 16:57:25 by Eclipse SUMO libsumo Version 1.19.0
<configuration xmlns:xsi="http://www.w3.org/2001/XMLSchema-instance" xsi:noNamespaceSchemaLocation="http://sumo.dlr.de/xsd/libsumoConfiguration.xsd">

    <input>
        <net-file value="./nets/syc/1x1/Equal_entries_140_CT/syc_4phases.net.xml"/>
        <route-files value="./nets/syc/1x1/Equal_entries_140_CT/equal_entries_140_54_15-85-TC.rou.xml"/>
        <additional-files value="./nets/syc/1x1/Equal_entries_140_CT/1x1_outputs.add.xml"/>
    </input>

    <output>
        <fcd-output value="./nets/syc/1x1/Equal_entries_140_CT/output/fcd_output.xml"/>
        <tripinfo-output value="./nets/syc/1x1/Equal_entries_140_CT/output/tripinfo.out.xml"/>
    </output>

    <time>
        <begin value="0"/>
        <end value="1000"/>
    </time>

    <processing>
        <time-to-teleport value="-1"/>
        <waiting-time-memory value="1000"/>
        <max-depart-delay value="-1"/>
    </processing>

    <random_number>
        <seed value="0"/>
    </random_number>

</configuration>
-->

<tripinfos xmlns:xsi="http://www.w3.org/2001/XMLSchema-instance" xsi:noNamespaceSchemaLocation="http://sumo.dlr.de/xsd/tripinfo_file.xsd">
    <tripinfo id="flow_en_car.0" depart="0.00" departLane="e_t_0" departPos="5.10" departSpeed="16.43" departDelay="0.00" arrival="27.00" arrivalLane="t_n_0" arrivalPos="186.40" arrivalSpeed="15.71" duration="27.00" routeLength="376.73" waitingTime="0.00" waitingCount="0" stopTime="0.00" timeLoss="3.41" rerouteNo="0" devices="tripinfo_flow_en_car.0 fcd_flow_en_car.0" vType="car" speedFactor="1.18" vaporized=""/>
    <tripinfo id="flow_se_car.0" depart="0.00" departLane="s_t_0" departPos="5.10" departSpeed="15.63" departDelay="0.00" arrival="29.00" arrivalLane="t_e_0" arrivalPos="186.40" arrivalSpeed="15.51" duration="29.00" routeLength="376.73" waitingTime="0.00" waitingCount="0" stopTime="0.00" timeLoss="3.02" rerouteNo="0" devices="tripinfo_flow_se_car.0 fcd_flow_se_car.0" vType="car" speedFactor="1.13" vaporized=""/>
    <tripinfo id="flow_ew_car.0" depart="0.00" departLane="e_t_1" departPos="5.10" departSpeed="14.41" departDelay="0.00" arrival="29.00" arrivalLane="t_w_1" arrivalPos="186.40" arrivalSpeed="13.23" duration="29.00" routeLength="394.90" waitingTime="0.00" waitingCount="0" stopTime="0.00" timeLoss="1.58" rerouteNo="0" devices="tripinfo_flow_ew_car.0 fcd_flow_ew_car.0" vType="car" speedFactor="1.04" vaporized=""/>
    <tripinfo id="flow_ws_car.0" depart="0.00" departLane="w_t_0" departPos="5.10" departSpeed="15.38" departDelay="0.00" arrival="29.00" arrivalLane="t_s_0" arrivalPos="186.40" arrivalSpeed="14.32" duration="29.00" routeLength="376.73" waitingTime="0.00" waitingCount="0" stopTime="0.00" timeLoss="3.27" rerouteNo="0" devices="tripinfo_flow_ws_car.0 fcd_flow_ws_car.0" vType="car" speedFactor="1.11" vaporized=""/>
    <tripinfo id="flow_nw_car.0" depart="0.00" departLane="n_t_0" departPos="5.10" departSpeed="14.31" departDelay="0.00" arrival="31.00" arrivalLane="t_w_0" arrivalPos="186.40" arrivalSpeed="13.04" duration="31.00" routeLength="376.73" waitingTime="0.00" waitingCount="0" stopTime="0.00" timeLoss="3.76" rerouteNo="0" devices="tripinfo_flow_nw_car.0 fcd_flow_nw_car.0" vType="car" speedFactor="1.03" vaporized=""/>
    <tripinfo id="flow_we_car.0" depart="0.00" departLane="w_t_1" departPos="5.10" departSpeed="12.94" departDelay="0.00" arrival="33.00" arrivalLane="t_e_1" arrivalPos="186.40" arrivalSpeed="12.93" duration="33.00" routeLength="394.90" waitingTime="0.00" waitingCount="0" stopTime="0.00" timeLoss="1.70" rerouteNo="0" devices="tripinfo_flow_we_car.0 fcd_flow_we_car.0" vType="car" speedFactor="0.93" vaporized=""/>
    <tripinfo id="flow_nw_truck.0" depart="1.00" departLane="n_t_0" departPos="5.10" departSpeed="10.70" departDelay="1.00" arrival="34.00" arrivalLane="t_w_0" arrivalPos="186.40" arrivalSpeed="13.42" duration="33.00" routeLength="376.73" waitingTime="0.00" waitingCount="0" stopTime="0.00" timeLoss="4.80" rerouteNo="0" devices="tripinfo_flow_nw_truck.0 fcd_flow_nw_truck.0" vType="truck" speedFactor="1.02" vaporized=""/>
    <tripinfo id="flow_se_truck.0" depart="1.00" departLane="s_t_0" departPos="5.10" departSpeed="12.72" departDelay="1.00" arrival="34.00" arrivalLane="t_e_0" arrivalPos="186.40" arrivalSpeed="12.57" duration="33.00" routeLength="376.73" waitingTime="0.00" waitingCount="0" stopTime="0.00" timeLoss="3.07" rerouteNo="0" devices="tripinfo_flow_se_truck.0 fcd_flow_se_truck.0" vType="truck" speedFactor="0.95" vaporized=""/>
    <tripinfo id="flow_ws_truck.0" depart="1.00" departLane="w_t_0" departPos="5.10" departSpeed="13.04" departDelay="1.00" arrival="34.00" arrivalLane="t_s_0" arrivalPos="186.40" arrivalSpeed="13.04" duration="33.00" routeLength="376.73" waitingTime="0.00" waitingCount="0" stopTime="0.00" timeLoss="3.51" rerouteNo="0" devices="tripinfo_flow_ws_truck.0 fcd_flow_ws_truck.0" vType="truck" speedFactor="0.94" vaporized=""/>
    <tripinfo id="flow_sw_car.0" depart="0.00" departLane="s_t_2" departPos="5.10" departSpeed="14.64" departDelay="0.00" arrival="35.00" arrivalLane="t_w_2" arrivalPos="186.40" arrivalSpeed="13.78" duration="35.00" routeLength="392.21" waitingTime="0.00" waitingCount="0" stopTime="0.00" timeLoss="7.10" rerouteNo="0" devices="tripinfo_flow_sw_car.0 fcd_flow_sw_car.0" vType="car" speedFactor="1.05" vaporized=""/>
    <tripinfo id="flow_ne_car.0" depart="0.00" departLane="n_t_2" departPos="5.10" departSpeed="12.27" departDelay="0.00" arrival="36.00" arrivalLane="t_e_2" arrivalPos="186.40" arrivalSpeed="11.50" duration="36.00" routeLength="392.21" waitingTime="0.00" waitingCount="0" stopTime="0.00" timeLoss="2.88" rerouteNo="0" devices="tripinfo_flow_ne_car.0 fcd_flow_ne_car.0" vType="car" speedFactor="0.88" vaporized=""/>
    <tripinfo id="flow_sw_truck.0" depart="1.00" departLane="s_t_2" departPos="5.10" departSpeed="11.50" departDelay="1.00" arrival="36.00" arrivalLane="t_w_2" arrivalPos="186.40" arrivalSpeed="15.74" duration="35.00" routeLength="392.21" waitingTime="0.00" waitingCount="0" stopTime="0.00" timeLoss="12.32" rerouteNo="0" devices="tripinfo_flow_sw_truck.0 fcd_flow_sw_truck.0" vType="truck" speedFactor="1.27" vaporized=""/>
    <tripinfo id="flow_en_truck.0" depart="1.00" departLane="e_t_0" departPos="5.10" departSpeed="12.30" departDelay="1.00" arrival="36.00" arrivalLane="t_n_0" arrivalPos="186.40" arrivalSpeed="11.34" duration="35.00" routeLength="376.73" waitingTime="0.00" waitingCount="0" stopTime="0.00" timeLoss="3.23" rerouteNo="0" devices="tripinfo_flow_en_truck.0 fcd_flow_en_truck.0" vType="truck" speedFactor="0.89" vaporized=""/>
    <tripinfo id="flow_ne_truck.0" depart="1.00" departLane="n_t_2" departPos="5.10" departSpeed="9.38" departDelay="1.00" arrival="38.00" arrivalLane="t_e_2" arrivalPos="186.40" arrivalSpeed="15.17" duration="37.00" routeLength="392.21" waitingTime="0.00" waitingCount="0" stopTime="0.00" timeLoss="11.22" rerouteNo="0" devices="tripinfo_flow_ne_truck.0 fcd_flow_ne_truck.0" vType="truck" speedFactor="1.16" vaporized=""/>
    <tripinfo id="flow_nw_car.1" depart="31.00" departLane="n_t_0" departPos="5.10" departSpeed="15.08" departDelay="0.75" arrival="60.00" arrivalLane="t_w_0" arrivalPos="186.40" arrivalSpeed="15.05" duration="29.00" routeLength="376.73" waitingTime="0.00" waitingCount="0" stopTime="0.00" timeLoss="3.08" rerouteNo="0" devices="tripinfo_flow_nw_car.1 fcd_flow_nw_car.1" vType="car" speedFactor="1.09" vaporized=""/>
    <tripinfo id="flow_se_car.1" depart="31.00" departLane="s_t_0" departPos="5.10" departSpeed="14.63" departDelay="0.75" arrival="61.00" arrivalLane="t_e_0" arrivalPos="186.40" arrivalSpeed="14.28" duration="30.00" routeLength="376.73" waitingTime="0.00" waitingCount="0" stopTime="0.00" timeLoss="3.17" rerouteNo="0" devices="tripinfo_flow_se_car.1 fcd_flow_se_car.1" vType="car" speedFactor="1.05" vaporized=""/>
    <tripinfo id="flow_ws_car.1" depart="31.00" departLane="w_t_0" departPos="5.10" departSpeed="13.70" departDelay="0.75" arrival="62.00" arrivalLane="t_s_0" arrivalPos="186.40" arrivalSpeed="12.68" duration="31.00" routeLength="376.73" waitingTime="0.00" waitingCount="0" stopTime="0.00" timeLoss="2.74" rerouteNo="0" devices="tripinfo_flow_ws_car.1 fcd_flow_ws_car.1" vType="car" speedFactor="0.99" vaporized=""/>
    <tripinfo id="flow_en_car.1" depart="31.00" departLane="e_t_0" departPos="5.10" departSpeed="14.30" departDelay="0.75" arrival="62.00" arrivalLane="t_n_0" arrivalPos="186.40" arrivalSpeed="13.48" duration="31.00" routeLength="376.73" waitingTime="0.00" waitingCount="0" stopTime="0.00" timeLoss="3.47" rerouteNo="0" devices="tripinfo_flow_en_car.1 fcd_flow_en_car.1" vType="car" speedFactor="1.03" vaporized=""/>
    <tripinfo id="flow_ne_car.1" depart="31.00" departLane="n_t_2" departPos="5.10" departSpeed="13.57" departDelay="0.75" arrival="63.00" arrivalLane="t_e_2" arrivalPos="186.40" arrivalSpeed="12.59" duration="32.00" routeLength="392.21" waitingTime="0.00" waitingCount="0" stopTime="0.00" timeLoss="2.21" rerouteNo="0" devices="tripinfo_flow_ne_car.1 fcd_flow_ne_car.1" vType="car" speedFactor="0.98" vaporized=""/>
    <tripinfo id="flow_sw_car.1" depart="31.00" departLane="s_t_2" departPos="5.10" departSpeed="14.38" departDelay="0.75" arrival="63.00" arrivalLane="t_w_2" arrivalPos="186.40" arrivalSpeed="13.19" duration="32.00" routeLength="392.21" waitingTime="0.00" waitingCount="0" stopTime="0.00" timeLoss="3.26" rerouteNo="0" devices="tripinfo_flow_sw_car.1 fcd_flow_sw_car.1" vType="car" speedFactor="1.03" vaporized=""/>
    <tripinfo id="flow_ws_car.2" depart="61.00" departLane="w_t_0" departPos="5.10" departSpeed="16.41" departDelay="0.50" arrival="88.00" arrivalLane="t_s_0" arrivalPos="186.40" arrivalSpeed="15.74" duration="27.00" routeLength="376.73" waitingTime="0.00" waitingCount="0" stopTime="0.00" timeLoss="3.05" rerouteNo="0" devices="tripinfo_flow_ws_car.2 fcd_flow_ws_car.2" vType="car" speedFactor="1.18" vaporized=""/>
    <tripinfo id="flow_we_truck.0" depart="1.00" departLane="w_t_1" departPos="5.10" departSpeed="10.39" departDelay="1.00" arrival="90.00" arrivalLane="t_e_1" arrivalPos="186.40" arrivalSpeed="13.15" duration="89.00" routeLength="394.90" waitingTime="52.00" waitingCount="1" stopTime="0.00" timeLoss="60.14" rerouteNo="0" devices="tripinfo_flow_we_truck.0 fcd_flow_we_truck.0" vType="truck" speedFactor="0.99" vaporized=""/>
    <tripinfo id="flow_ew_truck.0" depart="1.00" departLane="e_t_1" departPos="5.10" departSpeed="10.90" departDelay="1.00" arrival="90.00" arrivalLane="t_w_1" arrivalPos="186.40" arrivalSpeed="13.66" duration="89.00" routeLength="394.90" waitingTime="53.00" waitingCount="1" stopTime="0.00" timeLoss="61.57" rerouteNo="0" devices="tripinfo_flow_ew_truck.0 fcd_flow_ew_truck.0" vType="truck" speedFactor="1.04" vaporized=""/>
    <tripinfo id="flow_we_car.1" depart="31.00" departLane="w_t_1" departPos="5.10" departSpeed="16.00" departDelay="0.75" arrival="92.00" arrivalLane="t_e_1" arrivalPos="186.40" arrivalSpeed="14.76" duration="61.00" routeLength="394.90" waitingTime="26.00" waitingCount="1" stopTime="0.00" timeLoss="35.91" rerouteNo="0" devices="tripinfo_flow_we_car.1 fcd_flow_we_car.1" vType="car" speedFactor="1.15" vaporized=""/>
    <tripinfo id="flow_ew_car.1" depart="31.00" departLane="e_t_1" departPos="5.10" departSpeed="16.53" departDelay="0.75" arrival="92.00" arrivalLane="t_w_1" arrivalPos="186.40" arrivalSpeed="15.88" duration="61.00" routeLength="394.90" waitingTime="26.00" waitingCount="1" stopTime="0.00" timeLoss="36.54" rerouteNo="0" devices="tripinfo_flow_ew_car.1 fcd_flow_ew_car.1" vType="car" speedFactor="1.19" vaporized=""/>
    <tripinfo id="flow_se_car.2" depart="61.00" departLane="s_t_0" departPos="5.10" departSpeed="14.00" departDelay="0.50" arrival="92.00" arrivalLane="t_e_0" arrivalPos="186.40" arrivalSpeed="13.50" duration="31.00" routeLength="376.73" waitingTime="0.00" waitingCount="0" stopTime="0.00" timeLoss="3.60" rerouteNo="0" devices="tripinfo_flow_se_car.2 fcd_flow_se_car.2" vType="car" speedFactor="1.01" vaporized=""/>
    <tripinfo id="flow_nw_car.2" depart="61.00" departLane="n_t_0" departPos="5.10" departSpeed="12.24" departDelay="0.50" arrival="96.00" arrivalLane="t_w_0" arrivalPos="186.40" arrivalSpeed="11.15" duration="35.00" routeLength="376.73" waitingTime="0.00" waitingCount="0" stopTime="0.00" timeLoss="3.55" rerouteNo="0" devices="tripinfo_flow_nw_car.2 fcd_flow_nw_car.2" vType="car" speedFactor="0.88" vaporized=""/>
    <tripinfo id="flow_we_car.2" depart="61.00" departLane="w_t_1" departPos="5.10" departSpeed="12.61" departDelay="0.50" arrival="96.00" arrivalLane="t_e_1" arrivalPos="186.40" arrivalSpeed="11.33" duration="35.00" routeLength="394.90" waitingTime="0.00" waitingCount="0" stopTime="0.00" timeLoss="3.22" rerouteNo="0" devices="tripinfo_flow_we_car.2 fcd_flow_we_car.2" vType="car" speedFactor="0.91" vaporized=""/>
    <tripinfo id="flow_ew_car.2" depart="61.00" departLane="e_t_1" departPos="5.10" departSpeed="12.85" departDelay="0.50" arrival="96.00" arrivalLane="t_w_1" arrivalPos="186.40" arrivalSpeed="12.82" duration="35.00" routeLength="394.90" waitingTime="0.00" waitingCount="0" stopTime="0.00" timeLoss="3.47" rerouteNo="0" devices="tripinfo_flow_ew_car.2 fcd_flow_ew_car.2" vType="car" speedFactor="0.93" vaporized=""/>
    <tripinfo id="flow_en_car.2" depart="61.00" departLane="e_t_0" departPos="5.10" departSpeed="11.77" departDelay="0.50" arrival="98.00" arrivalLane="t_n_0" arrivalPos="186.40" arrivalSpeed="10.73" duration="37.00" routeLength="376.73" waitingTime="0.00" waitingCount="0" stopTime="0.00" timeLoss="3.60" rerouteNo="0" devices="tripinfo_flow_en_car.2 fcd_flow_en_car.2" vType="car" speedFactor="0.85" vaporized=""/>
    <tripinfo id="flow_ne_car.2" depart="61.00" departLane="n_t_2" departPos="5.10" departSpeed="13.13" departDelay="0.50" arrival="106.00" arrivalLane="t_e_2" arrivalPos="186.40" arrivalSpeed="12.05" duration="45.00" routeLength="392.21" waitingTime="8.00" waitingCount="1" stopTime="0.00" timeLoss="14.09" rerouteNo="0" devices="tripinfo_flow_ne_car.2 fcd_flow_ne_car.2" vType="car" speedFactor="0.94" vaporized=""/>
    <tripinfo id="flow_sw_car.2" depart="61.00" departLane="s_t_2" departPos="5.10" departSpeed="12.35" departDelay="0.50" arrival="107.00" arrivalLane="t_w_2" arrivalPos="186.40" arrivalSpeed="12.14" duration="46.00" routeLength="392.21" waitingTime="7.00" waitingCount="1" stopTime="0.00" timeLoss="13.20" rerouteNo="0" devices="tripinfo_flow_sw_car.2 fcd_flow_sw_car.2" vType="car" speedFactor="0.89" vaporized=""/>
    <tripinfo id="flow_ws_car.3" depart="91.00" departLane="w_t_0" departPos="5.10" departSpeed="16.94" departDelay="0.24" arrival="118.00" arrivalLane="t_s_0" arrivalPos="186.40" arrivalSpeed="16.32" duration="27.00" routeLength="376.73" waitingTime="0.00" waitingCount="0" stopTime="0.00" timeLoss="3.40" rerouteNo="0" devices="tripinfo_flow_ws_car.3 fcd_flow_ws_car.3" vType="car" speedFactor="1.22" vaporized=""/>
    <tripinfo id="flow_en_car.3" depart="91.00" departLane="e_t_0" departPos="5.10" departSpeed="13.14" departDelay="0.24" arrival="124.00" arrivalLane="t_n_0" arrivalPos="186.40" arrivalSpeed="12.84" duration="33.00" routeLength="376.73" waitingTime="0.00" waitingCount="0" stopTime="0.00" timeLoss="3.32" rerouteNo="0" devices="tripinfo_flow_en_car.3 fcd_flow_en_car.3" vType="car" speedFactor="0.95" vaporized=""/>
    <tripinfo id="flow_sw_car.3" depart="91.00" departLane="s_t_2" departPos="5.10" departSpeed="13.23" departDelay="0.24" arrival="125.00" arrivalLane="t_w_2" arrivalPos="186.40" arrivalSpeed="12.41" duration="34.00" routeLength="392.21" waitingTime="0.00" waitingCount="0" stopTime="0.00" timeLoss="2.94" rerouteNo="0" devices="tripinfo_flow_sw_car.3 fcd_flow_sw_car.3" vType="car" speedFactor="0.95" vaporized=""/>
    <tripinfo id="flow_nw_car.3" depart="91.00" departLane="n_t_0" departPos="5.10" departSpeed="12.56" departDelay="0.24" arrival="126.00" arrivalLane="t_w_0" arrivalPos="186.40" arrivalSpeed="12.22" duration="35.00" routeLength="376.73" waitingTime="0.00" waitingCount="0" stopTime="0.00" timeLoss="3.82" rerouteNo="0" devices="tripinfo_flow_nw_car.3 fcd_flow_nw_car.3" vType="car" speedFactor="0.90" vaporized=""/>
    <tripinfo id="flow_ne_car.3" depart="91.00" departLane="n_t_2" departPos="5.10" departSpeed="12.88" departDelay="0.24" arrival="126.00" arrivalLane="t_e_2" arrivalPos="186.40" arrivalSpeed="12.71" duration="35.00" routeLength="392.21" waitingTime="0.00" waitingCount="0" stopTime="0.00" timeLoss="3.60" rerouteNo="0" devices="tripinfo_flow_ne_car.3 fcd_flow_ne_car.3" vType="car" speedFactor="0.93" vaporized=""/>
    <tripinfo id="flow_se_car.3" depart="91.00" departLane="s_t_0" departPos="5.10" departSpeed="12.26" departDelay="0.24" arrival="126.00" arrivalLane="t_e_0" arrivalPos="186.40" arrivalSpeed="11.46" duration="35.00" routeLength="376.73" waitingTime="0.00" waitingCount="0" stopTime="0.00" timeLoss="3.45" rerouteNo="0" devices="tripinfo_flow_se_car.3 fcd_flow_se_car.3" vType="car" speedFactor="0.88" vaporized=""/>
    <tripinfo id="flow_sw_car.4" depart="122.00" departLane="s_t_2" departPos="5.10" departSpeed="16.39" departDelay="0.99" arrival="149.00" arrivalLane="t_w_2" arrivalPos="186.40" arrivalSpeed="15.74" duration="27.00" routeLength="392.21" waitingTime="0.00" waitingCount="0" stopTime="0.00" timeLoss="2.42" rerouteNo="0" devices="tripinfo_flow_sw_car.4 fcd_flow_sw_car.4" vType="car" speedFactor="1.18" vaporized=""/>
    <tripinfo id="flow_ws_car.4" depart="122.00" departLane="w_t_0" departPos="5.10" departSpeed="14.34" departDelay="0.99" arrival="152.00" arrivalLane="t_s_0" arrivalPos="186.40" arrivalSpeed="14.22" duration="30.00" routeLength="376.73" waitingTime="0.00" waitingCount="0" stopTime="0.00" timeLoss="2.61" rerouteNo="0" devices="tripinfo_flow_ws_car.4 fcd_flow_ws_car.4" vType="car" speedFactor="1.03" vaporized=""/>
    <tripinfo id="flow_en_car.4" depart="122.00" departLane="e_t_0" departPos="5.10" departSpeed="14.53" departDelay="0.99" arrival="152.00" arrivalLane="t_n_0" arrivalPos="186.40" arrivalSpeed="13.30" duration="30.00" routeLength="376.73" waitingTime="0.00" waitingCount="0" stopTime="0.00" timeLoss="3.03" rerouteNo="0" devices="tripinfo_flow_en_car.4 fcd_flow_en_car.4" vType="car" speedFactor="1.05" vaporized=""/>
    <tripinfo id="flow_se_car.4" depart="122.00" departLane="s_t_0" departPos="5.10" departSpeed="14.16" departDelay="0.99" arrival="153.00" arrivalLane="t_e_0" arrivalPos="186.40" arrivalSpeed="13.00" duration="31.00" routeLength="376.73" waitingTime="0.00" waitingCount="0" stopTime="0.00" timeLoss="3.39" rerouteNo="0" devices="tripinfo_flow_se_car.4 fcd_flow_se_car.4" vType="car" speedFactor="1.02" vaporized=""/>
    <tripinfo id="flow_nw_car.4" depart="122.00" departLane="n_t_0" departPos="5.10" departSpeed="12.89" departDelay="0.99" arrival="155.00" arrivalLane="t_w_0" arrivalPos="186.40" arrivalSpeed="12.77" duration="33.00" routeLength="376.73" waitingTime="0.00" waitingCount="0" stopTime="0.00" timeLoss="2.86" rerouteNo="0" devices="tripinfo_flow_nw_car.4 fcd_flow_nw_car.4" vType="car" speedFactor="0.93" vaporized=""/>
    <tripinfo id="flow_ne_car.4" depart="122.00" departLane="n_t_2" departPos="5.10" departSpeed="13.40" departDelay="0.99" arrival="156.00" arrivalLane="t_e_2" arrivalPos="186.40" arrivalSpeed="13.08" duration="34.00" routeLength="392.21" waitingTime="0.00" waitingCount="0" stopTime="0.00" timeLoss="3.26" rerouteNo="0" devices="tripinfo_flow_ne_car.4 fcd_flow_ne_car.4" vType="car" speedFactor="0.96" vaporized=""/>
    <tripinfo id="flow_se_car.5" depart="152.00" departLane="s_t_0" departPos="5.10" departSpeed="16.43" departDelay="0.74" arrival="179.00" arrivalLane="t_e_0" arrivalPos="186.40" arrivalSpeed="16.03" duration="27.00" routeLength="376.73" waitingTime="0.00" waitingCount="0" stopTime="0.00" timeLoss="3.37" rerouteNo="0" devices="tripinfo_flow_se_car.5 fcd_flow_se_car.5" vType="car" speedFactor="1.18" vaporized=""/>
    <tripinfo id="flow_en_car.5" depart="152.00" departLane="e_t_0" departPos="5.10" departSpeed="15.80" departDelay="0.74" arrival="180.00" arrivalLane="t_n_0" arrivalPos="186.40" arrivalSpeed="14.65" duration="28.00" routeLength="376.73" waitingTime="0.00" waitingCount="0" stopTime="0.00" timeLoss="3.14" rerouteNo="0" devices="tripinfo_flow_en_car.5 fcd_flow_en_car.5" vType="car" speedFactor="1.14" vaporized=""/>
    <tripinfo id="flow_sw_car.5" depart="152.00" departLane="s_t_2" departPos="5.10" departSpeed="15.41" departDelay="0.74" arrival="181.00" arrivalLane="t_w_2" arrivalPos="186.40" arrivalSpeed="14.29" duration="29.00" routeLength="392.21" waitingTime="0.00" waitingCount="0" stopTime="0.00" timeLoss="2.98" rerouteNo="0" devices="tripinfo_flow_sw_car.5 fcd_flow_sw_car.5" vType="car" speedFactor="1.11" vaporized=""/>
    <tripinfo id="flow_ws_car.5" depart="152.00" departLane="w_t_0" departPos="5.10" departSpeed="12.77" departDelay="0.74" arrival="185.00" arrivalLane="t_s_0" arrivalPos="186.40" arrivalSpeed="12.39" duration="33.00" routeLength="376.73" waitingTime="0.00" waitingCount="0" stopTime="0.00" timeLoss="3.01" rerouteNo="0" devices="tripinfo_flow_ws_car.5 fcd_flow_ws_car.5" vType="car" speedFactor="0.92" vaporized=""/>
    <tripinfo id="flow_nw_car.5" depart="152.00" departLane="n_t_0" departPos="5.10" departSpeed="12.63" departDelay="0.74" arrival="186.00" arrivalLane="t_w_0" arrivalPos="186.40" arrivalSpeed="12.08" duration="34.00" routeLength="376.73" waitingTime="0.00" waitingCount="0" stopTime="0.00" timeLoss="3.28" rerouteNo="0" devices="tripinfo_flow_nw_car.5 fcd_flow_nw_car.5" vType="car" speedFactor="0.91" vaporized=""/>
    <tripinfo id="flow_ne_car.5" depart="152.00" departLane="n_t_2" departPos="5.10" departSpeed="12.20" departDelay="0.74" arrival="188.00" arrivalLane="t_e_2" arrivalPos="186.40" arrivalSpeed="11.13" duration="36.00" routeLength="392.21" waitingTime="0.00" waitingCount="0" stopTime="0.00" timeLoss="2.98" rerouteNo="0" devices="tripinfo_flow_ne_car.5 fcd_flow_ne_car.5" vType="car" speedFactor="0.88" vaporized=""/>
    <tripinfo id="flow_en_truck.1" depart="172.00" departLane="e_t_0" departPos="5.10" departSpeed="16.23" departDelay="0.57" arrival="199.00" arrivalLane="t_n_0" arrivalPos="186.40" arrivalSpeed="15.52" duration="27.00" routeLength="376.73" waitingTime="0.00" waitingCount="0" stopTime="0.00" timeLoss="2.88" rerouteNo="0" devices="tripinfo_flow_en_truck.1 fcd_flow_en_truck.1" vType="truck" speedFactor="1.17" vaporized=""/>
    <tripinfo id="flow_ws_truck.1" depart="172.00" departLane="w_t_0" departPos="5.10" departSpeed="14.94" departDelay="0.57" arrival="201.00" arrivalLane="t_s_0" arrivalPos="186.40" arrivalSpeed="13.65" duration="29.00" routeLength="376.73" waitingTime="0.00" waitingCount="0" stopTime="0.00" timeLoss="3.19" rerouteNo="0" devices="tripinfo_flow_ws_truck.1 fcd_flow_ws_truck.1" vType="truck" speedFactor="1.08" vaporized=""/>
    <tripinfo id="flow_ne_truck.1" depart="172.00" departLane="n_t_2" departPos="5.10" departSpeed="14.31" departDelay="0.57" arrival="203.00" arrivalLane="t_e_2" arrivalPos="186.40" arrivalSpeed="13.11" duration="31.00" routeLength="392.21" waitingTime="0.00" waitingCount="0" stopTime="0.00" timeLoss="2.85" rerouteNo="0" devices="tripinfo_flow_ne_truck.1 fcd_flow_ne_truck.1" vType="truck" speedFactor="1.03" vaporized=""/>
    <tripinfo id="flow_sw_truck.1" depart="172.00" departLane="s_t_2" departPos="5.10" departSpeed="14.38" departDelay="0.57" arrival="203.00" arrivalLane="t_w_2" arrivalPos="186.40" arrivalSpeed="13.72" duration="31.00" routeLength="392.21" waitingTime="0.00" waitingCount="0" stopTime="0.00" timeLoss="2.81" rerouteNo="0" devices="tripinfo_flow_sw_truck.1 fcd_flow_sw_truck.1" vType="truck" speedFactor="1.04" vaporized=""/>
    <tripinfo id="flow_nw_truck.1" depart="172.00" departLane="n_t_0" departPos="5.10" departSpeed="13.56" departDelay="0.57" arrival="204.00" arrivalLane="t_w_0" arrivalPos="186.40" arrivalSpeed="13.27" duration="32.00" routeLength="376.73" waitingTime="0.00" waitingCount="0" stopTime="0.00" timeLoss="3.20" rerouteNo="0" devices="tripinfo_flow_nw_truck.1 fcd_flow_nw_truck.1" vType="truck" speedFactor="0.98" vaporized=""/>
    <tripinfo id="flow_se_truck.1" depart="172.00" departLane="s_t_0" departPos="5.10" departSpeed="12.83" departDelay="0.57" arrival="205.00" arrivalLane="t_e_0" arrivalPos="186.40" arrivalSpeed="11.96" duration="33.00" routeLength="376.73" waitingTime="0.00" waitingCount="0" stopTime="0.00" timeLoss="3.02" rerouteNo="0" devices="tripinfo_flow_se_truck.1 fcd_flow_se_truck.1" vType="truck" speedFactor="0.92" vaporized=""/>
    <tripinfo id="flow_nw_car.6" depart="182.00" departLane="n_t_0" departPos="5.10" departSpeed="16.17" departDelay="0.49" arrival="209.00" arrivalLane="t_w_0" arrivalPos="186.40" arrivalSpeed="15.59" duration="27.00" routeLength="376.73" waitingTime="0.00" waitingCount="0" stopTime="0.00" timeLoss="2.81" rerouteNo="0" devices="tripinfo_flow_nw_car.6 fcd_flow_nw_car.6" vType="car" speedFactor="1.16" vaporized=""/>
    <tripinfo id="flow_ws_car.6" depart="182.00" departLane="w_t_0" departPos="5.10" departSpeed="13.63" departDelay="0.49" arrival="213.00" arrivalLane="t_s_0" arrivalPos="186.40" arrivalSpeed="13.09" duration="31.00" routeLength="376.73" waitingTime="0.00" waitingCount="0" stopTime="0.00" timeLoss="2.74" rerouteNo="0" devices="tripinfo_flow_ws_car.6 fcd_flow_ws_car.6" vType="car" speedFactor="0.98" vaporized=""/>
    <tripinfo id="flow_en_car.6" depart="182.00" departLane="e_t_0" departPos="5.10" departSpeed="13.51" departDelay="0.49" arrival="214.00" arrivalLane="t_n_0" arrivalPos="186.40" arrivalSpeed="13.17" duration="32.00" routeLength="376.73" waitingTime="0.00" waitingCount="0" stopTime="0.00" timeLoss="2.90" rerouteNo="0" devices="tripinfo_flow_en_car.6 fcd_flow_en_car.6" vType="car" speedFactor="0.97" vaporized=""/>
    <tripinfo id="flow_sw_car.6" depart="182.00" departLane="s_t_2" departPos="5.10" departSpeed="13.36" departDelay="0.49" arrival="216.00" arrivalLane="t_w_2" arrivalPos="186.40" arrivalSpeed="12.63" duration="34.00" routeLength="392.21" waitingTime="0.00" waitingCount="0" stopTime="0.00" timeLoss="3.18" rerouteNo="0" devices="tripinfo_flow_sw_car.6 fcd_flow_sw_car.6" vType="car" speedFactor="0.96" vaporized=""/>
    <tripinfo id="flow_se_car.6" depart="182.00" departLane="s_t_0" departPos="5.10" departSpeed="12.52" departDelay="0.49" arrival="217.00" arrivalLane="t_e_0" arrivalPos="186.40" arrivalSpeed="12.38" duration="35.00" routeLength="376.73" waitingTime="0.00" waitingCount="0" stopTime="0.00" timeLoss="3.95" rerouteNo="0" devices="tripinfo_flow_se_car.6 fcd_flow_se_car.6" vType="car" speedFactor="0.90" vaporized=""/>
    <tripinfo id="flow_ne_car.6" depart="182.00" departLane="n_t_2" departPos="5.10" departSpeed="12.20" departDelay="0.49" arrival="218.00" arrivalLane="t_e_2" arrivalPos="186.40" arrivalSpeed="10.94" duration="36.00" routeLength="392.21" waitingTime="0.00" waitingCount="0" stopTime="0.00" timeLoss="2.92" rerouteNo="0" devices="tripinfo_flow_ne_car.6 fcd_flow_ne_car.6" vType="car" speedFactor="0.88" vaporized=""/>
    <tripinfo id="flow_wn_car.0" depart="0.00" departLane="w_t_2" departPos="5.10" departSpeed="14.68" departDelay="0.00" arrival="239.00" arrivalLane="t_n_2" arrivalPos="186.40" arrivalSpeed="14.64" duration="239.00" routeLength="392.21" waitingTime="205.00" waitingCount="1" stopTime="0.00" timeLoss="211.63" rerouteNo="0" devices="tripinfo_flow_wn_car.0 fcd_flow_wn_car.0" vType="car" speedFactor="1.06" vaporized=""/>
    <tripinfo id="flow_ws_car.7" depart="212.00" departLane="w_t_0" departPos="5.10" departSpeed="16.39" departDelay="0.24" arrival="239.00" arrivalLane="t_s_0" arrivalPos="186.40" arrivalSpeed="16.26" duration="27.00" routeLength="376.73" waitingTime="0.00" waitingCount="0" stopTime="0.00" timeLoss="3.32" rerouteNo="0" devices="tripinfo_flow_ws_car.7 fcd_flow_ws_car.7" vType="car" speedFactor="1.18" vaporized=""/>
    <tripinfo id="flow_es_car.0" depart="0.00" departLane="e_t_2" departPos="5.10" departSpeed="13.97" departDelay="0.00" arrival="240.00" arrivalLane="t_s_2" arrivalPos="186.40" arrivalSpeed="13.12" duration="240.00" routeLength="392.21" waitingTime="205.00" waitingCount="1" stopTime="0.00" timeLoss="211.01" rerouteNo="0" devices="tripinfo_flow_es_car.0 fcd_flow_es_car.0" vType="car" speedFactor="1.01" vaporized=""/>
    <tripinfo id="flow_en_car.7" depart="212.00" departLane="e_t_0" departPos="5.10" departSpeed="14.79" departDelay="0.24" arrival="241.00" arrivalLane="t_n_0" arrivalPos="186.40" arrivalSpeed="13.93" duration="29.00" routeLength="376.73" waitingTime="0.00" waitingCount="0" stopTime="0.00" timeLoss="2.91" rerouteNo="0" devices="tripinfo_flow_en_car.7 fcd_flow_en_car.7" vType="car" speedFactor="1.06" vaporized=""/>
    <tripinfo id="flow_nw_car.7" depart="212.00" departLane="n_t_0" departPos="5.10" departSpeed="13.99" departDelay="0.24" arrival="243.00" arrivalLane="t_w_0" arrivalPos="186.40" arrivalSpeed="13.66" duration="31.00" routeLength="376.73" waitingTime="0.00" waitingCount="0" stopTime="0.00" timeLoss="3.06" rerouteNo="0" devices="tripinfo_flow_nw_car.7 fcd_flow_nw_car.7" vType="car" speedFactor="1.01" vaporized=""/>
    <tripinfo id="flow_se_car.7" depart="212.00" departLane="s_t_0" departPos="5.10" departSpeed="13.54" departDelay="0.24" arrival="244.00" arrivalLane="t_e_0" arrivalPos="186.40" arrivalSpeed="12.71" duration="32.00" routeLength="376.73" waitingTime="0.00" waitingCount="0" stopTime="0.00" timeLoss="3.03" rerouteNo="0" devices="tripinfo_flow_se_car.7 fcd_flow_se_car.7" vType="car" speedFactor="0.97" vaporized=""/>
    <tripinfo id="flow_wn_truck.0" depart="1.00" departLane="w_t_2" departPos="5.10" departSpeed="10.06" departDelay="1.00" arrival="248.00" arrivalLane="t_n_1" arrivalPos="186.40" arrivalSpeed="9.58" duration="247.00" routeLength="392.21" waitingTime="201.00" waitingCount="1" stopTime="0.00" timeLoss="207.02" rerouteNo="0" devices="tripinfo_flow_wn_truck.0 fcd_flow_wn_truck.0" vType="truck" speedFactor="0.72" vaporized=""/>
    <tripinfo id="flow_es_truck.0" depart="1.00" departLane="e_t_2" departPos="5.10" departSpeed="10.41" departDelay="1.00" arrival="248.00" arrivalLane="t_s_1" arrivalPos="186.40" arrivalSpeed="10.16" duration="247.00" routeLength="392.21" waitingTime="200.00" waitingCount="1" stopTime="0.00" timeLoss="208.07" rerouteNo="0" devices="tripinfo_flow_es_truck.0 fcd_flow_es_truck.0" vType="truck" speedFactor="0.75" vaporized=""/>
    <tripinfo id="flow_wn_car.1" depart="31.00" departLane="w_t_2" departPos="5.10" departSpeed="11.71" departDelay="0.75" arrival="249.00" arrivalLane="t_n_2" arrivalPos="186.40" arrivalSpeed="10.95" duration="218.00" routeLength="392.21" waitingTime="174.00" waitingCount="1" stopTime="0.00" timeLoss="183.53" rerouteNo="0" devices="tripinfo_flow_wn_car.1 fcd_flow_wn_car.1" vType="car" speedFactor="0.84" vaporized=""/>
    <tripinfo id="flow_es_car.1" depart="31.00" departLane="e_t_2" departPos="5.10" departSpeed="15.71" departDelay="0.75" arrival="250.00" arrivalLane="t_s_1" arrivalPos="186.40" arrivalSpeed="13.21" duration="219.00" routeLength="392.21" waitingTime="178.00" waitingCount="1" stopTime="0.00" timeLoss="192.83" rerouteNo="0" devices="tripinfo_flow_es_car.1 fcd_flow_es_car.1" vType="car" speedFactor="1.13" vaporized=""/>
    <tripinfo id="flow_wn_car.2" depart="61.00" departLane="w_t_2" departPos="5.10" departSpeed="12.21" departDelay="0.50" arrival="251.00" arrivalLane="t_n_2" arrivalPos="186.40" arrivalSpeed="12.05" duration="190.00" routeLength="392.21" waitingTime="148.00" waitingCount="1" stopTime="0.00" timeLoss="156.63" rerouteNo="0" devices="tripinfo_flow_wn_car.2 fcd_flow_wn_car.2" vType="car" speedFactor="0.88" vaporized=""/>
    <tripinfo id="flow_es_car.2" depart="61.00" departLane="e_t_2" departPos="5.10" departSpeed="10.40" departDelay="0.50" arrival="254.00" arrivalLane="t_s_2" arrivalPos="186.40" arrivalSpeed="9.41" duration="193.00" routeLength="392.21" waitingTime="144.00" waitingCount="1" stopTime="0.00" timeLoss="153.80" rerouteNo="0" devices="tripinfo_flow_es_car.2 fcd_flow_es_car.2" vType="car" speedFactor="0.75" vaporized=""/>
    <tripinfo id="flow_ns_car.0" depart="0.00" departLane="n_t_1" departPos="5.10" departSpeed="15.51" departDelay="0.00" arrival="255.00" arrivalLane="t_s_1" arrivalPos="186.40" arrivalSpeed="14.56" duration="255.00" routeLength="394.90" waitingTime="220.00" waitingCount="1" stopTime="0.00" timeLoss="228.80" rerouteNo="0" devices="tripinfo_flow_ns_car.0 fcd_flow_ns_car.0" vType="car" speedFactor="1.12" vaporized=""/>
    <tripinfo id="flow_es_car.3" depart="91.00" departLane="e_t_2" departPos="5.10" departSpeed="12.69" departDelay="0.24" arrival="255.00" arrivalLane="t_s_2" arrivalPos="186.40" arrivalSpeed="11.68" duration="164.00" routeLength="392.21" waitingTime="119.00" waitingCount="1" stopTime="0.00" timeLoss="132.39" rerouteNo="0" devices="tripinfo_flow_es_car.3 fcd_flow_es_car.3" vType="car" speedFactor="0.91" vaporized=""/>
    <tripinfo id="flow_sn_car.0" depart="0.00" departLane="s_t_1" departPos="5.10" departSpeed="13.13" departDelay="0.00" arrival="256.00" arrivalLane="t_n_1" arrivalPos="186.40" arrivalSpeed="12.83" duration="256.00" routeLength="394.90" waitingTime="219.00" waitingCount="1" stopTime="0.00" timeLoss="225.48" rerouteNo="0" devices="tripinfo_flow_sn_car.0 fcd_flow_sn_car.0" vType="car" speedFactor="0.95" vaporized=""/>
    <tripinfo id="flow_ns_truck.0" depart="1.00" departLane="n_t_1" departPos="5.10" departSpeed="13.29" departDelay="1.00" arrival="257.00" arrivalLane="t_s_1" arrivalPos="186.40" arrivalSpeed="13.88" duration="256.00" routeLength="394.90" waitingTime="220.00" waitingCount="1" stopTime="0.00" timeLoss="228.72" rerouteNo="0" devices="tripinfo_flow_ns_truck.0 fcd_flow_ns_truck.0" vType="truck" speedFactor="1.05" vaporized=""/>
    <tripinfo id="flow_wn_car.3" depart="91.00" departLane="w_t_2" departPos="5.10" departSpeed="9.51" departDelay="0.24" arrival="259.00" arrivalLane="t_n_1" arrivalPos="186.40" arrivalSpeed="8.67" duration="168.00" routeLength="392.21" waitingTime="113.00" waitingCount="1" stopTime="0.00" timeLoss="125.01" rerouteNo="0" devices="tripinfo_flow_wn_car.3 fcd_flow_wn_car.3" vType="car" speedFactor="0.68" vaporized=""/>
    <tripinfo id="flow_ns_car.1" depart="31.00" departLane="n_t_1" departPos="5.10" departSpeed="13.07" departDelay="0.75" arrival="261.00" arrivalLane="t_s_1" arrivalPos="186.40" arrivalSpeed="12.37" duration="230.00" routeLength="394.90" waitingTime="192.00" waitingCount="1" stopTime="0.00" timeLoss="198.87" rerouteNo="0" devices="tripinfo_flow_ns_car.1 fcd_flow_ns_car.1" vType="car" speedFactor="0.94" vaporized=""/>
    <tripinfo id="flow_sn_truck.0" depart="1.00" departLane="s_t_1" departPos="5.10" departSpeed="10.50" departDelay="1.00" arrival="262.00" arrivalLane="t_n_0" arrivalPos="186.40" arrivalSpeed="9.46" duration="261.00" routeLength="394.90" waitingTime="216.00" waitingCount="1" stopTime="0.00" timeLoss="223.41" rerouteNo="0" devices="tripinfo_flow_sn_truck.0 fcd_flow_sn_truck.0" vType="truck" speedFactor="0.76" vaporized=""/>
    <tripinfo id="flow_ns_car.2" depart="61.00" departLane="n_t_1" departPos="5.10" departSpeed="14.59" departDelay="0.50" arrival="262.00" arrivalLane="t_s_1" arrivalPos="186.40" arrivalSpeed="13.68" duration="201.00" routeLength="394.90" waitingTime="163.00" waitingCount="1" stopTime="0.00" timeLoss="173.72" rerouteNo="0" devices="tripinfo_flow_ns_car.2 fcd_flow_ns_car.2" vType="car" speedFactor="1.05" vaporized=""/>
    <tripinfo id="flow_sn_car.1" depart="31.00" departLane="s_t_1" departPos="5.10" departSpeed="14.17" departDelay="0.75" arrival="263.00" arrivalLane="t_n_1" arrivalPos="186.40" arrivalSpeed="14.00" duration="232.00" routeLength="394.90" waitingTime="192.00" waitingCount="1" stopTime="0.00" timeLoss="203.38" rerouteNo="0" devices="tripinfo_flow_sn_car.1 fcd_flow_sn_car.1" vType="car" speedFactor="1.02" vaporized=""/>
    <tripinfo id="flow_sn_car.2" depart="61.00" departLane="s_t_1" departPos="5.10" departSpeed="11.68" departDelay="0.50" arrival="265.00" arrivalLane="t_n_1" arrivalPos="186.40" arrivalSpeed="10.70" duration="204.00" routeLength="394.90" waitingTime="160.00" waitingCount="1" stopTime="0.00" timeLoss="170.08" rerouteNo="0" devices="tripinfo_flow_sn_car.2 fcd_flow_sn_car.2" vType="car" speedFactor="0.84" vaporized=""/>
    <tripinfo id="flow_ns_car.3" depart="91.00" departLane="n_t_1" departPos="5.10" departSpeed="12.01" departDelay="0.24" arrival="266.00" arrivalLane="t_s_1" arrivalPos="186.40" arrivalSpeed="11.14" duration="175.00" routeLength="394.90" waitingTime="134.00" waitingCount="1" stopTime="0.00" timeLoss="141.37" rerouteNo="0" devices="tripinfo_flow_ns_car.3 fcd_flow_ns_car.3" vType="car" speedFactor="0.86" vaporized=""/>
    <tripinfo id="flow_sn_car.3" depart="91.00" departLane="s_t_1" departPos="5.10" departSpeed="15.43" departDelay="0.24" arrival="267.00" arrivalLane="t_n_1" arrivalPos="186.40" arrivalSpeed="14.58" duration="176.00" routeLength="394.90" waitingTime="136.00" waitingCount="1" stopTime="0.00" timeLoss="149.85" rerouteNo="0" devices="tripinfo_flow_sn_car.3 fcd_flow_sn_car.3" vType="car" speedFactor="1.11" vaporized=""/>
    <tripinfo id="flow_ns_car.4" depart="122.00" departLane="n_t_1" departPos="5.10" departSpeed="11.28" departDelay="0.99" arrival="269.00" arrivalLane="t_s_1" arrivalPos="186.40" arrivalSpeed="11.18" duration="147.00" routeLength="394.90" waitingTime="104.00" waitingCount="1" stopTime="0.00" timeLoss="111.64" rerouteNo="0" devices="tripinfo_flow_ns_car.4 fcd_flow_ns_car.4" vType="car" speedFactor="0.81" vaporized=""/>
    <tripinfo id="flow_sn_car.4" depart="122.00" departLane="s_t_1" departPos="5.10" departSpeed="13.67" departDelay="0.99" arrival="269.00" arrivalLane="t_n_1" arrivalPos="186.40" arrivalSpeed="13.14" duration="147.00" routeLength="394.90" waitingTime="106.00" waitingCount="1" stopTime="0.00" timeLoss="117.33" rerouteNo="0" devices="tripinfo_flow_sn_car.4 fcd_flow_sn_car.4" vType="car" speedFactor="0.98" vaporized=""/>
    <tripinfo id="flow_ne_car.7" depart="212.00" departLane="n_t_2" departPos="5.10" departSpeed="13.99" departDelay="0.24" arrival="270.00" arrivalLane="t_e_2" arrivalPos="186.40" arrivalSpeed="13.49" duration="58.00" routeLength="392.21" waitingTime="22.00" waitingCount="1" stopTime="0.00" timeLoss="29.41" rerouteNo="0" devices="tripinfo_flow_ne_car.7 fcd_flow_ne_car.7" vType="car" speedFactor="1.01" vaporized=""/>
    <tripinfo id="flow_sw_car.7" depart="212.00" departLane="s_t_2" departPos="5.10" departSpeed="13.40" departDelay="0.24" arrival="271.00" arrivalLane="t_w_2" arrivalPos="186.40" arrivalSpeed="12.91" duration="59.00" routeLength="392.21" waitingTime="23.00" waitingCount="1" stopTime="0.00" timeLoss="28.75" rerouteNo="0" devices="tripinfo_flow_sw_car.7 fcd_flow_sw_car.7" vType="car" speedFactor="0.96" vaporized=""/>
    <tripinfo id="flow_ws_car.8" depart="243.00" departLane="w_t_0" departPos="5.10" departSpeed="14.64" departDelay="0.98" arrival="273.00" arrivalLane="t_s_0" arrivalPos="186.40" arrivalSpeed="14.36" duration="30.00" routeLength="376.73" waitingTime="0.00" waitingCount="0" stopTime="0.00" timeLoss="3.10" rerouteNo="0" devices="tripinfo_flow_ws_car.8 fcd_flow_ws_car.8" vType="car" speedFactor="1.05" vaporized=""/>
    <tripinfo id="flow_nw_car.8" depart="243.00" departLane="n_t_0" departPos="5.10" departSpeed="14.43" departDelay="0.98" arrival="274.00" arrivalLane="t_w_0" arrivalPos="186.40" arrivalSpeed="14.06" duration="31.00" routeLength="376.73" waitingTime="0.00" waitingCount="0" stopTime="0.00" timeLoss="3.04" rerouteNo="0" devices="tripinfo_flow_nw_car.8 fcd_flow_nw_car.8" vType="car" speedFactor="1.04" vaporized=""/>
    <tripinfo id="flow_se_car.8" depart="243.00" departLane="s_t_0" departPos="5.10" departSpeed="13.77" departDelay="0.98" arrival="274.00" arrivalLane="t_e_0" arrivalPos="186.40" arrivalSpeed="12.77" duration="31.00" routeLength="376.73" waitingTime="0.00" waitingCount="0" stopTime="0.00" timeLoss="3.09" rerouteNo="0" devices="tripinfo_flow_se_car.8 fcd_flow_se_car.8" vType="car" speedFactor="0.99" vaporized=""/>
    <tripinfo id="flow_en_car.8" depart="243.00" departLane="e_t_0" departPos="5.10" departSpeed="13.67" departDelay="0.98" arrival="274.00" arrivalLane="t_n_0" arrivalPos="186.40" arrivalSpeed="12.93" duration="31.00" routeLength="376.73" waitingTime="0.00" waitingCount="0" stopTime="0.00" timeLoss="2.91" rerouteNo="0" devices="tripinfo_flow_en_car.8 fcd_flow_en_car.8" vType="car" speedFactor="0.98" vaporized=""/>
    <tripinfo id="flow_sw_car.8" depart="243.00" departLane="s_t_2" departPos="5.10" departSpeed="14.18" departDelay="0.98" arrival="275.00" arrivalLane="t_w_2" arrivalPos="186.40" arrivalSpeed="14.05" duration="32.00" routeLength="392.21" waitingTime="0.00" waitingCount="0" stopTime="0.00" timeLoss="3.00" rerouteNo="0" devices="tripinfo_flow_sw_car.8 fcd_flow_sw_car.8" vType="car" speedFactor="1.02" vaporized=""/>
    <tripinfo id="flow_ne_car.8" depart="243.00" departLane="n_t_2" departPos="5.10" departSpeed="13.32" departDelay="0.98" arrival="276.00" arrivalLane="t_e_2" arrivalPos="186.40" arrivalSpeed="13.20" duration="33.00" routeLength="392.21" waitingTime="0.00" waitingCount="0" stopTime="0.00" timeLoss="2.87" rerouteNo="0" devices="tripinfo_flow_ne_car.8 fcd_flow_ne_car.8" vType="car" speedFactor="0.96" vaporized=""/>
    <tripinfo id="flow_sn_car.5" depart="152.00" departLane="s_t_1" departPos="5.10" departSpeed="16.88" departDelay="0.74" arrival="283.00" arrivalLane="t_n_1" arrivalPos="186.40" arrivalSpeed="16.53" duration="131.00" routeLength="394.90" waitingTime="91.00" waitingCount="2" stopTime="0.00" timeLoss="107.23" rerouteNo="0" devices="tripinfo_flow_sn_car.5 fcd_flow_sn_car.5" vType="car" speedFactor="1.22" vaporized=""/>
    <tripinfo id="flow_ns_car.5" depart="152.00" departLane="n_t_1" departPos="5.10" departSpeed="14.58" departDelay="0.74" arrival="285.00" arrivalLane="t_s_1" arrivalPos="186.40" arrivalSpeed="14.32" duration="133.00" routeLength="394.90" waitingTime="91.00" waitingCount="2" stopTime="0.00" timeLoss="105.68" rerouteNo="0" devices="tripinfo_flow_ns_car.5 fcd_flow_ns_car.5" vType="car" speedFactor="1.05" vaporized=""/>
    <tripinfo id="flow_ns_truck.1" depart="172.00" departLane="n_t_1" departPos="5.10" departSpeed="15.27" departDelay="0.57" arrival="287.00" arrivalLane="t_s_1" arrivalPos="186.40" arrivalSpeed="14.53" duration="115.00" routeLength="394.90" waitingTime="72.00" waitingCount="2" stopTime="0.00" timeLoss="88.63" rerouteNo="0" devices="tripinfo_flow_ns_truck.1 fcd_flow_ns_truck.1" vType="truck" speedFactor="1.10" vaporized=""/>
    <tripinfo id="flow_ns_car.6" depart="182.00" departLane="n_t_1" departPos="5.10" departSpeed="14.07" departDelay="0.49" arrival="289.00" arrivalLane="t_s_1" arrivalPos="186.40" arrivalSpeed="12.96" duration="107.00" routeLength="394.90" waitingTime="60.00" waitingCount="2" stopTime="0.00" timeLoss="78.44" rerouteNo="0" devices="tripinfo_flow_ns_car.6 fcd_flow_ns_car.6" vType="car" speedFactor="1.01" vaporized=""/>
    <tripinfo id="flow_ns_car.7" depart="212.00" departLane="n_t_1" departPos="5.10" departSpeed="16.91" departDelay="0.24" arrival="290.00" arrivalLane="t_s_1" arrivalPos="186.40" arrivalSpeed="16.27" duration="78.00" routeLength="394.90" waitingTime="34.00" waitingCount="2" stopTime="0.00" timeLoss="54.64" rerouteNo="0" devices="tripinfo_flow_ns_car.7 fcd_flow_ns_car.7" vType="car" speedFactor="1.22" vaporized=""/>
    <tripinfo id="flow_sn_truck.1" depart="172.00" departLane="s_t_1" departPos="5.10" departSpeed="11.11" departDelay="0.57" arrival="291.00" arrivalLane="t_n_1" arrivalPos="186.40" arrivalSpeed="10.89" duration="119.00" routeLength="394.90" waitingTime="68.00" waitingCount="2" stopTime="0.00" timeLoss="83.42" rerouteNo="0" devices="tripinfo_flow_sn_truck.1 fcd_flow_sn_truck.1" vType="truck" speedFactor="0.80" vaporized=""/>
    <tripinfo id="flow_sn_car.6" depart="182.00" departLane="s_t_1" departPos="5.10" departSpeed="17.22" departDelay="0.49" arrival="293.00" arrivalLane="t_n_1" arrivalPos="186.40" arrivalSpeed="14.96" duration="111.00" routeLength="394.90" waitingTime="62.00" waitingCount="2" stopTime="0.00" timeLoss="87.57" rerouteNo="0" devices="tripinfo_flow_sn_car.6 fcd_flow_sn_car.6" vType="car" speedFactor="1.24" vaporized=""/>
    <tripinfo id="flow_sn_car.7" depart="212.00" departLane="s_t_1" departPos="5.10" departSpeed="15.45" departDelay="0.24" arrival="295.00" arrivalLane="t_n_1" arrivalPos="186.40" arrivalSpeed="15.34" duration="83.00" routeLength="394.90" waitingTime="32.00" waitingCount="2" stopTime="0.00" timeLoss="56.66" rerouteNo="0" devices="tripinfo_flow_sn_car.7 fcd_flow_sn_car.7" vType="car" speedFactor="1.11" vaporized=""/>
    <tripinfo id="flow_ns_car.8" depart="243.00" departLane="n_t_1" departPos="5.10" departSpeed="12.15" departDelay="0.98" arrival="295.00" arrivalLane="t_s_1" arrivalPos="186.40" arrivalSpeed="11.54" duration="52.00" routeLength="394.90" waitingTime="9.00" waitingCount="1" stopTime="0.00" timeLoss="19.01" rerouteNo="0" devices="tripinfo_flow_ns_car.8 fcd_flow_ns_car.8" vType="car" speedFactor="0.87" vaporized=""/>
    <tripinfo id="flow_sn_car.8" depart="243.00" departLane="s_t_1" departPos="5.10" departSpeed="15.67" departDelay="0.98" arrival="296.00" arrivalLane="t_n_1" arrivalPos="186.40" arrivalSpeed="14.46" duration="53.00" routeLength="394.90" waitingTime="11.00" waitingCount="1" stopTime="0.00" timeLoss="27.73" rerouteNo="0" devices="tripinfo_flow_sn_car.8 fcd_flow_sn_car.8" vType="car" speedFactor="1.13" vaporized=""/>
    <tripinfo id="flow_nw_car.9" depart="273.00" departLane="n_t_0" departPos="5.10" departSpeed="18.24" departDelay="0.73" arrival="298.00" arrivalLane="t_w_0" arrivalPos="186.40" arrivalSpeed="18.20" duration="25.00" routeLength="376.73" waitingTime="0.00" waitingCount="0" stopTime="0.00" timeLoss="2.98" rerouteNo="0" devices="tripinfo_flow_nw_car.9 fcd_flow_nw_car.9" vType="car" speedFactor="1.31" vaporized=""/>
    <tripinfo id="flow_sw_car.9" depart="273.00" departLane="s_t_2" departPos="5.10" departSpeed="15.89" departDelay="0.73" arrival="302.00" arrivalLane="t_w_2" arrivalPos="186.40" arrivalSpeed="15.23" duration="29.00" routeLength="392.21" waitingTime="0.00" waitingCount="0" stopTime="0.00" timeLoss="3.15" rerouteNo="0" devices="tripinfo_flow_sw_car.9 fcd_flow_sw_car.9" vType="car" speedFactor="1.14" vaporized=""/>
    <tripinfo id="flow_en_car.9" depart="273.00" departLane="e_t_0" departPos="5.10" departSpeed="14.08" departDelay="0.73" arrival="304.00" arrivalLane="t_n_0" arrivalPos="186.40" arrivalSpeed="12.99" duration="31.00" routeLength="376.73" waitingTime="0.00" waitingCount="0" stopTime="0.00" timeLoss="2.87" rerouteNo="0" devices="tripinfo_flow_en_car.9 fcd_flow_en_car.9" vType="car" speedFactor="1.01" vaporized=""/>
    <tripinfo id="flow_se_car.9" depart="273.00" departLane="s_t_0" departPos="5.10" departSpeed="13.45" departDelay="0.73" arrival="306.00" arrivalLane="t_e_0" arrivalPos="186.40" arrivalSpeed="12.23" duration="33.00" routeLength="376.73" waitingTime="0.00" waitingCount="0" stopTime="0.00" timeLoss="3.16" rerouteNo="0" devices="tripinfo_flow_se_car.9 fcd_flow_se_car.9" vType="car" speedFactor="0.97" vaporized=""/>
    <tripinfo id="flow_ne_car.9" depart="273.00" departLane="n_t_2" departPos="5.10" departSpeed="13.28" departDelay="0.73" arrival="307.00" arrivalLane="t_e_2" arrivalPos="186.40" arrivalSpeed="13.15" duration="34.00" routeLength="392.21" waitingTime="0.00" waitingCount="0" stopTime="0.00" timeLoss="3.38" rerouteNo="0" devices="tripinfo_flow_ne_car.9 fcd_flow_ne_car.9" vType="car" speedFactor="0.96" vaporized=""/>
    <tripinfo id="flow_ws_car.9" depart="273.00" departLane="w_t_0" departPos="5.10" departSpeed="12.13" departDelay="0.73" arrival="308.00" arrivalLane="t_s_0" arrivalPos="186.40" arrivalSpeed="11.44" duration="35.00" routeLength="376.73" waitingTime="0.00" waitingCount="0" stopTime="0.00" timeLoss="2.99" rerouteNo="0" devices="tripinfo_flow_ws_car.9 fcd_flow_ws_car.9" vType="car" speedFactor="0.87" vaporized=""/>
    <tripinfo id="flow_ws_car.10" depart="303.00" departLane="w_t_0" departPos="5.10" departSpeed="16.20" departDelay="0.48" arrival="330.00" arrivalLane="t_s_0" arrivalPos="186.40" arrivalSpeed="14.92" duration="27.00" routeLength="376.73" waitingTime="0.00" waitingCount="0" stopTime="0.00" timeLoss="2.72" rerouteNo="0" devices="tripinfo_flow_ws_car.10 fcd_flow_ws_car.10" vType="car" speedFactor="1.17" vaporized=""/>
    <tripinfo id="flow_nw_car.10" depart="303.00" departLane="n_t_0" departPos="5.10" departSpeed="15.27" departDelay="0.48" arrival="332.00" arrivalLane="t_w_0" arrivalPos="186.40" arrivalSpeed="14.45" duration="29.00" routeLength="376.73" waitingTime="0.00" waitingCount="0" stopTime="0.00" timeLoss="3.34" rerouteNo="0" devices="tripinfo_flow_nw_car.10 fcd_flow_nw_car.10" vType="car" speedFactor="1.10" vaporized=""/>
    <tripinfo id="flow_ne_car.10" depart="303.00" departLane="n_t_2" departPos="5.10" departSpeed="14.04" departDelay="0.48" arrival="334.00" arrivalLane="t_e_2" arrivalPos="186.40" arrivalSpeed="13.61" duration="31.00" routeLength="392.21" waitingTime="0.00" waitingCount="0" stopTime="0.00" timeLoss="2.51" rerouteNo="0" devices="tripinfo_flow_ne_car.10 fcd_flow_ne_car.10" vType="car" speedFactor="1.01" vaporized=""/>
    <tripinfo id="flow_en_car.10" depart="303.00" departLane="e_t_0" departPos="5.10" departSpeed="13.88" departDelay="0.48" arrival="334.00" arrivalLane="t_n_0" arrivalPos="186.40" arrivalSpeed="13.60" duration="31.00" routeLength="376.73" waitingTime="0.00" waitingCount="0" stopTime="0.00" timeLoss="2.91" rerouteNo="0" devices="tripinfo_flow_en_car.10 fcd_flow_en_car.10" vType="car" speedFactor="1.00" vaporized=""/>
    <tripinfo id="flow_se_car.10" depart="303.00" departLane="s_t_0" departPos="5.10" departSpeed="13.24" departDelay="0.48" arrival="336.00" arrivalLane="t_e_0" arrivalPos="186.40" arrivalSpeed="12.62" duration="33.00" routeLength="376.73" waitingTime="0.00" waitingCount="0" stopTime="0.00" timeLoss="3.52" rerouteNo="0" devices="tripinfo_flow_se_car.10 fcd_flow_se_car.10" vType="car" speedFactor="0.95" vaporized=""/>
