<?xml version="1.0" encoding="UTF-8"?>

<!-- generated on 2025-06-24 17:12:59 by Eclipse SUMO libsumo Version 1.19.0
<configuration xmlns:xsi="http://www.w3.org/2001/XMLSchema-instance" xsi:noNamespaceSchemaLocation="http://sumo.dlr.de/xsd/libsumoConfiguration.xsd">

    <input>
        <net-file value="./nets/syc/1x1/Equal_entries_350_CT/15-85-Truck-Car/syc_4phases.net.xml"/>
        <route-files value="./nets/syc/1x1/Equal_entries_350_CT/15-85-Truck-Car/equal_entries_350_54_15-85-TC.rou.xml"/>
        <additional-files value="./nets/syc/1x1/Equal_entries_350_CT/15-85-Truck-Car/1x1_outputs.add.xml"/>
    </input>

    <output>
        <fcd-output value="./nets/syc/1x1/Equal_entries_350_CT/15-85-Truck-Car/output/fcd_output.xml"/>
        <tripinfo-output value="./nets/syc/1x1/Equal_entries_350_CT/15-85-Truck-Car/output/tripinfo.out.xml"/>
    </output>

    <time>
        <begin value="0"/>
        <end value="1000"/>
    </time>

    <processing>
        <time-to-teleport value="-1"/>
        <waiting-time-memory value="1000"/>
        <max-depart-delay value="-1"/>
    </processing>

    <random_number>
        <seed value="0"/>
    </random_number>

</configuration>
-->

<meandata xmlns:xsi="http://www.w3.org/2001/XMLSchema-instance" xsi:noNamespaceSchemaLocation="http://sumo.dlr.de/xsd/meandata_file.xsd">
    <interval begin="0.00" end="10.00" id="1">
        <edge id="e_t" sampledSeconds="51.00" traveltime="14.52" overlapTraveltime="14.90" density="27.36" laneDensity="9.12" occupancy="4.56" waitingTime="0.00" timeLoss="3.36" speed="12.84" speedRelative="0.92" departed="6" arrived="0" entered="0" left="0" laneChangedFrom="0" laneChangedTo="0"/>
        <edge id="n_t" sampledSeconds="51.00" traveltime="14.48" overlapTraveltime="14.87" density="27.36" laneDensity="9.12" occupancy="4.56" waitingTime="0.00" timeLoss="5.30" speed="12.87" speedRelative="0.93" departed="6" arrived="0" entered="0" left="0" laneChangedFrom="0" laneChangedTo="0"/>
        <edge id="s_t" sampledSeconds="51.00" traveltime="14.59" overlapTraveltime="14.99" density="27.36" laneDensity="9.12" occupancy="4.56" waitingTime="0.00" timeLoss="4.52" speed="12.77" speedRelative="0.92" departed="6" arrived="0" entered="0" left="0" laneChangedFrom="0" laneChangedTo="0"/>
        <edge id="t_e" sampledSeconds="0.00" departed="0" arrived="0" entered="0" left="0" laneChangedFrom="0" laneChangedTo="0"/>
        <edge id="t_n" sampledSeconds="0.00" departed="0" arrived="0" entered="0" left="0" laneChangedFrom="0" laneChangedTo="0"/>
        <edge id="t_s" sampledSeconds="0.00" departed="0" arrived="0" entered="0" left="0" laneChangedFrom="0" laneChangedTo="0"/>
        <edge id="t_w" sampledSeconds="0.00" departed="0" arrived="0" entered="0" left="0" laneChangedFrom="0" laneChangedTo="0"/>
        <edge id="w_t" sampledSeconds="51.00" traveltime="14.91" overlapTraveltime="15.31" density="27.36" laneDensity="9.12" occupancy="4.56" waitingTime="0.00" timeLoss="3.28" speed="12.50" speedRelative="0.90" departed="6" arrived="0" entered="0" left="0" laneChangedFrom="0" laneChangedTo="0"/>
    </interval>
    <interval begin="10.00" end="20.00" id="1">
        <edge id="e_t" sampledSeconds="65.76" traveltime="17.22" overlapTraveltime="17.91" density="35.28" laneDensity="11.76" occupancy="5.78" waitingTime="3.00" timeLoss="14.13" speed="10.69" speedRelative="0.77" departed="3" arrived="0" entered="0" left="3" laneChangedFrom="0" laneChangedTo="0"/>
        <edge id="n_t" sampledSeconds="70.65" traveltime="19.05" overlapTraveltime="19.82" density="37.90" laneDensity="12.63" occupancy="6.19" waitingTime="6.00" timeLoss="20.91" speed="9.66" speedRelative="0.70" departed="3" arrived="0" entered="0" left="4" laneChangedFrom="0" laneChangedTo="0"/>
        <edge id="s_t" sampledSeconds="69.60" traveltime="18.49" overlapTraveltime="19.44" density="37.34" laneDensity="12.45" occupancy="6.09" waitingTime="2.00" timeLoss="18.65" speed="9.85" speedRelative="0.71" departed="3" arrived="0" entered="0" left="3" laneChangedFrom="0" laneChangedTo="0"/>
        <edge id="t_e" sampledSeconds="8.15" traveltime="17.85" overlapTraveltime="18.32" density="4.37" laneDensity="1.46" occupancy="0.64" waitingTime="0.00" timeLoss="2.26" speed="10.44" speedRelative="0.75" departed="0" arrived="0" entered="3" left="0" laneChangedFrom="0" laneChangedTo="0"/>
        <edge id="t_n" sampledSeconds="5.68" traveltime="16.15" overlapTraveltime="16.59" density="3.05" laneDensity="1.02" occupancy="0.46" waitingTime="0.00" timeLoss="1.67" speed="11.54" speedRelative="0.83" departed="0" arrived="0" entered="2" left="0" laneChangedFrom="0" laneChangedTo="0"/>
        <edge id="t_s" sampledSeconds="5.64" traveltime="17.75" overlapTraveltime="18.23" density="3.02" laneDensity="1.01" occupancy="0.44" waitingTime="0.00" timeLoss="1.70" speed="10.50" speedRelative="0.76" departed="0" arrived="0" entered="2" left="0" laneChangedFrom="0" laneChangedTo="0"/>
        <edge id="t_w" sampledSeconds="7.51" traveltime="16.90" overlapTraveltime="17.36" density="4.03" laneDensity="1.34" occupancy="0.58" waitingTime="0.00" timeLoss="1.74" speed="11.03" speedRelative="0.79" departed="0" arrived="0" entered="3" left="0" laneChangedFrom="0" laneChangedTo="0"/>
        <edge id="w_t" sampledSeconds="67.29" traveltime="18.10" overlapTraveltime="18.78" density="36.10" laneDensity="12.03" occupancy="5.92" waitingTime="4.00" timeLoss="14.17" speed="10.19" speedRelative="0.73" departed="3" arrived="0" entered="0" left="3" laneChangedFrom="0" laneChangedTo="0"/>
    </interval>
    <interval begin="20.00" end="30.00" id="1">
        <edge id="e_t" sampledSeconds="70.77" traveltime="33.82" overlapTraveltime="34.66" density="37.97" laneDensity="12.66" occupancy="6.29" waitingTime="31.00" timeLoss="42.14" speed="5.52" speedRelative="0.40" departed="3" arrived="0" entered="0" left="1" laneChangedFrom="0" laneChangedTo="0"/>
        <edge id="n_t" sampledSeconds="59.71" traveltime="24.60" overlapTraveltime="25.37" density="32.04" laneDensity="10.68" occupancy="5.27" waitingTime="20.00" timeLoss="26.25" speed="7.55" speedRelative="0.54" departed="3" arrived="0" entered="0" left="2" laneChangedFrom="0" laneChangedTo="0"/>
        <edge id="s_t" sampledSeconds="60.60" traveltime="25.43" overlapTraveltime="26.23" density="32.51" laneDensity="10.84" occupancy="5.32" waitingTime="19.00" timeLoss="27.82" speed="7.30" speedRelative="0.53" departed="3" arrived="0" entered="0" left="3" laneChangedFrom="0" laneChangedTo="0"/>
        <edge id="t_e" sampledSeconds="48.15" traveltime="15.06" overlapTraveltime="15.44" density="25.83" laneDensity="8.61" occupancy="4.21" waitingTime="0.00" timeLoss="5.00" speed="12.40" speedRelative="0.89" departed="0" arrived="1" entered="3" left="0" laneChangedFrom="0" laneChangedTo="0"/>
        <edge id="t_n" sampledSeconds="18.56" traveltime="14.39" overlapTraveltime="14.74" density="9.96" laneDensity="3.32" occupancy="1.60" waitingTime="0.00" timeLoss="1.57" speed="12.99" speedRelative="0.93" departed="0" arrived="1" entered="1" left="0" laneChangedFrom="0" laneChangedTo="0"/>
        <edge id="t_s" sampledSeconds="19.80" traveltime="14.36" overlapTraveltime="14.72" density="10.62" laneDensity="3.54" occupancy="1.73" waitingTime="0.00" timeLoss="1.69" speed="13.00" speedRelative="0.94" departed="0" arrived="1" entered="1" left="0" laneChangedFrom="0" laneChangedTo="0"/>
        <edge id="t_w" sampledSeconds="46.26" traveltime="14.24" overlapTraveltime="14.62" density="24.82" laneDensity="8.27" occupancy="4.05" waitingTime="0.00" timeLoss="5.22" speed="13.09" speedRelative="0.94" departed="0" arrived="1" entered="3" left="0" laneChangedFrom="0" laneChangedTo="0"/>
        <edge id="w_t" sampledSeconds="71.04" traveltime="29.43" overlapTraveltime="30.23" density="38.11" laneDensity="12.70" occupancy="6.32" waitingTime="29.00" timeLoss="37.25" speed="6.33" speedRelative="0.46" departed="3" arrived="0" entered="0" left="1" laneChangedFrom="0" laneChangedTo="0"/>
    </interval>
    <interval begin="30.00" end="40.00" id="1">
        <edge id="e_t" sampledSeconds="86.00" traveltime="40.04" overlapTraveltime="41.11" density="46.14" laneDensity="15.38" occupancy="7.69" waitingTime="50.00" timeLoss="52.61" speed="4.66" speedRelative="0.34" departed="3" arrived="0" entered="0" left="0" laneChangedFrom="0" laneChangedTo="0"/>
        <edge id="n_t" sampledSeconds="66.00" traveltime="29.94" overlapTraveltime="30.74" density="35.41" laneDensity="11.80" occupancy="5.90" waitingTime="29.00" timeLoss="34.54" speed="6.23" speedRelative="0.45" departed="3" arrived="0" entered="0" left="0" laneChangedFrom="0" laneChangedTo="0"/>
        <edge id="s_t" sampledSeconds="66.00" traveltime="28.39" overlapTraveltime="29.15" density="35.41" laneDensity="11.80" occupancy="5.90" waitingTime="30.00" timeLoss="32.26" speed="6.57" speedRelative="0.47" departed="3" arrived="0" entered="0" left="0" laneChangedFrom="0" laneChangedTo="0"/>
        <edge id="t_e" sampledSeconds="41.49" traveltime="15.07" overlapTraveltime="15.46" density="22.26" laneDensity="7.42" occupancy="3.62" waitingTime="0.00" timeLoss="4.58" speed="12.38" speedRelative="0.89" departed="0" arrived="4" entered="1" left="0" laneChangedFrom="0" laneChangedTo="0"/>
        <edge id="t_n" sampledSeconds="16.77" traveltime="15.70" overlapTraveltime="16.13" density="8.99" laneDensity="3.00" occupancy="1.48" waitingTime="0.00" timeLoss="1.97" speed="11.86" speedRelative="0.85" departed="0" arrived="1" entered="0" left="0" laneChangedFrom="0" laneChangedTo="0"/>
        <edge id="t_s" sampledSeconds="15.58" traveltime="15.43" overlapTraveltime="15.83" density="8.36" laneDensity="2.79" occupancy="1.35" waitingTime="0.00" timeLoss="1.64" speed="12.09" speedRelative="0.87" departed="0" arrived="1" entered="1" left="0" laneChangedFrom="0" laneChangedTo="0"/>
        <edge id="t_w" sampledSeconds="38.79" traveltime="13.60" overlapTraveltime="13.95" density="20.81" laneDensity="6.94" occupancy="3.38" waitingTime="0.00" timeLoss="3.56" speed="13.72" speedRelative="0.99" departed="0" arrived="4" entered="1" left="0" laneChangedFrom="0" laneChangedTo="0"/>
        <edge id="w_t" sampledSeconds="84.85" traveltime="37.78" overlapTraveltime="38.67" density="45.52" laneDensity="15.17" occupancy="7.55" waitingTime="49.00" timeLoss="53.33" speed="4.95" speedRelative="0.36" departed="3" arrived="0" entered="0" left="1" laneChangedFrom="0" laneChangedTo="0"/>
    </interval>
    <interval begin="40.00" end="50.00" id="1">
        <edge id="e_t" sampledSeconds="103.98" traveltime="45.63" overlapTraveltime="46.79" density="55.78" laneDensity="18.59" occupancy="9.25" waitingTime="62.00" timeLoss="70.98" speed="4.09" speedRelative="0.29" departed="3" arrived="0" entered="0" left="1" laneChangedFrom="0" laneChangedTo="0"/>
        <edge id="n_t" sampledSeconds="75.06" traveltime="36.13" overlapTraveltime="36.96" density="40.27" laneDensity="13.42" occupancy="6.64" waitingTime="38.00" timeLoss="43.22" speed="5.18" speedRelative="0.37" departed="3" arrived="0" entered="0" left="2" laneChangedFrom="0" laneChangedTo="0"/>
        <edge id="s_t" sampledSeconds="73.98" traveltime="35.03" overlapTraveltime="35.78" density="39.69" laneDensity="13.23" occupancy="6.55" waitingTime="37.00" timeLoss="43.84" speed="5.35" speedRelative="0.39" departed="3" arrived="0" entered="0" left="2" laneChangedFrom="0" laneChangedTo="0"/>
        <edge id="t_e" sampledSeconds="25.45" traveltime="15.10" overlapTraveltime="15.46" density="13.65" laneDensity="4.55" occupancy="2.19" waitingTime="0.00" timeLoss="2.52" speed="12.38" speedRelative="0.89" departed="0" arrived="2" entered="2" left="0" laneChangedFrom="0" laneChangedTo="0"/>
        <edge id="t_n" sampledSeconds="10.19" traveltime="16.31" overlapTraveltime="16.63" density="5.47" laneDensity="1.82" occupancy="0.86" waitingTime="0.00" timeLoss="1.24" speed="11.51" speedRelative="0.83" departed="0" arrived="1" entered="1" left="0" laneChangedFrom="0" laneChangedTo="0"/>
        <edge id="t_s" sampledSeconds="15.00" traveltime="13.19" overlapTraveltime="13.54" density="8.05" laneDensity="2.68" occupancy="1.34" waitingTime="0.00" timeLoss="1.28" speed="14.13" speedRelative="1.02" departed="0" arrived="1" entered="0" left="0" laneChangedFrom="0" laneChangedTo="0"/>
        <edge id="t_w" sampledSeconds="18.99" traveltime="16.29" overlapTraveltime="16.57" density="10.19" laneDensity="3.40" occupancy="1.59" waitingTime="0.00" timeLoss="2.63" speed="11.55" speedRelative="0.83" departed="0" arrived="2" entered="2" left="0" laneChangedFrom="0" laneChangedTo="0"/>
        <edge id="w_t" sampledSeconds="100.00" traveltime="50.65" overlapTraveltime="52.01" density="53.65" laneDensity="17.88" occupancy="8.94" waitingTime="64.00" timeLoss="71.65" speed="3.68" speedRelative="0.26" departed="3" arrived="0" entered="0" left="0" laneChangedFrom="0" laneChangedTo="0"/>
    </interval>
    <interval begin="50.00" end="60.00" id="1">
        <edge id="e_t" sampledSeconds="123.99" traveltime="52.99" overlapTraveltime="54.18" density="66.52" laneDensity="22.17" occupancy="11.05" waitingTime="88.00" timeLoss="91.40" speed="3.53" speedRelative="0.25" departed="0" arrived="0" entered="0" left="1" laneChangedFrom="0" laneChangedTo="0"/>
        <edge id="n_t" sampledSeconds="88.90" traveltime="36.67" overlapTraveltime="37.43" density="47.69" laneDensity="15.90" occupancy="7.88" waitingTime="45.00" timeLoss="51.97" speed="5.11" speedRelative="0.37" departed="0" arrived="0" entered="0" left="2" laneChangedFrom="0" laneChangedTo="0"/>
        <edge id="s_t" sampledSeconds="89.03" traveltime="32.97" overlapTraveltime="33.81" density="47.76" laneDensity="15.92" occupancy="7.89" waitingTime="50.00" timeLoss="53.31" speed="5.66" speedRelative="0.41" departed="0" arrived="0" entered="0" left="2" laneChangedFrom="0" laneChangedTo="0"/>
        <edge id="t_e" sampledSeconds="24.04" traveltime="15.43" overlapTraveltime="15.82" density="12.90" laneDensity="4.30" occupancy="2.08" waitingTime="0.00" timeLoss="2.04" speed="12.10" speedRelative="0.87" departed="0" arrived="2" entered="2" left="0" laneChangedFrom="0" laneChangedTo="0"/>
        <edge id="t_n" sampledSeconds="15.34" traveltime="17.33" overlapTraveltime="17.80" density="8.23" laneDensity="2.74" occupancy="1.34" waitingTime="0.00" timeLoss="1.83" speed="10.75" speedRelative="0.77" departed="0" arrived="0" entered="1" left="0" laneChangedFrom="0" laneChangedTo="0"/>
        <edge id="t_s" sampledSeconds="11.50" traveltime="13.28" overlapTraveltime="13.59" density="6.17" laneDensity="2.06" occupancy="0.98" waitingTime="0.00" timeLoss="1.86" speed="14.08" speedRelative="1.01" departed="0" arrived="1" entered="1" left="0" laneChangedFrom="0" laneChangedTo="0"/>
        <edge id="t_w" sampledSeconds="28.31" traveltime="16.49" overlapTraveltime="16.94" density="15.19" laneDensity="5.06" occupancy="2.47" waitingTime="0.00" timeLoss="2.62" speed="11.30" speedRelative="0.81" departed="0" arrived="0" entered="2" left="0" laneChangedFrom="0" laneChangedTo="0"/>
        <edge id="w_t" sampledSeconds="120.65" traveltime="52.15" overlapTraveltime="53.21" density="64.72" laneDensity="21.57" occupancy="10.76" waitingTime="79.00" timeLoss="86.47" speed="3.60" speedRelative="0.26" departed="0" arrived="0" entered="0" left="1" laneChangedFrom="0" laneChangedTo="0"/>
    </interval>
    <interval begin="60.00" end="70.00" id="1">
        <edge id="e_t" sampledSeconds="138.70" traveltime="59.83" overlapTraveltime="61.08" density="74.41" laneDensity="24.80" occupancy="12.36" waitingTime="102.00" timeLoss="108.57" speed="3.13" speedRelative="0.23" departed="6" arrived="0" entered="0" left="1" laneChangedFrom="0" laneChangedTo="0"/>
        <edge id="n_t" sampledSeconds="95.97" traveltime="38.91" overlapTraveltime="39.74" density="51.49" laneDensity="17.16" occupancy="8.51" waitingTime="54.00" timeLoss="59.66" speed="4.82" speedRelative="0.35" departed="6" arrived="0" entered="0" left="2" laneChangedFrom="0" laneChangedTo="0"/>
        <edge id="s_t" sampledSeconds="91.99" traveltime="37.02" overlapTraveltime="37.79" density="49.35" laneDensity="16.45" occupancy="8.16" waitingTime="57.00" timeLoss="62.05" speed="5.06" speedRelative="0.36" departed="6" arrived="0" entered="0" left="2" laneChangedFrom="0" laneChangedTo="0"/>
        <edge id="t_e" sampledSeconds="26.21" traveltime="16.10" overlapTraveltime="16.53" density="14.06" laneDensity="4.69" occupancy="2.29" waitingTime="0.00" timeLoss="2.58" speed="11.58" speedRelative="0.83" departed="0" arrived="0" entered="2" left="0" laneChangedFrom="0" laneChangedTo="0"/>
        <edge id="t_n" sampledSeconds="17.59" traveltime="15.93" overlapTraveltime="16.38" density="9.44" laneDensity="3.15" occupancy="1.52" waitingTime="0.00" timeLoss="2.01" speed="11.69" speedRelative="0.84" departed="0" arrived="1" entered="1" left="0" laneChangedFrom="0" laneChangedTo="0"/>
        <edge id="t_s" sampledSeconds="9.40" traveltime="14.39" overlapTraveltime="14.65" density="5.04" laneDensity="1.68" occupancy="0.79" waitingTime="0.00" timeLoss="1.60" speed="13.06" speedRelative="0.94" departed="0" arrived="1" entered="1" left="0" laneChangedFrom="0" laneChangedTo="0"/>
        <edge id="t_w" sampledSeconds="32.45" traveltime="15.11" overlapTraveltime="15.54" density="17.41" laneDensity="5.80" occupancy="2.81" waitingTime="0.00" timeLoss="2.57" speed="12.32" speedRelative="0.89" departed="0" arrived="2" entered="2" left="0" laneChangedFrom="0" laneChangedTo="0"/>
        <edge id="w_t" sampledSeconds="138.44" traveltime="64.10" overlapTraveltime="65.36" density="74.27" laneDensity="24.76" occupancy="12.34" waitingTime="103.00" timeLoss="106.94" speed="2.93" speedRelative="0.21" departed="6" arrived="0" entered="0" left="1" laneChangedFrom="0" laneChangedTo="0"/>
    </interval>
    <interval begin="70.00" end="80.00" id="1">
        <edge id="e_t" sampledSeconds="171.26" traveltime="38.23" overlapTraveltime="39.10" density="91.88" laneDensity="30.63" occupancy="15.17" waitingTime="89.00" timeLoss="112.65" speed="4.89" speedRelative="0.35" departed="3" arrived="0" entered="0" left="5" laneChangedFrom="0" laneChangedTo="0"/>
        <edge id="n_t" sampledSeconds="136.47" traveltime="30.30" overlapTraveltime="31.14" density="73.22" laneDensity="24.41" occupancy="12.16" waitingTime="64.00" timeLoss="75.15" speed="6.15" speedRelative="0.44" departed="3" arrived="0" entered="0" left="1" laneChangedFrom="0" laneChangedTo="0"/>
        <edge id="s_t" sampledSeconds="132.81" traveltime="34.44" overlapTraveltime="35.33" density="71.25" laneDensity="23.75" occupancy="11.84" waitingTime="69.00" timeLoss="79.96" speed="5.42" speedRelative="0.39" departed="3" arrived="0" entered="0" left="1" laneChangedFrom="0" laneChangedTo="0"/>
        <edge id="t_e" sampledSeconds="33.95" traveltime="14.97" overlapTraveltime="15.39" density="18.22" laneDensity="6.07" occupancy="2.93" waitingTime="0.00" timeLoss="3.56" speed="12.44" speedRelative="0.90" departed="0" arrived="2" entered="3" left="0" laneChangedFrom="0" laneChangedTo="0"/>
        <edge id="t_n" sampledSeconds="15.30" traveltime="14.58" overlapTraveltime="14.97" density="8.21" laneDensity="2.74" occupancy="1.31" waitingTime="0.00" timeLoss="2.00" speed="12.79" speedRelative="0.92" departed="0" arrived="2" entered="1" left="0" laneChangedFrom="0" laneChangedTo="0"/>
        <edge id="t_s" sampledSeconds="10.69" traveltime="14.07" overlapTraveltime="14.43" density="5.74" laneDensity="1.91" occupancy="0.91" waitingTime="0.00" timeLoss="0.77" speed="13.27" speedRelative="0.96" departed="0" arrived="1" entered="1" left="0" laneChangedFrom="0" laneChangedTo="0"/>
        <edge id="t_w" sampledSeconds="26.39" traveltime="14.34" overlapTraveltime="14.74" density="14.16" laneDensity="4.72" occupancy="2.24" waitingTime="0.00" timeLoss="2.21" speed="12.98" speedRelative="0.93" departed="0" arrived="3" entered="3" left="0" laneChangedFrom="0" laneChangedTo="0"/>
        <edge id="w_t" sampledSeconds="175.30" traveltime="36.17" overlapTraveltime="37.13" density="94.05" laneDensity="31.35" occupancy="15.51" waitingTime="86.00" timeLoss="111.22" speed="5.15" speedRelative="0.37" departed="3" arrived="0" entered="0" left="4" laneChangedFrom="0" laneChangedTo="0"/>
    </interval>
    <interval begin="80.00" end="90.00" id="1">
        <edge id="e_t" sampledSeconds="137.25" traveltime="45.02" overlapTraveltime="45.03" density="73.63" laneDensity="24.54" occupancy="12.12" waitingTime="85.00" timeLoss="94.05" speed="4.25" speedRelative="0.31" departed="3" arrived="0" entered="0" left="5" laneChangedFrom="0" laneChangedTo="0"/>
        <edge id="n_t" sampledSeconds="144.54" traveltime="53.74" overlapTraveltime="54.76" density="77.54" laneDensity="25.85" occupancy="12.79" waitingTime="92.00" timeLoss="107.74" speed="3.50" speedRelative="0.25" departed="3" arrived="0" entered="0" left="3" laneChangedFrom="0" laneChangedTo="0"/>
        <edge id="s_t" sampledSeconds="146.87" traveltime="51.11" overlapTraveltime="52.36" density="78.79" laneDensity="26.26" occupancy="13.03" waitingTime="89.00" timeLoss="106.57" speed="3.66" speedRelative="0.26" departed="3" arrived="0" entered="0" left="2" laneChangedFrom="0" laneChangedTo="0"/>
        <edge id="t_e" sampledSeconds="61.40" traveltime="14.72" overlapTraveltime="15.10" density="32.94" laneDensity="10.98" occupancy="5.34" waitingTime="0.00" timeLoss="5.34" speed="12.68" speedRelative="0.91" departed="0" arrived="3" entered="5" left="0" laneChangedFrom="0" laneChangedTo="0"/>
        <edge id="t_n" sampledSeconds="16.37" traveltime="13.32" overlapTraveltime="13.65" density="8.78" laneDensity="2.93" occupancy="1.42" waitingTime="0.00" timeLoss="1.99" speed="14.02" speedRelative="1.01" departed="0" arrived="1" entered="1" left="0" laneChangedFrom="0" laneChangedTo="0"/>
        <edge id="t_s" sampledSeconds="15.48" traveltime="16.13" overlapTraveltime="16.56" density="8.30" laneDensity="2.77" occupancy="1.35" waitingTime="0.00" timeLoss="2.22" speed="11.56" speedRelative="0.83" departed="0" arrived="0" entered="2" left="0" laneChangedFrom="0" laneChangedTo="0"/>
        <edge id="t_w" sampledSeconds="67.49" traveltime="15.10" overlapTraveltime="15.50" density="36.21" laneDensity="12.07" occupancy="5.86" waitingTime="0.00" timeLoss="8.63" speed="12.35" speedRelative="0.89" departed="0" arrived="1" entered="7" left="0" laneChangedFrom="0" laneChangedTo="0"/>
        <edge id="w_t" sampledSeconds="143.80" traveltime="49.06" overlapTraveltime="49.28" density="77.15" laneDensity="25.72" occupancy="12.71" waitingTime="82.00" timeLoss="104.34" speed="3.88" speedRelative="0.28" departed="3" arrived="0" entered="0" left="5" laneChangedFrom="0" laneChangedTo="0"/>
    </interval>
    <interval begin="90.00" end="100.00" id="1">
        <edge id="e_t" sampledSeconds="135.97" traveltime="67.15" overlapTraveltime="68.45" density="72.95" laneDensity="24.32" occupancy="12.12" waitingTime="100.00" timeLoss="109.47" speed="2.80" speedRelative="0.20" departed="3" arrived="0" entered="0" left="1" laneChangedFrom="0" laneChangedTo="0"/>
        <edge id="n_t" sampledSeconds="131.50" traveltime="61.75" overlapTraveltime="62.54" density="70.55" laneDensity="23.52" occupancy="11.69" waitingTime="94.00" timeLoss="102.43" speed="3.06" speedRelative="0.22" departed="3" arrived="0" entered="0" left="2" laneChangedFrom="0" laneChangedTo="0"/>
        <edge id="s_t" sampledSeconds="132.13" traveltime="59.76" overlapTraveltime="60.29" density="70.88" laneDensity="23.63" occupancy="11.71" waitingTime="93.00" timeLoss="101.11" speed="3.17" speedRelative="0.23" departed="3" arrived="0" entered="0" left="3" laneChangedFrom="0" laneChangedTo="0"/>
        <edge id="t_e" sampledSeconds="76.90" traveltime="16.27" overlapTraveltime="16.67" density="41.26" laneDensity="13.75" occupancy="6.70" waitingTime="0.00" timeLoss="7.31" speed="11.48" speedRelative="0.83" departed="0" arrived="4" entered="4" left="0" laneChangedFrom="0" laneChangedTo="0"/>
        <edge id="t_n" sampledSeconds="16.85" traveltime="14.24" overlapTraveltime="14.56" density="9.04" laneDensity="3.01" occupancy="1.46" waitingTime="0.00" timeLoss="1.80" speed="13.15" speedRelative="0.95" departed="0" arrived="1" entered="1" left="0" laneChangedFrom="0" laneChangedTo="0"/>
        <edge id="t_s" sampledSeconds="25.40" traveltime="14.73" overlapTraveltime="15.12" density="13.63" laneDensity="4.54" occupancy="2.19" waitingTime="0.00" timeLoss="2.30" speed="12.66" speedRelative="0.91" departed="0" arrived="2" entered="1" left="0" laneChangedFrom="0" laneChangedTo="0"/>
        <edge id="t_w" sampledSeconds="91.76" traveltime="14.75" overlapTraveltime="15.12" density="49.23" laneDensity="16.41" occupancy="8.04" waitingTime="0.00" timeLoss="10.11" speed="12.66" speedRelative="0.91" departed="0" arrived="6" entered="3" left="0" laneChangedFrom="0" laneChangedTo="0"/>
        <edge id="w_t" sampledSeconds="144.90" traveltime="72.61" overlapTraveltime="73.95" density="77.74" laneDensity="25.91" occupancy="12.92" waitingTime="113.00" timeLoss="119.85" speed="2.59" speedRelative="0.19" departed="3" arrived="0" entered="0" left="1" laneChangedFrom="0" laneChangedTo="0"/>
    </interval>
    <interval begin="100.00" end="110.00" id="1">
        <edge id="e_t" sampledSeconds="150.00" traveltime="87.19" overlapTraveltime="89.53" density="80.47" laneDensity="26.82" occupancy="13.41" waitingTime="120.00" timeLoss="125.95" speed="2.14" speedRelative="0.15" departed="3" arrived="0" entered="0" left="0" laneChangedFrom="0" laneChangedTo="0"/>
        <edge id="n_t" sampledSeconds="132.04" traveltime="69.06" overlapTraveltime="69.75" density="70.84" laneDensity="23.61" occupancy="11.74" waitingTime="101.00" timeLoss="104.45" speed="2.74" speedRelative="0.20" departed="3" arrived="0" entered="0" left="2" laneChangedFrom="0" laneChangedTo="0"/>
        <edge id="s_t" sampledSeconds="133.32" traveltime="70.10" overlapTraveltime="70.82" density="71.52" laneDensity="23.84" occupancy="11.85" waitingTime="101.00" timeLoss="107.21" speed="2.70" speedRelative="0.19" departed="3" arrived="0" entered="0" left="2" laneChangedFrom="0" laneChangedTo="0"/>
        <edge id="t_e" sampledSeconds="61.09" traveltime="15.92" overlapTraveltime="16.33" density="32.78" laneDensity="10.93" occupancy="5.35" waitingTime="0.00" timeLoss="5.80" speed="11.72" speedRelative="0.84" departed="0" arrived="6" entered="2" left="0" laneChangedFrom="0" laneChangedTo="0"/>
        <edge id="t_n" sampledSeconds="15.43" traveltime="14.51" overlapTraveltime="14.91" density="8.28" laneDensity="2.76" occupancy="1.34" waitingTime="0.00" timeLoss="1.54" speed="12.84" speedRelative="0.92" departed="0" arrived="1" entered="1" left="0" laneChangedFrom="0" laneChangedTo="0"/>
        <edge id="t_s" sampledSeconds="15.51" traveltime="13.76" overlapTraveltime="14.16" density="8.32" laneDensity="2.77" occupancy="1.37" waitingTime="0.00" timeLoss="1.84" speed="13.52" speedRelative="0.97" departed="0" arrived="1" entered="0" left="0" laneChangedFrom="0" laneChangedTo="0"/>
        <edge id="t_w" sampledSeconds="47.62" traveltime="14.39" overlapTraveltime="14.73" density="25.55" laneDensity="8.52" occupancy="4.11" waitingTime="0.00" timeLoss="3.57" speed="12.99" speedRelative="0.94" departed="0" arrived="6" entered="2" left="0" laneChangedFrom="0" laneChangedTo="0"/>
        <edge id="w_t" sampledSeconds="160.00" traveltime="87.25" overlapTraveltime="89.59" density="85.84" laneDensity="28.61" occupancy="14.31" waitingTime="130.00" timeLoss="137.53" speed="2.14" speedRelative="0.15" departed="3" arrived="0" entered="0" left="0" laneChangedFrom="0" laneChangedTo="0"/>
    </interval>
    <interval begin="110.00" end="120.00" id="1">
        <edge id="e_t" sampledSeconds="173.08" traveltime="75.55" overlapTraveltime="77.03" density="92.85" laneDensity="30.95" occupancy="15.44" waitingTime="135.00" timeLoss="142.46" speed="2.48" speedRelative="0.18" departed="0" arrived="0" entered="0" left="1" laneChangedFrom="0" laneChangedTo="0"/>
        <edge id="n_t" sampledSeconds="146.26" traveltime="61.52" overlapTraveltime="62.38" density="78.47" laneDensity="26.16" occupancy="13.01" waitingTime="110.00" timeLoss="114.78" speed="3.07" speedRelative="0.22" departed="0" arrived="0" entered="0" left="2" laneChangedFrom="0" laneChangedTo="0"/>
        <edge id="s_t" sampledSeconds="146.35" traveltime="63.73" overlapTraveltime="64.59" density="78.52" laneDensity="26.17" occupancy="13.02" waitingTime="111.00" timeLoss="115.06" speed="2.96" speedRelative="0.21" departed="0" arrived="0" entered="0" left="2" laneChangedFrom="0" laneChangedTo="0"/>
        <edge id="t_e" sampledSeconds="28.42" traveltime="15.44" overlapTraveltime="15.81" density="15.25" laneDensity="5.08" occupancy="2.44" waitingTime="0.00" timeLoss="2.98" speed="12.10" speedRelative="0.87" departed="0" arrived="3" entered="2" left="0" laneChangedFrom="0" laneChangedTo="0"/>
        <edge id="t_n" sampledSeconds="11.29" traveltime="15.36" overlapTraveltime="15.71" density="6.06" laneDensity="2.02" occupancy="0.97" waitingTime="0.00" timeLoss="1.61" speed="12.18" speedRelative="0.88" departed="0" arrived="1" entered="1" left="0" laneChangedFrom="0" laneChangedTo="0"/>
        <edge id="t_s" sampledSeconds="9.82" traveltime="14.61" overlapTraveltime="14.88" density="5.27" laneDensity="1.76" occupancy="0.83" waitingTime="0.00" timeLoss="1.55" speed="12.86" speedRelative="0.93" departed="0" arrived="1" entered="1" left="0" laneChangedFrom="0" laneChangedTo="0"/>
        <edge id="t_w" sampledSeconds="29.88" traveltime="14.68" overlapTraveltime="15.06" density="16.03" laneDensity="5.34" occupancy="2.57" waitingTime="0.00" timeLoss="2.52" speed="12.71" speedRelative="0.92" departed="0" arrived="3" entered="2" left="0" laneChangedFrom="0" laneChangedTo="0"/>
        <edge id="w_t" sampledSeconds="182.55" traveltime="95.15" overlapTraveltime="96.77" density="97.93" laneDensity="32.64" occupancy="16.29" waitingTime="149.00" timeLoss="155.55" speed="1.98" speedRelative="0.14" departed="0" arrived="0" entered="0" left="1" laneChangedFrom="0" laneChangedTo="0"/>
    </interval>
    <interval begin="120.00" end="130.00" id="1">
        <edge id="e_t" sampledSeconds="185.89" traveltime="105.30" overlapTraveltime="106.99" density="99.73" laneDensity="33.24" occupancy="16.58" waitingTime="156.00" timeLoss="160.54" speed="1.79" speedRelative="0.13" departed="3" arrived="0" entered="0" left="1" laneChangedFrom="0" laneChangedTo="0"/>
        <edge id="n_t" sampledSeconds="148.47" traveltime="78.83" overlapTraveltime="79.32" density="79.65" laneDensity="26.55" occupancy="13.22" waitingTime="119.00" timeLoss="123.10" speed="2.41" speedRelative="0.17" departed="3" arrived="0" entered="0" left="2" laneChangedFrom="0" laneChangedTo="0"/>
        <edge id="s_t" sampledSeconds="150.60" traveltime="83.10" overlapTraveltime="83.73" density="80.79" laneDensity="26.93" occupancy="13.39" waitingTime="120.00" timeLoss="123.79" speed="2.29" speedRelative="0.16" departed="3" arrived="0" entered="0" left="2" laneChangedFrom="0" laneChangedTo="0"/>
        <edge id="t_e" sampledSeconds="25.58" traveltime="15.37" overlapTraveltime="15.76" density="13.72" laneDensity="4.57" occupancy="2.21" waitingTime="0.00" timeLoss="2.60" speed="12.14" speedRelative="0.87" departed="0" arrived="1" entered="2" left="0" laneChangedFrom="0" laneChangedTo="0"/>
        <edge id="t_n" sampledSeconds="13.96" traveltime="15.10" overlapTraveltime="15.46" density="7.49" laneDensity="2.50" occupancy="1.20" waitingTime="0.00" timeLoss="1.43" speed="12.38" speedRelative="0.89" departed="0" arrived="1" entered="1" left="0" laneChangedFrom="0" laneChangedTo="0"/>
        <edge id="t_s" sampledSeconds="10.00" traveltime="14.40" overlapTraveltime="14.77" density="5.37" laneDensity="1.79" occupancy="0.86" waitingTime="0.00" timeLoss="0.89" speed="12.96" speedRelative="0.93" departed="0" arrived="1" entered="1" left="0" laneChangedFrom="0" laneChangedTo="0"/>
        <edge id="t_w" sampledSeconds="28.80" traveltime="13.88" overlapTraveltime="14.24" density="15.45" laneDensity="5.15" occupancy="2.50" waitingTime="0.00" timeLoss="3.64" speed="13.44" speedRelative="0.97" departed="0" arrived="2" entered="2" left="0" laneChangedFrom="0" laneChangedTo="0"/>
        <edge id="w_t" sampledSeconds="198.24" traveltime="98.82" overlapTraveltime="100.67" density="106.35" laneDensity="35.45" occupancy="17.68" waitingTime="164.00" timeLoss="170.97" speed="1.90" speedRelative="0.14" departed="3" arrived="0" entered="0" left="1" laneChangedFrom="0" laneChangedTo="0"/>
    </interval>
    <interval begin="130.00" end="140.00" id="1">
        <edge id="e_t" sampledSeconds="205.94" traveltime="97.52" overlapTraveltime="99.31" density="110.48" laneDensity="36.83" occupancy="18.37" waitingTime="170.00" timeLoss="175.76" speed="1.93" speedRelative="0.14" departed="6" arrived="0" entered="0" left="1" laneChangedFrom="0" laneChangedTo="0"/>
        <edge id="n_t" sampledSeconds="162.88" traveltime="78.31" overlapTraveltime="79.02" density="87.38" laneDensity="29.13" occupancy="14.50" waitingTime="128.00" timeLoss="132.95" speed="2.42" speedRelative="0.17" departed="6" arrived="0" entered="0" left="2" laneChangedFrom="0" laneChangedTo="0"/>
        <edge id="s_t" sampledSeconds="166.85" traveltime="74.89" overlapTraveltime="76.37" density="89.51" laneDensity="29.84" occupancy="14.88" waitingTime="129.00" timeLoss="132.31" speed="2.51" speedRelative="0.18" departed="6" arrived="0" entered="0" left="1" laneChangedFrom="0" laneChangedTo="0"/>
        <edge id="t_e" sampledSeconds="21.93" traveltime="14.87" overlapTraveltime="15.27" density="11.77" laneDensity="3.92" occupancy="1.91" waitingTime="0.00" timeLoss="1.36" speed="12.53" speedRelative="0.90" departed="0" arrived="1" entered="1" left="0" laneChangedFrom="0" laneChangedTo="0"/>
        <edge id="t_n" sampledSeconds="11.40" traveltime="14.51" overlapTraveltime="14.90" density="6.12" laneDensity="2.04" occupancy="0.99" waitingTime="0.00" timeLoss="0.99" speed="12.85" speedRelative="0.93" departed="0" arrived="0" entered="1" left="0" laneChangedFrom="0" laneChangedTo="0"/>
        <edge id="t_s" sampledSeconds="13.67" traveltime="16.35" overlapTraveltime="16.79" density="7.33" laneDensity="2.44" occupancy="1.19" waitingTime="0.00" timeLoss="1.66" speed="11.40" speedRelative="0.82" departed="0" arrived="0" entered="1" left="0" laneChangedFrom="0" laneChangedTo="0"/>
        <edge id="t_w" sampledSeconds="16.59" traveltime="12.39" overlapTraveltime="12.69" density="8.90" laneDensity="2.97" occupancy="1.43" waitingTime="0.00" timeLoss="1.50" speed="15.09" speedRelative="1.09" departed="0" arrived="2" entered="1" left="0" laneChangedFrom="0" laneChangedTo="0"/>
        <edge id="w_t" sampledSeconds="213.77" traveltime="102.08" overlapTraveltime="103.84" density="114.68" laneDensity="38.23" occupancy="19.08" waitingTime="181.00" timeLoss="187.12" speed="1.84" speedRelative="0.13" departed="6" arrived="0" entered="0" left="1" laneChangedFrom="0" laneChangedTo="0"/>
    </interval>
    <interval begin="140.00" end="150.00" id="1">
        <edge id="e_t" sampledSeconds="248.87" traveltime="73.03" overlapTraveltime="74.64" density="133.51" laneDensity="44.50" occupancy="22.22" waitingTime="187.00" timeLoss="201.91" speed="2.56" speedRelative="0.18" departed="3" arrived="0" entered="0" left="1" laneChangedFrom="0" laneChangedTo="0"/>
        <edge id="n_t" sampledSeconds="199.00" traveltime="56.52" overlapTraveltime="58.04" density="106.76" laneDensity="35.59" occupancy="17.79" waitingTime="139.00" timeLoss="149.42" speed="3.30" speedRelative="0.24" departed="3" arrived="0" entered="0" left="0" laneChangedFrom="0" laneChangedTo="0"/>
        <edge id="s_t" sampledSeconds="200.10" traveltime="52.82" overlapTraveltime="53.93" density="107.35" laneDensity="35.78" occupancy="17.85" waitingTime="137.00" timeLoss="146.00" speed="3.55" speedRelative="0.26" departed="3" arrived="0" entered="0" left="2" laneChangedFrom="0" laneChangedTo="0"/>
        <edge id="t_e" sampledSeconds="25.86" traveltime="15.05" overlapTraveltime="15.44" density="13.87" laneDensity="4.62" occupancy="2.25" waitingTime="0.00" timeLoss="2.26" speed="12.39" speedRelative="0.89" departed="0" arrived="2" entered="1" left="0" laneChangedFrom="0" laneChangedTo="0"/>
        <edge id="t_n" sampledSeconds="10.48" traveltime="14.44" overlapTraveltime="14.81" density="5.62" laneDensity="1.87" occupancy="0.92" waitingTime="0.00" timeLoss="0.72" speed="12.93" speedRelative="0.93" departed="0" arrived="1" entered="0" left="0" laneChangedFrom="0" laneChangedTo="0"/>
        <edge id="t_s" sampledSeconds="14.72" traveltime="13.08" overlapTraveltime="13.48" density="7.90" laneDensity="2.63" occupancy="1.28" waitingTime="0.00" timeLoss="0.63" speed="14.20" speedRelative="1.02" departed="0" arrived="2" entered="1" left="0" laneChangedFrom="0" laneChangedTo="0"/>
        <edge id="t_w" sampledSeconds="16.51" traveltime="14.33" overlapTraveltime="14.72" density="8.86" laneDensity="2.95" occupancy="1.45" waitingTime="0.00" timeLoss="0.86" speed="13.00" speedRelative="0.94" departed="0" arrived="0" entered="1" left="0" laneChangedFrom="0" laneChangedTo="0"/>
        <edge id="w_t" sampledSeconds="258.38" traveltime="79.07" overlapTraveltime="80.76" density="138.61" laneDensity="46.20" occupancy="23.07" waitingTime="201.00" timeLoss="214.82" speed="2.37" speedRelative="0.17" departed="3" arrived="0" entered="0" left="1" laneChangedFrom="0" laneChangedTo="0"/>
    </interval>
    <interval begin="150.00" end="160.00" id="1">
        <edge id="e_t" sampledSeconds="258.77" traveltime="139.17" overlapTraveltime="141.34" density="138.83" laneDensity="46.28" occupancy="23.10" waitingTime="224.00" timeLoss="231.73" speed="1.35" speedRelative="0.10" departed="3" arrived="0" entered="0" left="1" laneChangedFrom="0" laneChangedTo="0"/>
        <edge id="n_t" sampledSeconds="203.80" traveltime="82.12" overlapTraveltime="82.25" density="109.34" laneDensity="36.45" occupancy="18.06" waitingTime="157.00" timeLoss="166.50" speed="2.33" speedRelative="0.17" departed="3" arrived="0" entered="0" left="4" laneChangedFrom="0" laneChangedTo="0"/>
        <edge id="s_t" sampledSeconds="194.82" traveltime="85.04" overlapTraveltime="84.24" density="104.52" laneDensity="34.84" occupancy="17.28" waitingTime="153.00" timeLoss="161.77" speed="2.27" speedRelative="0.16" departed="3" arrived="0" entered="0" left="4" laneChangedFrom="0" laneChangedTo="0"/>
        <edge id="t_e" sampledSeconds="36.48" traveltime="15.31" overlapTraveltime="15.69" density="19.57" laneDensity="6.52" occupancy="3.11" waitingTime="0.00" timeLoss="4.44" speed="12.20" speedRelative="0.88" departed="0" arrived="2" entered="4" left="0" laneChangedFrom="0" laneChangedTo="0"/>
        <edge id="t_n" sampledSeconds="16.84" traveltime="15.96" overlapTraveltime="16.33" density="9.04" laneDensity="3.01" occupancy="1.42" waitingTime="0.00" timeLoss="2.61" speed="11.72" speedRelative="0.84" departed="0" arrived="1" entered="2" left="0" laneChangedFrom="0" laneChangedTo="0"/>
        <edge id="t_s" sampledSeconds="15.39" traveltime="15.37" overlapTraveltime="15.79" density="8.26" laneDensity="2.75" occupancy="1.32" waitingTime="0.00" timeLoss="2.53" speed="12.12" speedRelative="0.87" departed="0" arrived="0" entered="1" left="0" laneChangedFrom="0" laneChangedTo="0"/>
        <edge id="t_w" sampledSeconds="21.43" traveltime="17.90" overlapTraveltime="18.26" density="11.50" laneDensity="3.83" occupancy="1.80" waitingTime="0.00" timeLoss="2.33" speed="10.48" speedRelative="0.75" departed="0" arrived="1" entered="3" left="0" laneChangedFrom="0" laneChangedTo="0"/>
        <edge id="w_t" sampledSeconds="266.95" traveltime="161.66" overlapTraveltime="163.90" density="143.21" laneDensity="47.74" occupancy="23.83" waitingTime="235.00" timeLoss="243.08" speed="1.17" speedRelative="0.08" departed="3" arrived="0" entered="0" left="1" laneChangedFrom="0" laneChangedTo="0"/>
    </interval>
    <interval begin="160.00" end="170.00" id="1">
        <edge id="e_t" sampledSeconds="271.84" traveltime="165.06" overlapTraveltime="167.29" density="145.84" laneDensity="48.61" occupancy="24.27" waitingTime="243.00" timeLoss="249.32" speed="1.14" speedRelative="0.08" departed="0" arrived="0" entered="0" left="1" laneChangedFrom="0" laneChangedTo="0"/>
        <edge id="n_t" sampledSeconds="194.99" traveltime="105.94" overlapTraveltime="106.51" density="104.61" laneDensity="34.87" occupancy="17.37" waitingTime="164.00" timeLoss="168.66" speed="1.80" speedRelative="0.13" departed="0" arrived="0" entered="0" left="2" laneChangedFrom="0" laneChangedTo="0"/>
        <edge id="s_t" sampledSeconds="193.09" traveltime="120.61" overlapTraveltime="122.42" density="103.59" laneDensity="34.53" occupancy="17.22" waitingTime="165.00" timeLoss="169.23" speed="1.56" speedRelative="0.11" departed="0" arrived="0" entered="0" left="1" laneChangedFrom="0" laneChangedTo="0"/>
        <edge id="t_e" sampledSeconds="46.48" traveltime="14.60" overlapTraveltime="14.98" density="24.93" laneDensity="8.31" occupancy="4.06" waitingTime="0.00" timeLoss="4.31" speed="12.78" speedRelative="0.92" departed="0" arrived="4" entered="2" left="0" laneChangedFrom="0" laneChangedTo="0"/>
        <edge id="t_n" sampledSeconds="23.01" traveltime="14.99" overlapTraveltime="15.36" density="12.34" laneDensity="4.11" occupancy="2.01" waitingTime="0.00" timeLoss="1.80" speed="12.46" speedRelative="0.90" departed="0" arrived="1" entered="1" left="0" laneChangedFrom="0" laneChangedTo="0"/>
        <edge id="t_s" sampledSeconds="20.50" traveltime="14.54" overlapTraveltime="14.87" density="11.00" laneDensity="3.67" occupancy="1.77" waitingTime="0.00" timeLoss="1.62" speed="12.87" speedRelative="0.93" departed="0" arrived="2" entered="1" left="0" laneChangedFrom="0" laneChangedTo="0"/>
        <edge id="t_w" sampledSeconds="55.49" traveltime="16.98" overlapTraveltime="17.44" density="29.77" laneDensity="9.92" occupancy="4.86" waitingTime="0.00" timeLoss="6.93" speed="10.97" speedRelative="0.79" departed="0" arrived="1" entered="3" left="0" laneChangedFrom="0" laneChangedTo="0"/>
        <edge id="w_t" sampledSeconds="283.16" traveltime="184.43" overlapTraveltime="186.75" density="151.91" laneDensity="50.64" occupancy="25.28" waitingTime="255.00" timeLoss="260.46" speed="1.02" speedRelative="0.07" departed="0" arrived="0" entered="0" left="1" laneChangedFrom="0" laneChangedTo="0"/>
    </interval>
    <interval begin="170.00" end="180.00" id="1">
        <edge id="e_t" sampledSeconds="289.77" traveltime="182.72" overlapTraveltime="184.96" density="155.46" laneDensity="51.82" occupancy="25.88" waitingTime="261.00" timeLoss="267.48" speed="1.03" speedRelative="0.07" departed="3" arrived="0" entered="0" left="1" laneChangedFrom="0" laneChangedTo="0"/>
        <edge id="n_t" sampledSeconds="204.91" traveltime="104.26" overlapTraveltime="104.90" density="109.93" laneDensity="36.64" occupancy="18.26" waitingTime="173.00" timeLoss="177.43" speed="1.82" speedRelative="0.13" departed="3" arrived="0" entered="0" left="2" laneChangedFrom="0" laneChangedTo="0"/>
        <edge id="s_t" sampledSeconds="210.00" traveltime="105.37" overlapTraveltime="106.17" density="112.66" laneDensity="37.55" occupancy="18.70" waitingTime="172.00" timeLoss="178.68" speed="1.80" speedRelative="0.13" departed="3" arrived="0" entered="0" left="2" laneChangedFrom="0" laneChangedTo="0"/>
        <edge id="t_e" sampledSeconds="27.44" traveltime="14.73" overlapTraveltime="15.12" density="14.72" laneDensity="4.91" occupancy="2.38" waitingTime="0.00" timeLoss="2.34" speed="12.66" speedRelative="0.91" departed="0" arrived="2" entered="2" left="0" laneChangedFrom="0" laneChangedTo="0"/>
        <edge id="t_n" sampledSeconds="17.17" traveltime="14.80" overlapTraveltime="15.22" density="9.21" laneDensity="3.07" occupancy="1.48" waitingTime="0.00" timeLoss="1.96" speed="12.58" speedRelative="0.91" departed="0" arrived="2" entered="1" left="0" laneChangedFrom="0" laneChangedTo="0"/>
        <edge id="t_s" sampledSeconds="13.17" traveltime="16.24" overlapTraveltime="16.64" density="7.07" laneDensity="2.36" occupancy="1.12" waitingTime="0.00" timeLoss="1.51" speed="11.50" speedRelative="0.83" departed="0" arrived="1" entered="1" left="0" laneChangedFrom="0" laneChangedTo="0"/>
        <edge id="t_w" sampledSeconds="44.52" traveltime="16.71" overlapTraveltime="17.09" density="23.88" laneDensity="7.96" occupancy="3.91" waitingTime="0.00" timeLoss="5.90" speed="11.20" speedRelative="0.81" departed="0" arrived="6" entered="1" left="0" laneChangedFrom="1" laneChangedTo="1"/>
        <edge id="w_t" sampledSeconds="303.03" traveltime="169.82" overlapTraveltime="172.34" density="162.57" laneDensity="54.19" occupancy="27.05" waitingTime="270.00" timeLoss="277.57" speed="1.11" speedRelative="0.08" departed="3" arrived="0" entered="0" left="1" laneChangedFrom="0" laneChangedTo="0"/>
    </interval>
    <interval begin="180.00" end="190.00" id="1">
        <edge id="e_t" sampledSeconds="307.93" traveltime="181.69" overlapTraveltime="184.18" density="165.20" laneDensity="55.07" occupancy="27.49" waitingTime="280.00" timeLoss="285.03" speed="1.04" speedRelative="0.07" departed="3" arrived="0" entered="0" left="1" laneChangedFrom="0" laneChangedTo="0"/>
        <edge id="n_t" sampledSeconds="213.19" traveltime="111.32" overlapTraveltime="111.92" density="114.37" laneDensity="38.12" occupancy="19.00" waitingTime="181.00" timeLoss="186.31" speed="1.71" speedRelative="0.12" departed="3" arrived="0" entered="0" left="2" laneChangedFrom="0" laneChangedTo="0"/>
        <edge id="s_t" sampledSeconds="217.12" traveltime="102.64" overlapTraveltime="103.59" density="116.48" laneDensity="38.83" occupancy="19.34" waitingTime="181.00" timeLoss="186.70" speed="1.85" speedRelative="0.13" departed="3" arrived="0" entered="0" left="2" laneChangedFrom="0" laneChangedTo="0"/>
        <edge id="t_e" sampledSeconds="23.20" traveltime="14.47" overlapTraveltime="14.84" density="12.45" laneDensity="4.15" occupancy="2.00" waitingTime="0.00" timeLoss="1.68" speed="12.90" speedRelative="0.93" departed="0" arrived="1" entered="2" left="0" laneChangedFrom="0" laneChangedTo="0"/>
        <edge id="t_n" sampledSeconds="10.33" traveltime="14.82" overlapTraveltime="15.15" density="5.54" laneDensity="1.85" occupancy="0.88" waitingTime="0.00" timeLoss="1.45" speed="12.63" speedRelative="0.91" departed="0" arrived="1" entered="1" left="0" laneChangedFrom="0" laneChangedTo="0"/>
        <edge id="t_s" sampledSeconds="13.80" traveltime="16.56" overlapTraveltime="17.00" density="7.41" laneDensity="2.47" occupancy="1.20" waitingTime="0.00" timeLoss="1.86" speed="11.26" speedRelative="0.81" departed="0" arrived="0" entered="1" left="0" laneChangedFrom="0" laneChangedTo="0"/>
        <edge id="t_w" sampledSeconds="21.27" traveltime="16.51" overlapTraveltime="16.91" density="11.41" laneDensity="3.80" occupancy="1.82" waitingTime="0.00" timeLoss="2.21" speed="11.32" speedRelative="0.81" departed="0" arrived="1" entered="2" left="0" laneChangedFrom="0" laneChangedTo="0"/>
        <edge id="w_t" sampledSeconds="316.57" traveltime="204.29" overlapTraveltime="206.69" density="169.84" laneDensity="56.61" occupancy="28.27" waitingTime="289.00" timeLoss="295.64" speed="0.93" speedRelative="0.07" departed="3" arrived="0" entered="0" left="1" laneChangedFrom="0" laneChangedTo="0"/>
    </interval>
    <interval begin="190.00" end="200.00" id="1">
        <edge id="e_t" sampledSeconds="322.15" traveltime="231.10" overlapTraveltime="233.39" density="172.83" laneDensity="57.61" occupancy="28.77" waitingTime="297.00" timeLoss="303.24" speed="0.82" speedRelative="0.06" departed="3" arrived="0" entered="0" left="1" laneChangedFrom="0" laneChangedTo="0"/>
        <edge id="n_t" sampledSeconds="222.13" traveltime="121.00" overlapTraveltime="121.70" density="119.17" laneDensity="39.72" occupancy="19.78" waitingTime="190.00" timeLoss="195.83" speed="1.57" speedRelative="0.11" departed="3" arrived="0" entered="0" left="2" laneChangedFrom="0" laneChangedTo="0"/>
        <edge id="s_t" sampledSeconds="220.01" traveltime="124.02" overlapTraveltime="124.35" density="118.03" laneDensity="39.34" occupancy="19.61" waitingTime="190.00" timeLoss="195.06" speed="1.54" speedRelative="0.11" departed="3" arrived="0" entered="0" left="2" laneChangedFrom="0" laneChangedTo="0"/>
        <edge id="t_e" sampledSeconds="21.86" traveltime="15.15" overlapTraveltime="15.54" density="11.73" laneDensity="3.91" occupancy="1.91" waitingTime="0.00" timeLoss="1.82" speed="12.32" speedRelative="0.89" departed="0" arrived="1" entered="1" left="0" laneChangedFrom="0" laneChangedTo="0"/>
        <edge id="t_n" sampledSeconds="12.20" traveltime="16.27" overlapTraveltime="16.71" density="6.54" laneDensity="2.18" occupancy="1.06" waitingTime="0.00" timeLoss="1.50" speed="11.45" speedRelative="0.82" departed="0" arrived="0" entered="1" left="0" laneChangedFrom="0" laneChangedTo="0"/>
        <edge id="t_s" sampledSeconds="13.34" traveltime="14.26" overlapTraveltime="14.64" density="7.16" laneDensity="2.39" occupancy="1.17" waitingTime="0.00" timeLoss="0.85" speed="13.07" speedRelative="0.94" departed="0" arrived="1" entered="1" left="0" laneChangedFrom="0" laneChangedTo="0"/>
        <edge id="t_w" sampledSeconds="30.87" traveltime="16.28" overlapTraveltime="16.72" density="16.56" laneDensity="5.52" occupancy="2.71" waitingTime="0.00" timeLoss="2.12" speed="11.45" speedRelative="0.82" departed="0" arrived="0" entered="3" left="0" laneChangedFrom="1" laneChangedTo="1"/>
        <edge id="w_t" sampledSeconds="333.88" traveltime="240.66" overlapTraveltime="243.05" density="179.12" laneDensity="59.71" occupancy="29.81" waitingTime="307.00" timeLoss="313.31" speed="0.79" speedRelative="0.06" departed="3" arrived="0" entered="0" left="1" laneChangedFrom="0" laneChangedTo="0"/>
    </interval>
    <interval begin="200.00" end="210.00" id="1">
        <edge id="e_t" sampledSeconds="345.00" traveltime="222.80" overlapTraveltime="228.78" density="185.09" laneDensity="61.70" occupancy="30.85" waitingTime="314.00" timeLoss="322.48" speed="0.84" speedRelative="0.06" departed="6" arrived="0" entered="0" left="0" laneChangedFrom="0" laneChangedTo="0"/>
        <edge id="n_t" sampledSeconds="235.00" traveltime="107.92" overlapTraveltime="110.81" density="126.07" laneDensity="42.02" occupancy="21.01" waitingTime="200.00" timeLoss="205.16" speed="1.73" speedRelative="0.12" departed="6" arrived="0" entered="0" left="0" laneChangedFrom="0" laneChangedTo="0"/>
        <edge id="s_t" sampledSeconds="234.78" traveltime="113.64" overlapTraveltime="115.54" density="125.95" laneDensity="41.98" occupancy="20.96" waitingTime="200.00" timeLoss="205.58" speed="1.66" speedRelative="0.12" departed="6" arrived="0" entered="0" left="1" laneChangedFrom="0" laneChangedTo="0"/>
        <edge id="t_e" sampledSeconds="27.50" traveltime="14.10" overlapTraveltime="14.50" density="14.75" laneDensity="4.92" occupancy="2.41" waitingTime="0.00" timeLoss="1.51" speed="13.20" speedRelative="0.95" departed="0" arrived="2" entered="1" left="0" laneChangedFrom="0" laneChangedTo="0"/>
        <edge id="t_n" sampledSeconds="14.00" traveltime="14.12" overlapTraveltime="14.51" density="7.51" laneDensity="2.50" occupancy="1.25" waitingTime="0.00" timeLoss="0.81" speed="13.19" speedRelative="0.95" departed="0" arrived="1" entered="0" left="0" laneChangedFrom="0" laneChangedTo="0"/>
        <edge id="t_s" sampledSeconds="11.61" traveltime="15.52" overlapTraveltime="15.86" density="6.23" laneDensity="2.08" occupancy="1.01" waitingTime="0.00" timeLoss="1.15" speed="12.07" speedRelative="0.87" departed="0" arrived="1" entered="0" left="0" laneChangedFrom="0" laneChangedTo="0"/>
        <edge id="t_w" sampledSeconds="30.50" traveltime="14.84" overlapTraveltime="15.31" density="16.37" laneDensity="5.46" occupancy="2.65" waitingTime="0.00" timeLoss="2.22" speed="12.50" speedRelative="0.90" departed="0" arrived="3" entered="0" left="0" laneChangedFrom="0" laneChangedTo="0"/>
        <edge id="w_t" sampledSeconds="354.91" traveltime="221.37" overlapTraveltime="224.06" density="190.40" laneDensity="63.47" occupancy="31.70" waitingTime="324.00" timeLoss="331.41" speed="0.85" speedRelative="0.06" departed="6" arrived="0" entered="0" left="1" laneChangedFrom="0" laneChangedTo="0"/>
    </interval>
    <interval begin="210.00" end="220.00" id="1">
        <edge id="e_t" sampledSeconds="384.95" traveltime="189.75" overlapTraveltime="192.78" density="206.52" laneDensity="68.84" occupancy="34.38" waitingTime="341.00" timeLoss="353.77" speed="0.99" speedRelative="0.07" departed="3" arrived="0" entered="0" left="1" laneChangedFrom="0" laneChangedTo="0"/>
        <edge id="n_t" sampledSeconds="264.99" traveltime="91.80" overlapTraveltime="92.87" density="142.16" laneDensity="47.39" occupancy="23.61" waitingTime="213.00" timeLoss="223.00" speed="2.06" speedRelative="0.15" departed="3" arrived="0" entered="0" left="3" laneChangedFrom="0" laneChangedTo="0"/>
        <edge id="s_t" sampledSeconds="266.42" traveltime="86.84" overlapTraveltime="88.71" density="142.93" laneDensity="47.64" occupancy="23.78" waitingTime="214.00" timeLoss="224.30" speed="2.16" speedRelative="0.16" departed="3" arrived="0" entered="0" left="1" laneChangedFrom="0" laneChangedTo="0"/>
        <edge id="t_e" sampledSeconds="20.11" traveltime="15.78" overlapTraveltime="16.12" density="10.79" laneDensity="3.60" occupancy="1.69" waitingTime="0.00" timeLoss="2.33" speed="11.88" speedRelative="0.86" departed="0" arrived="2" entered="2" left="0" laneChangedFrom="0" laneChangedTo="0"/>
        <edge id="t_n" sampledSeconds="10.03" traveltime="16.34" overlapTraveltime="16.67" density="5.38" laneDensity="1.79" occupancy="0.85" waitingTime="0.00" timeLoss="1.31" speed="11.48" speedRelative="0.83" departed="0" arrived="1" entered="1" left="0" laneChangedFrom="0" laneChangedTo="0"/>
        <edge id="t_s" sampledSeconds="15.20" traveltime="15.40" overlapTraveltime="15.82" density="8.16" laneDensity="2.72" occupancy="1.31" waitingTime="0.00" timeLoss="1.72" speed="12.10" speedRelative="0.87" departed="0" arrived="1" entered="1" left="0" laneChangedFrom="0" laneChangedTo="0"/>
        <edge id="t_w" sampledSeconds="24.87" traveltime="14.57" overlapTraveltime="14.94" density="13.34" laneDensity="4.45" occupancy="2.15" waitingTime="0.00" timeLoss="1.98" speed="12.81" speedRelative="0.92" departed="0" arrived="2" entered="2" left="0" laneChangedFrom="0" laneChangedTo="0"/>
        <edge id="w_t" sampledSeconds="393.00" traveltime="192.46" overlapTraveltime="197.62" density="210.84" laneDensity="70.28" occupancy="35.14" waitingTime="347.00" timeLoss="363.13" speed="0.97" speedRelative="0.07" departed="3" arrived="0" entered="0" left="0" laneChangedFrom="0" laneChangedTo="0"/>
    </interval>
