<?xml version="1.0" encoding="UTF-8"?>

<!-- generated on 2025-06-24 17:12:59 by Eclipse SUMO libsumo Version 1.19.0
<configuration xmlns:xsi="http://www.w3.org/2001/XMLSchema-instance" xsi:noNamespaceSchemaLocation="http://sumo.dlr.de/xsd/libsumoConfiguration.xsd">

    <input>
        <net-file value="./nets/syc/1x1/Equal_entries_350_CT/15-85-Truck-Car/syc_4phases.net.xml"/>
        <route-files value="./nets/syc/1x1/Equal_entries_350_CT/15-85-Truck-Car/equal_entries_350_54_15-85-TC.rou.xml"/>
        <additional-files value="./nets/syc/1x1/Equal_entries_350_CT/15-85-Truck-Car/1x1_outputs.add.xml"/>
    </input>

    <output>
        <fcd-output value="./nets/syc/1x1/Equal_entries_350_CT/15-85-Truck-Car/output/fcd_output.xml"/>
        <tripinfo-output value="./nets/syc/1x1/Equal_entries_350_CT/15-85-Truck-Car/output/tripinfo.out.xml"/>
    </output>

    <time>
        <begin value="0"/>
        <end value="1000"/>
    </time>

    <processing>
        <time-to-teleport value="-1"/>
        <waiting-time-memory value="1000"/>
        <max-depart-delay value="-1"/>
    </processing>

    <random_number>
        <seed value="0"/>
    </random_number>

</configuration>
-->

<tripinfos xmlns:xsi="http://www.w3.org/2001/XMLSchema-instance" xsi:noNamespaceSchemaLocation="http://sumo.dlr.de/xsd/tripinfo_file.xsd">
    <tripinfo id="flow_en_car.0" depart="0.00" departLane="e_t_0" departPos="5.10" departSpeed="16.43" departDelay="0.00" arrival="27.00" arrivalLane="t_n_0" arrivalPos="186.40" arrivalSpeed="15.71" duration="27.00" routeLength="376.73" waitingTime="0.00" waitingCount="0" stopTime="0.00" timeLoss="3.41" rerouteNo="0" devices="tripinfo_flow_en_car.0 fcd_flow_en_car.0" vType="car" speedFactor="1.18" vaporized=""/>
    <tripinfo id="flow_se_car.0" depart="0.00" departLane="s_t_0" departPos="5.10" departSpeed="15.63" departDelay="0.00" arrival="29.00" arrivalLane="t_e_0" arrivalPos="186.40" arrivalSpeed="15.51" duration="29.00" routeLength="376.73" waitingTime="0.00" waitingCount="0" stopTime="0.00" timeLoss="3.02" rerouteNo="0" devices="tripinfo_flow_se_car.0 fcd_flow_se_car.0" vType="car" speedFactor="1.13" vaporized=""/>
    <tripinfo id="flow_ew_car.0" depart="0.00" departLane="e_t_1" departPos="5.10" departSpeed="14.41" departDelay="0.00" arrival="29.00" arrivalLane="t_w_1" arrivalPos="186.40" arrivalSpeed="13.23" duration="29.00" routeLength="394.90" waitingTime="0.00" waitingCount="0" stopTime="0.00" timeLoss="1.58" rerouteNo="0" devices="tripinfo_flow_ew_car.0 fcd_flow_ew_car.0" vType="car" speedFactor="1.04" vaporized=""/>
    <tripinfo id="flow_ws_car.0" depart="0.00" departLane="w_t_0" departPos="5.10" departSpeed="15.38" departDelay="0.00" arrival="29.00" arrivalLane="t_s_0" arrivalPos="186.40" arrivalSpeed="14.32" duration="29.00" routeLength="376.73" waitingTime="0.00" waitingCount="0" stopTime="0.00" timeLoss="3.27" rerouteNo="0" devices="tripinfo_flow_ws_car.0 fcd_flow_ws_car.0" vType="car" speedFactor="1.11" vaporized=""/>
    <tripinfo id="flow_nw_car.0" depart="0.00" departLane="n_t_0" departPos="5.10" departSpeed="14.31" departDelay="0.00" arrival="31.00" arrivalLane="t_w_0" arrivalPos="186.40" arrivalSpeed="14.21" duration="31.00" routeLength="376.73" waitingTime="0.00" waitingCount="0" stopTime="0.00" timeLoss="3.67" rerouteNo="0" devices="tripinfo_flow_nw_car.0 fcd_flow_nw_car.0" vType="car" speedFactor="1.03" vaporized=""/>
    <tripinfo id="flow_we_car.0" depart="0.00" departLane="w_t_1" departPos="5.10" departSpeed="12.94" departDelay="0.00" arrival="33.00" arrivalLane="t_e_1" arrivalPos="186.40" arrivalSpeed="12.05" duration="33.00" routeLength="394.90" waitingTime="0.00" waitingCount="0" stopTime="0.00" timeLoss="1.74" rerouteNo="0" devices="tripinfo_flow_we_car.0 fcd_flow_we_car.0" vType="car" speedFactor="0.93" vaporized=""/>
    <tripinfo id="flow_nw_truck.0" depart="1.00" departLane="n_t_0" departPos="5.10" departSpeed="10.70" departDelay="1.00" arrival="34.00" arrivalLane="t_w_0" arrivalPos="186.40" arrivalSpeed="12.81" duration="33.00" routeLength="376.73" waitingTime="0.00" waitingCount="0" stopTime="0.00" timeLoss="4.94" rerouteNo="0" devices="tripinfo_flow_nw_truck.0 fcd_flow_nw_truck.0" vType="truck" speedFactor="1.02" vaporized=""/>
    <tripinfo id="flow_se_truck.0" depart="1.00" departLane="s_t_0" departPos="5.10" departSpeed="12.72" departDelay="1.00" arrival="34.00" arrivalLane="t_e_0" arrivalPos="186.40" arrivalSpeed="11.87" duration="33.00" routeLength="376.73" waitingTime="0.00" waitingCount="0" stopTime="0.00" timeLoss="3.22" rerouteNo="0" devices="tripinfo_flow_se_truck.0 fcd_flow_se_truck.0" vType="truck" speedFactor="0.95" vaporized=""/>
    <tripinfo id="flow_ws_truck.0" depart="1.00" departLane="w_t_0" departPos="5.10" departSpeed="13.04" departDelay="1.00" arrival="34.00" arrivalLane="t_s_0" arrivalPos="186.40" arrivalSpeed="12.77" duration="33.00" routeLength="376.73" waitingTime="0.00" waitingCount="0" stopTime="0.00" timeLoss="3.54" rerouteNo="0" devices="tripinfo_flow_ws_truck.0 fcd_flow_ws_truck.0" vType="truck" speedFactor="0.94" vaporized=""/>
    <tripinfo id="flow_sw_car.0" depart="0.00" departLane="s_t_2" departPos="5.10" departSpeed="14.64" departDelay="0.00" arrival="35.00" arrivalLane="t_w_2" arrivalPos="186.40" arrivalSpeed="13.54" duration="35.00" routeLength="392.21" waitingTime="0.00" waitingCount="0" stopTime="0.00" timeLoss="7.23" rerouteNo="0" devices="tripinfo_flow_sw_car.0 fcd_flow_sw_car.0" vType="car" speedFactor="1.05" vaporized=""/>
    <tripinfo id="flow_ne_car.0" depart="0.00" departLane="n_t_2" departPos="5.10" departSpeed="12.27" departDelay="0.00" arrival="36.00" arrivalLane="t_e_2" arrivalPos="186.40" arrivalSpeed="11.38" duration="36.00" routeLength="392.21" waitingTime="0.00" waitingCount="0" stopTime="0.00" timeLoss="2.82" rerouteNo="0" devices="tripinfo_flow_ne_car.0 fcd_flow_ne_car.0" vType="car" speedFactor="0.88" vaporized=""/>
    <tripinfo id="flow_en_truck.0" depart="1.00" departLane="e_t_0" departPos="5.10" departSpeed="12.30" departDelay="1.00" arrival="36.00" arrivalLane="t_n_0" arrivalPos="186.40" arrivalSpeed="11.60" duration="35.00" routeLength="376.73" waitingTime="0.00" waitingCount="0" stopTime="0.00" timeLoss="3.31" rerouteNo="0" devices="tripinfo_flow_en_truck.0 fcd_flow_en_truck.0" vType="truck" speedFactor="0.89" vaporized=""/>
    <tripinfo id="flow_sw_truck.0" depart="1.00" departLane="s_t_2" departPos="5.10" departSpeed="11.50" departDelay="1.00" arrival="37.00" arrivalLane="t_w_2" arrivalPos="186.40" arrivalSpeed="16.84" duration="36.00" routeLength="392.21" waitingTime="0.00" waitingCount="0" stopTime="0.00" timeLoss="12.41" rerouteNo="0" devices="tripinfo_flow_sw_truck.0 fcd_flow_sw_truck.0" vType="truck" speedFactor="1.27" vaporized=""/>
    <tripinfo id="flow_ne_truck.0" depart="1.00" departLane="n_t_2" departPos="5.10" departSpeed="9.38" departDelay="1.00" arrival="38.00" arrivalLane="t_e_2" arrivalPos="186.40" arrivalSpeed="15.67" duration="37.00" routeLength="392.21" waitingTime="0.00" waitingCount="0" stopTime="0.00" timeLoss="11.12" rerouteNo="0" devices="tripinfo_flow_ne_truck.0 fcd_flow_ne_truck.0" vType="truck" speedFactor="1.16" vaporized=""/>
    <tripinfo id="flow_nw_car.1" depart="13.00" departLane="n_t_0" departPos="5.10" departSpeed="15.08" departDelay="0.90" arrival="42.00" arrivalLane="t_w_0" arrivalPos="186.40" arrivalSpeed="15.05" duration="29.00" routeLength="376.73" waitingTime="0.00" waitingCount="0" stopTime="0.00" timeLoss="3.10" rerouteNo="0" devices="tripinfo_flow_nw_car.1 fcd_flow_nw_car.1" vType="car" speedFactor="1.09" vaporized=""/>
    <tripinfo id="flow_se_car.1" depart="13.00" departLane="s_t_0" departPos="5.10" departSpeed="14.63" departDelay="0.90" arrival="43.00" arrivalLane="t_e_0" arrivalPos="186.40" arrivalSpeed="13.43" duration="30.00" routeLength="376.73" waitingTime="0.00" waitingCount="0" stopTime="0.00" timeLoss="2.97" rerouteNo="0" devices="tripinfo_flow_se_car.1 fcd_flow_se_car.1" vType="car" speedFactor="1.05" vaporized=""/>
    <tripinfo id="flow_ws_car.1" depart="13.00" departLane="w_t_0" departPos="5.10" departSpeed="13.70" departDelay="0.90" arrival="44.00" arrivalLane="t_s_0" arrivalPos="186.40" arrivalSpeed="13.60" duration="31.00" routeLength="376.73" waitingTime="0.00" waitingCount="0" stopTime="0.00" timeLoss="2.85" rerouteNo="0" devices="tripinfo_flow_ws_car.1 fcd_flow_ws_car.1" vType="car" speedFactor="0.99" vaporized=""/>
    <tripinfo id="flow_en_car.1" depart="13.00" departLane="e_t_0" departPos="5.10" departSpeed="14.30" departDelay="0.90" arrival="44.00" arrivalLane="t_n_0" arrivalPos="186.40" arrivalSpeed="13.48" duration="31.00" routeLength="376.73" waitingTime="0.00" waitingCount="0" stopTime="0.00" timeLoss="3.75" rerouteNo="0" devices="tripinfo_flow_en_car.1 fcd_flow_en_car.1" vType="car" speedFactor="1.03" vaporized=""/>
    <tripinfo id="flow_sw_car.1" depart="13.00" departLane="s_t_2" departPos="5.10" departSpeed="14.38" departDelay="0.90" arrival="45.00" arrivalLane="t_w_2" arrivalPos="186.40" arrivalSpeed="13.82" duration="32.00" routeLength="392.21" waitingTime="0.00" waitingCount="0" stopTime="0.00" timeLoss="3.16" rerouteNo="0" devices="tripinfo_flow_sw_car.1 fcd_flow_sw_car.1" vType="car" speedFactor="1.03" vaporized=""/>
    <tripinfo id="flow_ne_car.1" depart="13.00" departLane="n_t_2" departPos="5.10" departSpeed="13.57" departDelay="0.90" arrival="47.00" arrivalLane="t_e_2" arrivalPos="186.40" arrivalSpeed="13.35" duration="34.00" routeLength="392.21" waitingTime="0.00" waitingCount="0" stopTime="0.00" timeLoss="3.71" rerouteNo="0" devices="tripinfo_flow_ne_car.1 fcd_flow_ne_car.1" vType="car" speedFactor="0.98" vaporized=""/>
    <tripinfo id="flow_ws_car.2" depart="25.00" departLane="w_t_0" departPos="5.10" departSpeed="16.41" departDelay="0.80" arrival="52.00" arrivalLane="t_s_0" arrivalPos="186.40" arrivalSpeed="15.74" duration="27.00" routeLength="376.73" waitingTime="0.00" waitingCount="0" stopTime="0.00" timeLoss="2.95" rerouteNo="0" devices="tripinfo_flow_ws_car.2 fcd_flow_ws_car.2" vType="car" speedFactor="1.18" vaporized=""/>
    <tripinfo id="flow_se_car.2" depart="25.00" departLane="s_t_0" departPos="5.10" departSpeed="14.00" departDelay="0.80" arrival="56.00" arrivalLane="t_e_0" arrivalPos="186.40" arrivalSpeed="13.50" duration="31.00" routeLength="376.73" waitingTime="0.00" waitingCount="0" stopTime="0.00" timeLoss="3.34" rerouteNo="0" devices="tripinfo_flow_se_car.2 fcd_flow_se_car.2" vType="car" speedFactor="1.01" vaporized=""/>
    <tripinfo id="flow_ne_car.2" depart="25.00" departLane="n_t_2" departPos="5.10" departSpeed="13.13" departDelay="0.80" arrival="58.00" arrivalLane="t_e_2" arrivalPos="186.40" arrivalSpeed="12.19" duration="33.00" routeLength="392.21" waitingTime="0.00" waitingCount="0" stopTime="0.00" timeLoss="2.66" rerouteNo="0" devices="tripinfo_flow_ne_car.2 fcd_flow_ne_car.2" vType="car" speedFactor="0.94" vaporized=""/>
    <tripinfo id="flow_nw_car.2" depart="25.00" departLane="n_t_0" departPos="5.10" departSpeed="12.24" departDelay="0.80" arrival="61.00" arrivalLane="t_w_0" arrivalPos="186.40" arrivalSpeed="12.03" duration="36.00" routeLength="376.73" waitingTime="0.00" waitingCount="0" stopTime="0.00" timeLoss="3.92" rerouteNo="0" devices="tripinfo_flow_nw_car.2 fcd_flow_nw_car.2" vType="car" speedFactor="0.88" vaporized=""/>
    <tripinfo id="flow_sw_car.2" depart="25.00" departLane="s_t_2" departPos="5.10" departSpeed="12.35" departDelay="0.80" arrival="61.00" arrivalLane="t_w_2" arrivalPos="186.40" arrivalSpeed="11.15" duration="36.00" routeLength="392.21" waitingTime="0.00" waitingCount="0" stopTime="0.00" timeLoss="3.11" rerouteNo="0" devices="tripinfo_flow_sw_car.2 fcd_flow_sw_car.2" vType="car" speedFactor="0.89" vaporized=""/>
    <tripinfo id="flow_en_car.2" depart="25.00" departLane="e_t_0" departPos="5.10" departSpeed="11.77" departDelay="0.80" arrival="62.00" arrivalLane="t_n_0" arrivalPos="186.40" arrivalSpeed="11.08" duration="37.00" routeLength="376.73" waitingTime="0.00" waitingCount="0" stopTime="0.00" timeLoss="3.58" rerouteNo="0" devices="tripinfo_flow_en_car.2 fcd_flow_en_car.2" vType="car" speedFactor="0.85" vaporized=""/>
    <tripinfo id="flow_ws_car.3" depart="37.00" departLane="w_t_0" departPos="5.10" departSpeed="16.94" departDelay="0.70" arrival="64.00" arrivalLane="t_s_0" arrivalPos="186.40" arrivalSpeed="16.32" duration="27.00" routeLength="376.73" waitingTime="0.00" waitingCount="0" stopTime="0.00" timeLoss="3.40" rerouteNo="0" devices="tripinfo_flow_ws_car.3 fcd_flow_ws_car.3" vType="car" speedFactor="1.22" vaporized=""/>
    <tripinfo id="flow_en_car.3" depart="37.00" departLane="e_t_0" departPos="5.10" departSpeed="13.14" departDelay="0.70" arrival="70.00" arrivalLane="t_n_0" arrivalPos="186.40" arrivalSpeed="12.33" duration="33.00" routeLength="376.73" waitingTime="0.00" waitingCount="0" stopTime="0.00" timeLoss="3.36" rerouteNo="0" devices="tripinfo_flow_en_car.3 fcd_flow_en_car.3" vType="car" speedFactor="0.95" vaporized=""/>
    <tripinfo id="flow_ne_car.3" depart="37.00" departLane="n_t_2" departPos="5.10" departSpeed="12.88" departDelay="0.70" arrival="71.00" arrivalLane="t_e_2" arrivalPos="186.40" arrivalSpeed="12.17" duration="34.00" routeLength="392.21" waitingTime="0.00" waitingCount="0" stopTime="0.00" timeLoss="2.51" rerouteNo="0" devices="tripinfo_flow_ne_car.3 fcd_flow_ne_car.3" vType="car" speedFactor="0.93" vaporized=""/>
    <tripinfo id="flow_sw_car.3" depart="37.00" departLane="s_t_2" departPos="5.10" departSpeed="13.23" departDelay="0.70" arrival="71.00" arrivalLane="t_w_2" arrivalPos="186.40" arrivalSpeed="12.80" duration="34.00" routeLength="392.21" waitingTime="0.00" waitingCount="0" stopTime="0.00" timeLoss="2.83" rerouteNo="0" devices="tripinfo_flow_sw_car.3 fcd_flow_sw_car.3" vType="car" speedFactor="0.95" vaporized=""/>
    <tripinfo id="flow_nw_car.3" depart="37.00" departLane="n_t_0" departPos="5.10" departSpeed="12.56" departDelay="0.70" arrival="72.00" arrivalLane="t_w_0" arrivalPos="186.40" arrivalSpeed="11.65" duration="35.00" routeLength="376.73" waitingTime="0.00" waitingCount="0" stopTime="0.00" timeLoss="3.61" rerouteNo="0" devices="tripinfo_flow_nw_car.3 fcd_flow_nw_car.3" vType="car" speedFactor="0.90" vaporized=""/>
    <tripinfo id="flow_se_car.3" depart="37.00" departLane="s_t_0" departPos="5.10" departSpeed="12.26" departDelay="0.70" arrival="72.00" arrivalLane="t_e_0" arrivalPos="186.40" arrivalSpeed="11.73" duration="35.00" routeLength="376.73" waitingTime="0.00" waitingCount="0" stopTime="0.00" timeLoss="3.34" rerouteNo="0" devices="tripinfo_flow_se_car.3 fcd_flow_se_car.3" vType="car" speedFactor="0.88" vaporized=""/>
    <tripinfo id="flow_sw_car.4" depart="49.00" departLane="s_t_2" departPos="5.10" departSpeed="16.39" departDelay="0.60" arrival="76.00" arrivalLane="t_w_2" arrivalPos="186.40" arrivalSpeed="16.00" duration="27.00" routeLength="392.21" waitingTime="0.00" waitingCount="0" stopTime="0.00" timeLoss="2.61" rerouteNo="0" devices="tripinfo_flow_sw_car.4 fcd_flow_sw_car.4" vType="car" speedFactor="1.18" vaporized=""/>
    <tripinfo id="flow_ws_car.4" depart="49.00" departLane="w_t_0" departPos="5.10" departSpeed="14.34" departDelay="0.60" arrival="79.00" arrivalLane="t_s_0" arrivalPos="186.40" arrivalSpeed="14.22" duration="30.00" routeLength="376.73" waitingTime="0.00" waitingCount="0" stopTime="0.00" timeLoss="2.49" rerouteNo="0" devices="tripinfo_flow_ws_car.4 fcd_flow_ws_car.4" vType="car" speedFactor="1.03" vaporized=""/>
    <tripinfo id="flow_en_car.4" depart="49.00" departLane="e_t_0" departPos="5.10" departSpeed="14.53" departDelay="0.60" arrival="79.00" arrivalLane="t_n_0" arrivalPos="186.40" arrivalSpeed="14.31" duration="30.00" routeLength="376.73" waitingTime="0.00" waitingCount="0" stopTime="0.00" timeLoss="2.97" rerouteNo="0" devices="tripinfo_flow_en_car.4 fcd_flow_en_car.4" vType="car" speedFactor="1.05" vaporized=""/>
    <tripinfo id="flow_se_car.4" depart="49.00" departLane="s_t_0" departPos="5.10" departSpeed="14.16" departDelay="0.60" arrival="80.00" arrivalLane="t_e_0" arrivalPos="186.40" arrivalSpeed="13.61" duration="31.00" routeLength="376.73" waitingTime="0.00" waitingCount="0" stopTime="0.00" timeLoss="3.47" rerouteNo="0" devices="tripinfo_flow_se_car.4 fcd_flow_se_car.4" vType="car" speedFactor="1.02" vaporized=""/>
    <tripinfo id="flow_nw_car.4" depart="49.00" departLane="n_t_0" departPos="5.10" departSpeed="12.89" departDelay="0.60" arrival="82.00" arrivalLane="t_w_0" arrivalPos="186.40" arrivalSpeed="12.22" duration="33.00" routeLength="376.73" waitingTime="0.00" waitingCount="0" stopTime="0.00" timeLoss="2.89" rerouteNo="0" devices="tripinfo_flow_nw_car.4 fcd_flow_nw_car.4" vType="car" speedFactor="0.93" vaporized=""/>
    <tripinfo id="flow_ne_car.4" depart="49.00" departLane="n_t_2" departPos="5.10" departSpeed="13.40" departDelay="0.60" arrival="83.00" arrivalLane="t_e_2" arrivalPos="186.40" arrivalSpeed="12.15" duration="34.00" routeLength="392.21" waitingTime="0.00" waitingCount="0" stopTime="0.00" timeLoss="3.28" rerouteNo="0" devices="tripinfo_flow_ne_car.4 fcd_flow_ne_car.4" vType="car" speedFactor="0.96" vaporized=""/>
    <tripinfo id="flow_se_car.5" depart="61.00" departLane="s_t_0" departPos="5.10" departSpeed="16.43" departDelay="0.50" arrival="88.00" arrivalLane="t_e_0" arrivalPos="186.40" arrivalSpeed="15.94" duration="27.00" routeLength="376.73" waitingTime="0.00" waitingCount="0" stopTime="0.00" timeLoss="3.37" rerouteNo="0" devices="tripinfo_flow_se_car.5 fcd_flow_se_car.5" vType="car" speedFactor="1.18" vaporized=""/>
    <tripinfo id="flow_en_car.5" depart="61.00" departLane="e_t_0" departPos="5.10" departSpeed="15.80" departDelay="0.50" arrival="89.00" arrivalLane="t_n_0" arrivalPos="186.40" arrivalSpeed="15.24" duration="28.00" routeLength="376.73" waitingTime="0.00" waitingCount="0" stopTime="0.00" timeLoss="3.08" rerouteNo="0" devices="tripinfo_flow_en_car.5 fcd_flow_en_car.5" vType="car" speedFactor="1.14" vaporized=""/>
    <tripinfo id="flow_ew_truck.0" depart="1.00" departLane="e_t_1" departPos="5.10" departSpeed="10.90" departDelay="1.00" arrival="90.00" arrivalLane="t_w_1" arrivalPos="186.40" arrivalSpeed="13.86" duration="89.00" routeLength="394.90" waitingTime="53.00" waitingCount="1" stopTime="0.00" timeLoss="61.30" rerouteNo="0" devices="tripinfo_flow_ew_truck.0 fcd_flow_ew_truck.0" vType="truck" speedFactor="1.04" vaporized=""/>
    <tripinfo id="flow_we_truck.0" depart="1.00" departLane="w_t_1" departPos="5.10" departSpeed="10.39" departDelay="1.00" arrival="91.00" arrivalLane="t_e_1" arrivalPos="186.40" arrivalSpeed="12.57" duration="90.00" routeLength="394.90" waitingTime="52.00" waitingCount="1" stopTime="0.00" timeLoss="60.50" rerouteNo="0" devices="tripinfo_flow_we_truck.0 fcd_flow_we_truck.0" vType="truck" speedFactor="0.99" vaporized=""/>
    <tripinfo id="flow_we_car.1" depart="13.00" departLane="w_t_1" departPos="5.10" departSpeed="16.00" departDelay="0.90" arrival="92.00" arrivalLane="t_e_1" arrivalPos="186.40" arrivalSpeed="15.65" duration="79.00" routeLength="394.90" waitingTime="45.00" waitingCount="1" stopTime="0.00" timeLoss="54.11" rerouteNo="0" devices="tripinfo_flow_we_car.1 fcd_flow_we_car.1" vType="car" speedFactor="1.15" vaporized=""/>
    <tripinfo id="flow_ew_car.1" depart="13.00" departLane="e_t_1" departPos="5.10" departSpeed="16.53" departDelay="0.90" arrival="92.00" arrivalLane="t_w_1" arrivalPos="186.40" arrivalSpeed="15.72" duration="79.00" routeLength="394.90" waitingTime="44.00" waitingCount="1" stopTime="0.00" timeLoss="54.36" rerouteNo="0" devices="tripinfo_flow_ew_car.1 fcd_flow_ew_car.1" vType="car" speedFactor="1.19" vaporized=""/>
    <tripinfo id="flow_ew_car.2" depart="25.00" departLane="e_t_1" departPos="5.10" departSpeed="12.85" departDelay="0.80" arrival="95.00" arrivalLane="t_w_1" arrivalPos="186.40" arrivalSpeed="12.82" duration="70.00" routeLength="394.90" waitingTime="31.00" waitingCount="1" stopTime="0.00" timeLoss="38.95" rerouteNo="0" devices="tripinfo_flow_ew_car.2 fcd_flow_ew_car.2" vType="car" speedFactor="0.93" vaporized=""/>
    <tripinfo id="flow_ws_car.5" depart="61.00" departLane="w_t_0" departPos="5.10" departSpeed="12.77" departDelay="0.50" arrival="95.00" arrivalLane="t_s_0" arrivalPos="186.40" arrivalSpeed="11.63" duration="34.00" routeLength="376.73" waitingTime="0.00" waitingCount="0" stopTime="0.00" timeLoss="3.30" rerouteNo="0" devices="tripinfo_flow_ws_car.5 fcd_flow_ws_car.5" vType="car" speedFactor="0.92" vaporized=""/>
    <tripinfo id="flow_we_car.2" depart="25.00" departLane="w_t_1" departPos="5.10" departSpeed="12.61" departDelay="0.80" arrival="96.00" arrivalLane="t_e_1" arrivalPos="186.40" arrivalSpeed="11.72" duration="71.00" routeLength="394.90" waitingTime="31.00" waitingCount="1" stopTime="0.00" timeLoss="39.20" rerouteNo="0" devices="tripinfo_flow_we_car.2 fcd_flow_we_car.2" vType="car" speedFactor="0.91" vaporized=""/>
    <tripinfo id="flow_nw_car.5" depart="61.00" departLane="n_t_0" departPos="5.10" departSpeed="12.63" departDelay="0.50" arrival="96.00" arrivalLane="t_w_0" arrivalPos="186.40" arrivalSpeed="12.03" duration="35.00" routeLength="376.73" waitingTime="0.00" waitingCount="0" stopTime="0.00" timeLoss="3.38" rerouteNo="0" devices="tripinfo_flow_nw_car.5 fcd_flow_nw_car.5" vType="car" speedFactor="0.91" vaporized=""/>
    <tripinfo id="flow_en_truck.1" depart="69.00" departLane="e_t_0" departPos="5.10" departSpeed="16.23" departDelay="0.43" arrival="96.00" arrivalLane="t_n_0" arrivalPos="186.40" arrivalSpeed="16.08" duration="27.00" routeLength="376.73" waitingTime="0.00" waitingCount="0" stopTime="0.00" timeLoss="3.01" rerouteNo="0" devices="tripinfo_flow_en_truck.1 fcd_flow_en_truck.1" vType="truck" speedFactor="1.17" vaporized=""/>
    <tripinfo id="flow_ew_car.3" depart="37.00" departLane="e_t_1" departPos="5.10" departSpeed="15.18" departDelay="0.70" arrival="97.00" arrivalLane="t_w_1" arrivalPos="186.40" arrivalSpeed="14.79" duration="60.00" routeLength="394.90" waitingTime="25.00" waitingCount="1" stopTime="0.00" timeLoss="33.24" rerouteNo="0" devices="tripinfo_flow_ew_car.3 fcd_flow_ew_car.3" vType="car" speedFactor="1.09" vaporized=""/>
    <tripinfo id="flow_we_car.3" depart="37.00" departLane="w_t_1" departPos="5.10" departSpeed="12.79" departDelay="0.70" arrival="98.00" arrivalLane="t_e_1" arrivalPos="186.40" arrivalSpeed="12.17" duration="61.00" routeLength="394.90" waitingTime="22.00" waitingCount="1" stopTime="0.00" timeLoss="29.59" rerouteNo="0" devices="tripinfo_flow_we_car.3 fcd_flow_we_car.3" vType="car" speedFactor="0.92" vaporized=""/>
    <tripinfo id="flow_ws_truck.1" depart="69.00" departLane="w_t_0" departPos="5.10" departSpeed="14.94" departDelay="0.43" arrival="98.00" arrivalLane="t_s_0" arrivalPos="186.40" arrivalSpeed="14.10" duration="29.00" routeLength="376.73" waitingTime="0.00" waitingCount="0" stopTime="0.00" timeLoss="2.93" rerouteNo="0" devices="tripinfo_flow_ws_truck.1 fcd_flow_ws_truck.1" vType="truck" speedFactor="1.08" vaporized=""/>
    <tripinfo id="flow_ew_car.4" depart="49.00" departLane="e_t_1" departPos="5.10" departSpeed="13.96" departDelay="0.60" arrival="99.00" arrivalLane="t_w_1" arrivalPos="186.40" arrivalSpeed="13.27" duration="50.00" routeLength="394.90" waitingTime="12.00" waitingCount="1" stopTime="0.00" timeLoss="20.80" rerouteNo="0" devices="tripinfo_flow_ew_car.4 fcd_flow_ew_car.4" vType="car" speedFactor="1.00" vaporized=""/>
    <tripinfo id="flow_ew_car.5" depart="61.00" departLane="e_t_1" departPos="5.10" departSpeed="15.29" departDelay="0.50" arrival="100.00" arrivalLane="t_w_1" arrivalPos="186.40" arrivalSpeed="15.08" duration="39.00" routeLength="394.90" waitingTime="3.00" waitingCount="1" stopTime="0.00" timeLoss="12.82" rerouteNo="0" devices="tripinfo_flow_ew_car.5 fcd_flow_ew_car.5" vType="car" speedFactor="1.10" vaporized=""/>
    <tripinfo id="flow_nw_truck.1" depart="69.00" departLane="n_t_0" departPos="5.10" departSpeed="13.56" departDelay="0.43" arrival="101.00" arrivalLane="t_w_0" arrivalPos="186.40" arrivalSpeed="12.99" duration="32.00" routeLength="376.73" waitingTime="0.00" waitingCount="0" stopTime="0.00" timeLoss="2.94" rerouteNo="0" devices="tripinfo_flow_nw_truck.1 fcd_flow_nw_truck.1" vType="truck" speedFactor="0.98" vaporized=""/>
    <tripinfo id="flow_we_car.4" depart="49.00" departLane="w_t_1" departPos="5.10" departSpeed="11.48" departDelay="0.60" arrival="102.00" arrivalLane="t_e_1" arrivalPos="186.40" arrivalSpeed="11.45" duration="53.00" routeLength="394.90" waitingTime="11.00" waitingCount="1" stopTime="0.00" timeLoss="17.61" rerouteNo="0" devices="tripinfo_flow_we_car.4 fcd_flow_we_car.4" vType="car" speedFactor="0.83" vaporized=""/>
    <tripinfo id="flow_se_truck.1" depart="69.00" departLane="s_t_0" departPos="5.10" departSpeed="12.83" departDelay="0.43" arrival="102.00" arrivalLane="t_e_0" arrivalPos="186.40" arrivalSpeed="12.22" duration="33.00" routeLength="376.73" waitingTime="0.00" waitingCount="0" stopTime="0.00" timeLoss="3.04" rerouteNo="0" devices="tripinfo_flow_se_truck.1 fcd_flow_se_truck.1" vType="truck" speedFactor="0.92" vaporized=""/>
    <tripinfo id="flow_we_car.5" depart="61.00" departLane="w_t_1" departPos="5.10" departSpeed="12.44" departDelay="0.50" arrival="103.00" arrivalLane="t_e_1" arrivalPos="186.40" arrivalSpeed="11.42" duration="42.00" routeLength="394.90" waitingTime="1.00" waitingCount="1" stopTime="0.00" timeLoss="10.16" rerouteNo="0" devices="tripinfo_flow_we_car.5 fcd_flow_we_car.5" vType="car" speedFactor="0.90" vaporized=""/>
    <tripinfo id="flow_ew_truck.1" depart="69.00" departLane="e_t_1" departPos="5.10" departSpeed="12.55" departDelay="0.43" arrival="103.00" arrivalLane="t_w_1" arrivalPos="186.40" arrivalSpeed="11.56" duration="34.00" routeLength="394.90" waitingTime="0.00" waitingCount="0" stopTime="0.00" timeLoss="2.19" rerouteNo="0" devices="tripinfo_flow_ew_truck.1 fcd_flow_ew_truck.1" vType="truck" speedFactor="0.90" vaporized=""/>
    <tripinfo id="flow_nw_car.6" depart="73.00" departLane="n_t_0" departPos="5.10" departSpeed="16.17" departDelay="0.39" arrival="103.00" arrivalLane="t_w_0" arrivalPos="186.40" arrivalSpeed="15.37" duration="30.00" routeLength="376.73" waitingTime="0.00" waitingCount="0" stopTime="0.00" timeLoss="5.60" rerouteNo="0" devices="tripinfo_flow_nw_car.6 fcd_flow_nw_car.6" vType="car" speedFactor="1.16" vaporized=""/>
    <tripinfo id="flow_sw_car.5" depart="61.00" departLane="s_t_2" departPos="5.10" departSpeed="15.41" departDelay="0.50" arrival="104.00" arrivalLane="t_w_2" arrivalPos="186.40" arrivalSpeed="14.99" duration="43.00" routeLength="392.21" waitingTime="10.00" waitingCount="1" stopTime="0.00" timeLoss="16.75" rerouteNo="0" devices="tripinfo_flow_sw_car.5 fcd_flow_sw_car.5" vType="car" speedFactor="1.11" vaporized=""/>
    <tripinfo id="flow_ws_car.6" depart="73.00" departLane="w_t_0" departPos="5.10" departSpeed="13.63" departDelay="0.39" arrival="105.00" arrivalLane="t_s_0" arrivalPos="186.40" arrivalSpeed="12.53" duration="32.00" routeLength="376.73" waitingTime="0.00" waitingCount="0" stopTime="0.00" timeLoss="3.09" rerouteNo="0" devices="tripinfo_flow_ws_car.6 fcd_flow_ws_car.6" vType="car" speedFactor="0.98" vaporized=""/>
    <tripinfo id="flow_en_car.6" depart="73.00" departLane="e_t_0" departPos="5.10" departSpeed="13.51" departDelay="0.39" arrival="105.00" arrivalLane="t_n_0" arrivalPos="186.40" arrivalSpeed="12.66" duration="32.00" routeLength="376.73" waitingTime="0.00" waitingCount="0" stopTime="0.00" timeLoss="2.89" rerouteNo="0" devices="tripinfo_flow_en_car.6 fcd_flow_en_car.6" vType="car" speedFactor="0.97" vaporized=""/>
    <tripinfo id="flow_ne_car.5" depart="61.00" departLane="n_t_2" departPos="5.10" departSpeed="12.20" departDelay="0.50" arrival="107.00" arrivalLane="t_e_2" arrivalPos="186.40" arrivalSpeed="11.62" duration="46.00" routeLength="392.21" waitingTime="7.00" waitingCount="1" stopTime="0.00" timeLoss="13.30" rerouteNo="0" devices="tripinfo_flow_ne_car.5 fcd_flow_ne_car.5" vType="car" speedFactor="0.88" vaporized=""/>
    <tripinfo id="flow_sw_truck.1" depart="69.00" departLane="s_t_2" departPos="5.10" departSpeed="14.38" departDelay="0.43" arrival="107.00" arrivalLane="t_w_2" arrivalPos="186.40" arrivalSpeed="13.44" duration="38.00" routeLength="392.21" waitingTime="3.00" waitingCount="1" stopTime="0.00" timeLoss="9.71" rerouteNo="0" devices="tripinfo_flow_sw_truck.1 fcd_flow_sw_truck.1" vType="truck" speedFactor="1.04" vaporized=""/>
    <tripinfo id="flow_se_car.6" depart="73.00" departLane="s_t_0" departPos="5.10" departSpeed="12.52" departDelay="0.39" arrival="108.00" arrivalLane="t_e_0" arrivalPos="186.40" arrivalSpeed="12.28" duration="35.00" routeLength="376.73" waitingTime="0.00" waitingCount="0" stopTime="0.00" timeLoss="3.89" rerouteNo="0" devices="tripinfo_flow_se_car.6 fcd_flow_se_car.6" vType="car" speedFactor="0.90" vaporized=""/>
    <tripinfo id="flow_ne_truck.1" depart="69.00" departLane="n_t_2" departPos="5.10" departSpeed="14.31" departDelay="0.43" arrival="109.00" arrivalLane="t_e_2" arrivalPos="186.40" arrivalSpeed="14.25" duration="40.00" routeLength="392.21" waitingTime="2.00" waitingCount="1" stopTime="0.00" timeLoss="11.52" rerouteNo="0" devices="tripinfo_flow_ne_truck.1 fcd_flow_ne_truck.1" vType="truck" speedFactor="1.03" vaporized=""/>
    <tripinfo id="flow_sw_car.6" depart="73.00" departLane="s_t_2" departPos="5.10" departSpeed="13.36" departDelay="0.39" arrival="111.00" arrivalLane="t_w_2" arrivalPos="186.40" arrivalSpeed="12.80" duration="38.00" routeLength="392.21" waitingTime="0.00" waitingCount="0" stopTime="0.00" timeLoss="7.20" rerouteNo="0" devices="tripinfo_flow_sw_car.6 fcd_flow_sw_car.6" vType="car" speedFactor="0.96" vaporized=""/>
    <tripinfo id="flow_ne_car.6" depart="73.00" departLane="n_t_2" departPos="5.10" departSpeed="12.20" departDelay="0.39" arrival="112.00" arrivalLane="t_e_2" arrivalPos="186.40" arrivalSpeed="12.07" duration="39.00" routeLength="392.21" waitingTime="0.00" waitingCount="0" stopTime="0.00" timeLoss="6.09" rerouteNo="0" devices="tripinfo_flow_ne_car.6 fcd_flow_ne_car.6" vType="car" speedFactor="0.88" vaporized=""/>
    <tripinfo id="flow_ws_car.7" depart="85.00" departLane="w_t_0" departPos="5.10" departSpeed="16.39" departDelay="0.29" arrival="112.00" arrivalLane="t_s_0" arrivalPos="186.40" arrivalSpeed="16.30" duration="27.00" routeLength="376.73" waitingTime="0.00" waitingCount="0" stopTime="0.00" timeLoss="3.28" rerouteNo="0" devices="tripinfo_flow_ws_car.7 fcd_flow_ws_car.7" vType="car" speedFactor="1.18" vaporized=""/>
    <tripinfo id="flow_en_car.7" depart="85.00" departLane="e_t_0" departPos="5.10" departSpeed="14.79" departDelay="0.29" arrival="114.00" arrivalLane="t_n_0" arrivalPos="186.40" arrivalSpeed="13.93" duration="29.00" routeLength="376.73" waitingTime="0.00" waitingCount="0" stopTime="0.00" timeLoss="2.80" rerouteNo="0" devices="tripinfo_flow_en_car.7 fcd_flow_en_car.7" vType="car" speedFactor="1.06" vaporized=""/>
    <tripinfo id="flow_nw_car.7" depart="85.00" departLane="n_t_0" departPos="5.10" departSpeed="13.99" departDelay="0.29" arrival="116.00" arrivalLane="t_w_0" arrivalPos="186.40" arrivalSpeed="13.98" duration="31.00" routeLength="376.73" waitingTime="0.00" waitingCount="0" stopTime="0.00" timeLoss="2.96" rerouteNo="0" devices="tripinfo_flow_nw_car.7 fcd_flow_nw_car.7" vType="car" speedFactor="1.01" vaporized=""/>
    <tripinfo id="flow_ne_car.7" depart="85.00" departLane="n_t_2" departPos="5.10" departSpeed="13.99" departDelay="0.29" arrival="117.00" arrivalLane="t_e_2" arrivalPos="186.40" arrivalSpeed="13.92" duration="32.00" routeLength="392.21" waitingTime="0.00" waitingCount="0" stopTime="0.00" timeLoss="2.66" rerouteNo="0" devices="tripinfo_flow_ne_car.7 fcd_flow_ne_car.7" vType="car" speedFactor="1.01" vaporized=""/>
    <tripinfo id="flow_se_car.7" depart="85.00" departLane="s_t_0" departPos="5.10" departSpeed="13.54" departDelay="0.29" arrival="117.00" arrivalLane="t_e_0" arrivalPos="186.40" arrivalSpeed="12.49" duration="32.00" routeLength="376.73" waitingTime="0.00" waitingCount="0" stopTime="0.00" timeLoss="2.80" rerouteNo="0" devices="tripinfo_flow_se_car.7 fcd_flow_se_car.7" vType="car" speedFactor="0.97" vaporized=""/>
    <tripinfo id="flow_sw_car.7" depart="85.00" departLane="s_t_2" departPos="5.10" departSpeed="13.40" departDelay="0.29" arrival="119.00" arrivalLane="t_w_2" arrivalPos="186.40" arrivalSpeed="12.47" duration="34.00" routeLength="392.21" waitingTime="0.00" waitingCount="0" stopTime="0.00" timeLoss="3.44" rerouteNo="0" devices="tripinfo_flow_sw_car.7 fcd_flow_sw_car.7" vType="car" speedFactor="0.96" vaporized=""/>
    <tripinfo id="flow_nw_car.8" depart="97.00" departLane="n_t_0" departPos="5.10" departSpeed="14.43" departDelay="0.19" arrival="127.00" arrivalLane="t_w_0" arrivalPos="186.40" arrivalSpeed="14.16" duration="30.00" routeLength="376.73" waitingTime="0.00" waitingCount="0" stopTime="0.00" timeLoss="2.54" rerouteNo="0" devices="tripinfo_flow_nw_car.8 fcd_flow_nw_car.8" vType="car" speedFactor="1.04" vaporized=""/>
    <tripinfo id="flow_ws_car.8" depart="97.00" departLane="w_t_0" departPos="5.10" departSpeed="14.64" departDelay="0.19" arrival="127.00" arrivalLane="t_s_0" arrivalPos="186.40" arrivalSpeed="13.85" duration="30.00" routeLength="376.73" waitingTime="0.00" waitingCount="0" stopTime="0.00" timeLoss="3.12" rerouteNo="0" devices="tripinfo_flow_ws_car.8 fcd_flow_ws_car.8" vType="car" speedFactor="1.05" vaporized=""/>
    <tripinfo id="flow_sw_car.8" depart="97.00" departLane="s_t_2" departPos="5.10" departSpeed="14.18" departDelay="0.19" arrival="128.00" arrivalLane="t_w_2" arrivalPos="186.40" arrivalSpeed="13.62" duration="31.00" routeLength="392.21" waitingTime="0.00" waitingCount="0" stopTime="0.00" timeLoss="2.72" rerouteNo="0" devices="tripinfo_flow_sw_car.8 fcd_flow_sw_car.8" vType="car" speedFactor="1.02" vaporized=""/>
    <tripinfo id="flow_se_car.8" depart="97.00" departLane="s_t_0" departPos="5.10" departSpeed="13.77" departDelay="0.19" arrival="129.00" arrivalLane="t_e_0" arrivalPos="186.40" arrivalSpeed="13.31" duration="32.00" routeLength="376.73" waitingTime="0.00" waitingCount="0" stopTime="0.00" timeLoss="3.27" rerouteNo="0" devices="tripinfo_flow_se_car.8 fcd_flow_se_car.8" vType="car" speedFactor="0.99" vaporized=""/>
    <tripinfo id="flow_en_car.8" depart="97.00" departLane="e_t_0" departPos="5.10" departSpeed="13.67" departDelay="0.19" arrival="129.00" arrivalLane="t_n_0" arrivalPos="186.40" arrivalSpeed="13.56" duration="32.00" routeLength="376.73" waitingTime="0.00" waitingCount="0" stopTime="0.00" timeLoss="3.04" rerouteNo="0" devices="tripinfo_flow_en_car.8 fcd_flow_en_car.8" vType="car" speedFactor="0.98" vaporized=""/>
    <tripinfo id="flow_ne_car.8" depart="97.00" departLane="n_t_2" departPos="5.10" departSpeed="13.32" departDelay="0.19" arrival="131.00" arrivalLane="t_e_2" arrivalPos="186.40" arrivalSpeed="12.36" duration="34.00" routeLength="392.21" waitingTime="0.00" waitingCount="0" stopTime="0.00" timeLoss="3.05" rerouteNo="0" devices="tripinfo_flow_ne_car.8 fcd_flow_ne_car.8" vType="car" speedFactor="0.96" vaporized=""/>
    <tripinfo id="flow_nw_car.9" depart="109.00" departLane="n_t_0" departPos="5.10" departSpeed="18.24" departDelay="0.09" arrival="134.00" arrivalLane="t_w_0" arrivalPos="186.40" arrivalSpeed="17.82" duration="25.00" routeLength="376.73" waitingTime="0.00" waitingCount="0" stopTime="0.00" timeLoss="3.58" rerouteNo="0" devices="tripinfo_flow_nw_car.9 fcd_flow_nw_car.9" vType="car" speedFactor="1.31" vaporized=""/>
    <tripinfo id="flow_sw_car.9" depart="109.00" departLane="s_t_2" departPos="5.10" departSpeed="15.89" departDelay="0.09" arrival="138.00" arrivalLane="t_w_2" arrivalPos="186.40" arrivalSpeed="15.35" duration="29.00" routeLength="392.21" waitingTime="0.00" waitingCount="0" stopTime="0.00" timeLoss="3.43" rerouteNo="0" devices="tripinfo_flow_sw_car.9 fcd_flow_sw_car.9" vType="car" speedFactor="1.14" vaporized=""/>
    <tripinfo id="flow_en_car.9" depart="109.00" departLane="e_t_0" departPos="5.10" departSpeed="14.08" departDelay="0.09" arrival="140.00" arrivalLane="t_n_0" arrivalPos="186.40" arrivalSpeed="13.47" duration="31.00" routeLength="376.73" waitingTime="0.00" waitingCount="0" stopTime="0.00" timeLoss="2.93" rerouteNo="0" devices="tripinfo_flow_en_car.9 fcd_flow_en_car.9" vType="car" speedFactor="1.01" vaporized=""/>
    <tripinfo id="flow_se_car.9" depart="109.00" departLane="s_t_0" departPos="5.10" departSpeed="13.45" departDelay="0.09" arrival="142.00" arrivalLane="t_e_0" arrivalPos="186.40" arrivalSpeed="12.61" duration="33.00" routeLength="376.73" waitingTime="0.00" waitingCount="0" stopTime="0.00" timeLoss="3.10" rerouteNo="0" devices="tripinfo_flow_se_car.9 fcd_flow_se_car.9" vType="car" speedFactor="0.97" vaporized=""/>
    <tripinfo id="flow_ne_car.9" depart="109.00" departLane="n_t_2" departPos="5.10" departSpeed="13.28" departDelay="0.09" arrival="143.00" arrivalLane="t_e_2" arrivalPos="186.40" arrivalSpeed="12.50" duration="34.00" routeLength="392.21" waitingTime="0.00" waitingCount="0" stopTime="0.00" timeLoss="2.97" rerouteNo="0" devices="tripinfo_flow_ne_car.9 fcd_flow_ne_car.9" vType="car" speedFactor="0.96" vaporized=""/>
    <tripinfo id="flow_ws_car.9" depart="109.00" departLane="w_t_0" departPos="5.10" departSpeed="12.13" departDelay="0.09" arrival="144.00" arrivalLane="t_s_0" arrivalPos="186.40" arrivalSpeed="11.37" duration="35.00" routeLength="376.73" waitingTime="0.00" waitingCount="0" stopTime="0.00" timeLoss="3.17" rerouteNo="0" devices="tripinfo_flow_ws_car.9 fcd_flow_ws_car.9" vType="car" speedFactor="0.87" vaporized=""/>
    <tripinfo id="flow_ws_car.10" depart="122.00" departLane="w_t_0" departPos="5.10" departSpeed="16.20" departDelay="0.99" arrival="149.00" arrivalLane="t_s_0" arrivalPos="186.40" arrivalSpeed="15.22" duration="27.00" routeLength="376.73" waitingTime="0.00" waitingCount="0" stopTime="0.00" timeLoss="2.66" rerouteNo="0" devices="tripinfo_flow_ws_car.10 fcd_flow_ws_car.10" vType="car" speedFactor="1.17" vaporized=""/>
    <tripinfo id="flow_nw_car.10" depart="122.00" departLane="n_t_0" departPos="5.10" departSpeed="15.27" departDelay="0.99" arrival="151.00" arrivalLane="t_w_0" arrivalPos="186.40" arrivalSpeed="14.65" duration="29.00" routeLength="376.73" waitingTime="0.00" waitingCount="0" stopTime="0.00" timeLoss="3.09" rerouteNo="0" devices="tripinfo_flow_nw_car.10 fcd_flow_nw_car.10" vType="car" speedFactor="1.10" vaporized=""/>
    <tripinfo id="flow_en_car.10" depart="122.00" departLane="e_t_0" departPos="5.10" departSpeed="13.88" departDelay="0.99" arrival="153.00" arrivalLane="t_n_0" arrivalPos="186.40" arrivalSpeed="13.60" duration="31.00" routeLength="376.73" waitingTime="0.00" waitingCount="0" stopTime="0.00" timeLoss="2.87" rerouteNo="0" devices="tripinfo_flow_en_car.10 fcd_flow_en_car.10" vType="car" speedFactor="1.00" vaporized=""/>
    <tripinfo id="flow_ne_car.10" depart="122.00" departLane="n_t_2" departPos="5.10" departSpeed="14.04" departDelay="0.99" arrival="154.00" arrivalLane="t_e_2" arrivalPos="186.40" arrivalSpeed="13.48" duration="32.00" routeLength="392.21" waitingTime="0.00" waitingCount="0" stopTime="0.00" timeLoss="2.75" rerouteNo="0" devices="tripinfo_flow_ne_car.10 fcd_flow_ne_car.10" vType="car" speedFactor="1.01" vaporized=""/>
    <tripinfo id="flow_se_car.10" depart="122.00" departLane="s_t_0" departPos="5.10" departSpeed="13.24" departDelay="0.99" arrival="155.00" arrivalLane="t_e_0" arrivalPos="186.40" arrivalSpeed="13.07" duration="33.00" routeLength="376.73" waitingTime="0.00" waitingCount="0" stopTime="0.00" timeLoss="2.92" rerouteNo="0" devices="tripinfo_flow_se_car.10 fcd_flow_se_car.10" vType="car" speedFactor="0.95" vaporized=""/>
    <tripinfo id="flow_sw_car.10" depart="122.00" departLane="s_t_2" departPos="5.10" departSpeed="11.31" departDelay="0.99" arrival="160.00" arrivalLane="t_w_2" arrivalPos="186.40" arrivalSpeed="10.82" duration="38.00" routeLength="392.21" waitingTime="0.00" waitingCount="0" stopTime="0.00" timeLoss="2.47" rerouteNo="0" devices="tripinfo_flow_sw_car.10 fcd_flow_sw_car.10" vType="car" speedFactor="0.81" vaporized=""/>
    <tripinfo id="flow_ws_car.11" depart="134.00" departLane="w_t_0" departPos="5.10" departSpeed="14.67" departDelay="0.89" arrival="164.00" arrivalLane="t_s_0" arrivalPos="186.40" arrivalSpeed="14.62" duration="30.00" routeLength="376.73" waitingTime="0.00" waitingCount="0" stopTime="0.00" timeLoss="2.96" rerouteNo="0" devices="tripinfo_flow_ws_car.11 fcd_flow_ws_car.11" vType="car" speedFactor="1.06" vaporized=""/>
    <tripinfo id="flow_en_car.11" depart="134.00" departLane="e_t_0" departPos="5.10" departSpeed="14.26" departDelay="0.89" arrival="165.00" arrivalLane="t_n_0" arrivalPos="186.40" arrivalSpeed="14.10" duration="31.00" routeLength="376.73" waitingTime="0.00" waitingCount="0" stopTime="0.00" timeLoss="3.20" rerouteNo="0" devices="tripinfo_flow_en_car.11 fcd_flow_en_car.11" vType="car" speedFactor="1.03" vaporized=""/>
    <tripinfo id="flow_se_car.11" depart="134.00" departLane="s_t_0" departPos="5.10" departSpeed="13.69" departDelay="0.89" arrival="166.00" arrivalLane="t_e_0" arrivalPos="186.40" arrivalSpeed="12.50" duration="32.00" routeLength="376.73" waitingTime="0.00" waitingCount="0" stopTime="0.00" timeLoss="3.41" rerouteNo="0" devices="tripinfo_flow_se_car.11 fcd_flow_se_car.11" vType="car" speedFactor="0.99" vaporized=""/>
    <tripinfo id="flow_ne_car.11" depart="134.00" departLane="n_t_2" departPos="5.10" departSpeed="13.39" departDelay="0.89" arrival="168.00" arrivalLane="t_e_2" arrivalPos="186.40" arrivalSpeed="12.61" duration="34.00" routeLength="392.21" waitingTime="0.00" waitingCount="0" stopTime="0.00" timeLoss="3.26" rerouteNo="0" devices="tripinfo_flow_ne_car.11 fcd_flow_ne_car.11" vType="car" speedFactor="0.96" vaporized=""/>
    <tripinfo id="flow_se_truck.2" depart="138.00" departLane="s_t_0" departPos="5.10" departSpeed="15.10" departDelay="0.86" arrival="168.00" arrivalLane="t_e_0" arrivalPos="186.40" arrivalSpeed="14.50" duration="30.00" routeLength="376.73" waitingTime="0.00" waitingCount="0" stopTime="0.00" timeLoss="4.06" rerouteNo="0" devices="tripinfo_flow_se_truck.2 fcd_flow_se_truck.2" vType="truck" speedFactor="1.09" vaporized=""/>
    <tripinfo id="flow_ne_truck.2" depart="138.00" departLane="n_t_2" departPos="5.10" departSpeed="14.33" departDelay="0.86" arrival="169.00" arrivalLane="t_e_2" arrivalPos="186.40" arrivalSpeed="14.30" duration="31.00" routeLength="392.21" waitingTime="0.00" waitingCount="0" stopTime="0.00" timeLoss="2.97" rerouteNo="0" devices="tripinfo_flow_ne_truck.2 fcd_flow_ne_truck.2" vType="truck" speedFactor="1.03" vaporized=""/>
    <tripinfo id="flow_ws_truck.2" depart="138.00" departLane="w_t_0" departPos="5.10" departSpeed="14.16" departDelay="0.86" arrival="169.00" arrivalLane="t_s_0" arrivalPos="186.40" arrivalSpeed="13.89" duration="31.00" routeLength="376.73" waitingTime="0.00" waitingCount="0" stopTime="0.00" timeLoss="3.52" rerouteNo="0" devices="tripinfo_flow_ws_truck.2 fcd_flow_ws_truck.2" vType="truck" speedFactor="1.02" vaporized=""/>
    <tripinfo id="flow_sw_car.11" depart="134.00" departLane="s_t_2" departPos="5.10" departSpeed="12.07" departDelay="0.89" arrival="170.00" arrivalLane="t_w_2" arrivalPos="186.40" arrivalSpeed="11.60" duration="36.00" routeLength="392.21" waitingTime="0.00" waitingCount="0" stopTime="0.00" timeLoss="2.62" rerouteNo="0" devices="tripinfo_flow_sw_car.11 fcd_flow_sw_car.11" vType="car" speedFactor="0.87" vaporized=""/>
    <tripinfo id="flow_en_truck.2" depart="138.00" departLane="e_t_0" departPos="5.10" departSpeed="12.52" departDelay="0.86" arrival="173.00" arrivalLane="t_n_0" arrivalPos="186.40" arrivalSpeed="11.46" duration="35.00" routeLength="376.73" waitingTime="0.00" waitingCount="0" stopTime="0.00" timeLoss="3.05" rerouteNo="0" devices="tripinfo_flow_en_truck.2 fcd_flow_en_truck.2" vType="truck" speedFactor="0.90" vaporized=""/>
    <tripinfo id="flow_sw_truck.2" depart="138.00" departLane="s_t_2" departPos="5.10" departSpeed="12.17" departDelay="0.86" arrival="174.00" arrivalLane="t_w_2" arrivalPos="186.40" arrivalSpeed="11.38" duration="36.00" routeLength="392.21" waitingTime="0.00" waitingCount="0" stopTime="0.00" timeLoss="2.98" rerouteNo="0" devices="tripinfo_flow_sw_truck.2 fcd_flow_sw_truck.2" vType="truck" speedFactor="0.88" vaporized=""/>
    <tripinfo id="flow_sw_car.12" depart="146.00" departLane="s_t_2" departPos="5.10" departSpeed="16.36" departDelay="0.79" arrival="176.00" arrivalLane="t_w_2" arrivalPos="186.40" arrivalSpeed="15.98" duration="30.00" routeLength="392.21" waitingTime="0.00" waitingCount="0" stopTime="0.00" timeLoss="4.98" rerouteNo="0" devices="tripinfo_flow_sw_car.12 fcd_flow_sw_car.12" vType="car" speedFactor="1.18" vaporized=""/>
    <tripinfo id="flow_en_car.12" depart="146.00" departLane="e_t_0" departPos="5.10" departSpeed="14.39" departDelay="0.79" arrival="176.00" arrivalLane="t_n_0" arrivalPos="186.40" arrivalSpeed="14.19" duration="30.00" routeLength="376.73" waitingTime="0.00" waitingCount="0" stopTime="0.00" timeLoss="2.79" rerouteNo="0" devices="tripinfo_flow_en_car.12 fcd_flow_en_car.12" vType="car" speedFactor="1.04" vaporized=""/>
    <tripinfo id="flow_nw_car.11" depart="134.00" departLane="n_t_0" departPos="5.10" departSpeed="10.01" departDelay="0.89" arrival="177.00" arrivalLane="t_w_0" arrivalPos="186.40" arrivalSpeed="9.88" duration="43.00" routeLength="376.73" waitingTime="0.00" waitingCount="0" stopTime="0.00" timeLoss="4.42" rerouteNo="0" devices="tripinfo_flow_nw_car.11 fcd_flow_nw_car.11" vType="car" speedFactor="0.72" vaporized=""/>
    <tripinfo id="flow_ne_car.12" depart="146.00" departLane="n_t_2" departPos="5.10" departSpeed="14.38" departDelay="0.79" arrival="177.00" arrivalLane="t_e_2" arrivalPos="186.40" arrivalSpeed="13.31" duration="31.00" routeLength="392.21" waitingTime="0.00" waitingCount="0" stopTime="0.00" timeLoss="2.99" rerouteNo="0" devices="tripinfo_flow_ne_car.12 fcd_flow_ne_car.12" vType="car" speedFactor="1.04" vaporized=""/>
    <tripinfo id="flow_nw_truck.2" depart="138.00" departLane="n_t_0" departPos="5.10" departSpeed="13.31" departDelay="0.86" arrival="178.00" arrivalLane="t_w_1" arrivalPos="186.40" arrivalSpeed="12.33" duration="40.00" routeLength="376.73" waitingTime="0.00" waitingCount="0" stopTime="0.00" timeLoss="10.04" rerouteNo="0" devices="tripinfo_flow_nw_truck.2 fcd_flow_nw_truck.2" vType="truck" speedFactor="0.96" vaporized=""/>
    <tripinfo id="flow_nw_car.12" depart="146.00" departLane="n_t_0" departPos="5.10" departSpeed="13.00" departDelay="0.79" arrival="179.00" arrivalLane="t_w_0" arrivalPos="186.40" arrivalSpeed="12.19" duration="33.00" routeLength="376.73" waitingTime="0.00" waitingCount="0" stopTime="0.00" timeLoss="3.43" rerouteNo="0" devices="tripinfo_flow_nw_car.12 fcd_flow_nw_car.12" vType="car" speedFactor="0.94" vaporized=""/>
    <tripinfo id="flow_se_car.12" depart="146.00" departLane="s_t_0" departPos="5.10" departSpeed="13.33" departDelay="0.79" arrival="179.00" arrivalLane="t_e_0" arrivalPos="186.40" arrivalSpeed="12.87" duration="33.00" routeLength="376.73" waitingTime="0.00" waitingCount="0" stopTime="0.00" timeLoss="3.89" rerouteNo="0" devices="tripinfo_flow_se_car.12 fcd_flow_se_car.12" vType="car" speedFactor="0.96" vaporized=""/>
    <tripinfo id="flow_ws_car.12" depart="146.00" departLane="w_t_0" departPos="5.10" departSpeed="13.07" departDelay="0.79" arrival="179.00" arrivalLane="t_s_0" arrivalPos="186.40" arrivalSpeed="12.41" duration="33.00" routeLength="376.73" waitingTime="0.00" waitingCount="0" stopTime="0.00" timeLoss="3.31" rerouteNo="0" devices="tripinfo_flow_ws_car.12 fcd_flow_ws_car.12" vType="car" speedFactor="0.94" vaporized=""/>
    <tripinfo id="flow_en_car.13" depart="158.00" departLane="e_t_0" departPos="5.10" departSpeed="15.04" departDelay="0.69" arrival="187.00" arrivalLane="t_n_0" arrivalPos="186.40" arrivalSpeed="14.55" duration="29.00" routeLength="376.73" waitingTime="0.00" waitingCount="0" stopTime="0.00" timeLoss="3.16" rerouteNo="0" devices="tripinfo_flow_en_car.13 fcd_flow_en_car.13" vType="car" speedFactor="1.08" vaporized=""/>
    <tripinfo id="flow_nw_car.13" depart="158.00" departLane="n_t_0" departPos="5.10" departSpeed="14.08" departDelay="0.69" arrival="189.00" arrivalLane="t_w_0" arrivalPos="186.40" arrivalSpeed="12.91" duration="31.00" routeLength="376.73" waitingTime="0.00" waitingCount="0" stopTime="0.00" timeLoss="3.38" rerouteNo="0" devices="tripinfo_flow_nw_car.13 fcd_flow_nw_car.13" vType="car" speedFactor="1.01" vaporized=""/>
    <tripinfo id="flow_se_car.13" depart="158.00" departLane="s_t_0" departPos="5.10" departSpeed="14.21" departDelay="0.69" arrival="189.00" arrivalLane="t_e_0" arrivalPos="186.40" arrivalSpeed="13.78" duration="31.00" routeLength="376.73" waitingTime="0.00" waitingCount="0" stopTime="0.00" timeLoss="3.42" rerouteNo="0" devices="tripinfo_flow_se_car.13 fcd_flow_se_car.13" vType="car" speedFactor="1.02" vaporized=""/>
    <tripinfo id="flow_ne_car.13" depart="158.00" departLane="n_t_2" departPos="5.10" departSpeed="13.61" departDelay="0.69" arrival="190.00" arrivalLane="t_e_2" arrivalPos="186.40" arrivalSpeed="13.21" duration="32.00" routeLength="392.21" waitingTime="0.00" waitingCount="0" stopTime="0.00" timeLoss="1.93" rerouteNo="0" devices="tripinfo_flow_ne_car.13 fcd_flow_ne_car.13" vType="car" speedFactor="0.98" vaporized=""/>
    <tripinfo id="flow_ws_car.13" depart="158.00" departLane="w_t_0" departPos="5.10" departSpeed="12.68" departDelay="0.69" arrival="192.00" arrivalLane="t_s_0" arrivalPos="186.40" arrivalSpeed="12.39" duration="34.00" routeLength="376.73" waitingTime="0.00" waitingCount="0" stopTime="0.00" timeLoss="3.82" rerouteNo="0" devices="tripinfo_flow_ws_car.13 fcd_flow_ws_car.13" vType="car" speedFactor="0.91" vaporized=""/>
    <tripinfo id="flow_sw_car.13" depart="158.00" departLane="s_t_2" departPos="5.10" departSpeed="10.67" departDelay="0.69" arrival="200.00" arrivalLane="t_w_1" arrivalPos="186.40" arrivalSpeed="10.07" duration="42.00" routeLength="392.21" waitingTime="0.00" waitingCount="0" stopTime="0.00" timeLoss="3.90" rerouteNo="0" devices="tripinfo_flow_sw_car.13 fcd_flow_sw_car.13" vType="car" speedFactor="0.77" vaporized=""/>
    <tripinfo id="flow_ne_car.14" depart="170.00" departLane="n_t_2" departPos="5.10" departSpeed="14.42" departDelay="0.59" arrival="201.00" arrivalLane="t_e_2" arrivalPos="186.40" arrivalSpeed="13.40" duration="31.00" routeLength="392.21" waitingTime="0.00" waitingCount="0" stopTime="0.00" timeLoss="2.74" rerouteNo="0" devices="tripinfo_flow_ne_car.14 fcd_flow_ne_car.14" vType="car" speedFactor="1.04" vaporized=""/>
    <tripinfo id="flow_ws_car.14" depart="170.00" departLane="w_t_0" departPos="5.10" departSpeed="14.36" departDelay="0.59" arrival="201.00" arrivalLane="t_s_0" arrivalPos="186.40" arrivalSpeed="13.75" duration="31.00" routeLength="376.73" waitingTime="0.00" waitingCount="0" stopTime="0.00" timeLoss="3.00" rerouteNo="0" devices="tripinfo_flow_ws_car.14 fcd_flow_ws_car.14" vType="car" speedFactor="1.03" vaporized=""/>
    <tripinfo id="flow_nw_car.14" depart="170.00" departLane="n_t_0" departPos="5.10" departSpeed="13.48" departDelay="0.59" arrival="202.00" arrivalLane="t_w_0" arrivalPos="186.40" arrivalSpeed="13.35" duration="32.00" routeLength="376.73" waitingTime="0.00" waitingCount="0" stopTime="0.00" timeLoss="2.78" rerouteNo="0" devices="tripinfo_flow_nw_car.14 fcd_flow_nw_car.14" vType="car" speedFactor="0.97" vaporized=""/>
    <tripinfo id="flow_en_car.14" depart="170.00" departLane="e_t_0" departPos="5.10" departSpeed="12.86" departDelay="0.59" arrival="203.00" arrivalLane="t_n_0" arrivalPos="186.40" arrivalSpeed="11.78" duration="33.00" routeLength="376.73" waitingTime="0.00" waitingCount="0" stopTime="0.00" timeLoss="3.16" rerouteNo="0" devices="tripinfo_flow_en_car.14 fcd_flow_en_car.14" vType="car" speedFactor="0.93" vaporized=""/>
    <tripinfo id="flow_se_car.14" depart="170.00" departLane="s_t_0" departPos="5.10" departSpeed="12.33" departDelay="0.59" arrival="205.00" arrivalLane="t_e_0" arrivalPos="186.40" arrivalSpeed="11.43" duration="35.00" routeLength="376.73" waitingTime="0.00" waitingCount="0" stopTime="0.00" timeLoss="3.66" rerouteNo="0" devices="tripinfo_flow_se_car.14 fcd_flow_se_car.14" vType="car" speedFactor="0.89" vaporized=""/>
    <tripinfo id="flow_sw_car.14" depart="170.00" departLane="s_t_2" departPos="5.10" departSpeed="12.49" departDelay="0.59" arrival="206.00" arrivalLane="t_w_2" arrivalPos="186.40" arrivalSpeed="11.25" duration="36.00" routeLength="392.21" waitingTime="0.00" waitingCount="0" stopTime="0.00" timeLoss="3.29" rerouteNo="0" devices="tripinfo_flow_sw_car.14 fcd_flow_sw_car.14" vType="car" speedFactor="0.90" vaporized=""/>
    <tripinfo id="flow_sw_car.15" depart="182.00" departLane="s_t_2" departPos="5.10" departSpeed="14.80" departDelay="0.49" arrival="212.00" arrivalLane="t_w_2" arrivalPos="186.40" arrivalSpeed="14.58" duration="30.00" routeLength="392.21" waitingTime="0.00" waitingCount="0" stopTime="0.00" timeLoss="2.19" rerouteNo="0" devices="tripinfo_flow_sw_car.15 fcd_flow_sw_car.15" vType="car" speedFactor="1.07" vaporized=""/>
    <tripinfo id="flow_en_car.15" depart="182.00" departLane="e_t_0" departPos="5.10" departSpeed="14.46" departDelay="0.49" arrival="212.00" arrivalLane="t_n_0" arrivalPos="186.40" arrivalSpeed="13.46" duration="30.00" routeLength="376.73" waitingTime="0.00" waitingCount="0" stopTime="0.00" timeLoss="2.83" rerouteNo="0" devices="tripinfo_flow_en_car.15 fcd_flow_en_car.15" vType="car" speedFactor="1.04" vaporized=""/>
    <tripinfo id="flow_ne_car.15" depart="182.00" departLane="n_t_2" departPos="5.10" departSpeed="14.65" departDelay="0.49" arrival="213.00" arrivalLane="t_e_2" arrivalPos="186.40" arrivalSpeed="13.35" duration="31.00" routeLength="392.21" waitingTime="0.00" waitingCount="0" stopTime="0.00" timeLoss="3.33" rerouteNo="0" devices="tripinfo_flow_ne_car.15 fcd_flow_ne_car.15" vType="car" speedFactor="1.05" vaporized=""/>
    <tripinfo id="flow_se_car.15" depart="182.00" departLane="s_t_0" departPos="5.10" departSpeed="14.22" departDelay="0.49" arrival="213.00" arrivalLane="t_e_0" arrivalPos="186.40" arrivalSpeed="13.54" duration="31.00" routeLength="376.73" waitingTime="0.00" waitingCount="0" stopTime="0.00" timeLoss="3.25" rerouteNo="0" devices="tripinfo_flow_se_car.15 fcd_flow_se_car.15" vType="car" speedFactor="1.02" vaporized=""/>
    <tripinfo id="flow_nw_car.15" depart="182.00" departLane="n_t_0" departPos="5.10" departSpeed="12.98" departDelay="0.49" arrival="215.00" arrivalLane="t_w_0" arrivalPos="186.40" arrivalSpeed="12.91" duration="33.00" routeLength="376.73" waitingTime="0.00" waitingCount="0" stopTime="0.00" timeLoss="3.51" rerouteNo="0" devices="tripinfo_flow_nw_car.15 fcd_flow_nw_car.15" vType="car" speedFactor="0.93" vaporized=""/>
    <tripinfo id="flow_ws_car.15" depart="182.00" departLane="w_t_0" departPos="5.10" departSpeed="13.22" departDelay="0.49" arrival="215.00" arrivalLane="t_s_0" arrivalPos="186.40" arrivalSpeed="12.01" duration="33.00" routeLength="376.73" waitingTime="0.00" waitingCount="0" stopTime="0.00" timeLoss="3.43" rerouteNo="0" devices="tripinfo_flow_ws_car.15 fcd_flow_ws_car.15" vType="car" speedFactor="0.95" vaporized=""/>
